Student_ID,Gender,Age,Major,Attendance_Pct,Study_Hours_Per_Day,Previous_CGPA,Sleep_Hours,Social_Hours_Week,Final_CGPA,Grade,Risk_Level
ID00001,Male,20,Engineering,83.9,4.4,2.65,9.1,8,2.78,B,Low Risk
ID00002,Female,24,Business,80.7,4.0,3.58,4.0,4,3.76,A+,Low Risk
ID00003,Female,20,Mathematics,91.5,3.9,3.29,6.7,4,3.75,A+,Low Risk
ID00004,Female,23,Engineering,73.9,8.8,3.48,4.0,6,3.69,A,Low Risk
ID00005,Male,21,Economics,79.8,2.2,2.66,8.7,6,2.34,C+,Medium Risk
ID00006,Male,20,Business,86.8,3.5,2.16,7.0,7,2.41,C+,Medium Risk
ID00007,Male,22,Mathematics,77.5,3.6,2.66,8.7,5,2.69,C+,Low Risk
ID00008,Female,20,Psychology,95.0,4.7,3.44,7.4,4,3.76,A+,Low Risk
ID00009,Female,22,Computer Science,100.0,4.3,4.0,5.0,12,4.0,A+,Low Risk
ID00010,Female,24,Economics,73.7,4.1,2.89,5.5,3,3.01,B+,Medium Risk
ID00011,Male,20,Business,60.0,2.2,4.0,6.8,14,4.0,A+,Medium Risk
ID00012,Female,22,Computer Science,55.0,4.3,3.51,7.9,4,3.38,A,Medium Risk
ID00013,Female,20,Psychology,82.7,6.0,2.4,7.1,9,2.75,B,Medium Risk
ID00014,Male,24,Engineering,75.1,4.8,3.21,7.3,6,3.2,B+,Low Risk
ID00015,Male,20,Engineering,88.1,2.1,3.53,6.5,10,3.71,A+,Low Risk
ID00016,Male,19,Mathematics,87.0,4.5,1.89,8.7,11,2.03,C,Medium Risk
ID00017,Male,22,Business,61.0,4.3,3.42,7.2,8,3.36,A,Low Risk
ID00018,Male,24,Business,57.8,3.4,3.69,7.1,14,3.31,A,Medium Risk
ID00019,Male,22,Mathematics,89.4,4.8,3.3,7.4,8,3.75,A+,Low Risk
ID00020,Male,22,Computer Science,87.0,2.9,3.07,6.4,11,3.41,A,Low Risk
ID00021,Female,18,Engineering,78.6,6.2,3.01,6.5,7,3.11,B+,Low Risk
ID00022,Male,24,Engineering,60.1,11.0,2.98,7.7,7,3.26,B+,Medium Risk
ID00023,Male,20,Business,92.1,6.5,2.51,8.2,8,2.93,B,Low Risk
ID00024,Male,22,Business,100.0,2.6,2.76,8.3,6,2.79,B,Medium Risk
ID00025,Male,23,Mathematics,89.2,6.0,2.89,6.7,4,3.2,B+,Low Risk
ID00026,Female,18,Psychology,72.3,6.8,3.16,7.2,12,3.3,A,Low Risk
ID00027,Male,19,Computer Science,85.7,5.2,2.82,6.1,9,3.26,B+,Low Risk
ID00028,Male,22,Economics,64.5,5.6,2.67,8.2,5,2.79,B,Medium Risk
ID00029,Female,22,Psychology,100.0,4.0,3.48,5.6,9,3.8,A+,Low Risk
ID00030,Male,18,Psychology,86.2,1.9,3.29,7.3,7,3.49,A,Low Risk
ID00031,Female,20,Business,58.5,3.9,2.83,8.3,6,2.54,C+,Medium Risk
ID00032,Male,23,Business,80.5,2.3,3.35,7.2,7,3.5,A,Low Risk
ID00033,Male,19,Business,91.9,3.7,2.87,7.5,8,3.2,B+,Low Risk
ID00034,Female,22,Psychology,80.0,3.0,3.13,6.6,10,3.48,A,Low Risk
ID00035,Female,20,Computer Science,80.9,2.2,3.59,4.2,10,3.85,A+,Low Risk
ID00036,Female,24,Business,66.6,8.6,2.8,6.0,7,2.91,B,Medium Risk
ID00037,Male,23,Engineering,93.5,4.2,2.51,7.1,7,2.71,B,Low Risk
ID00038,Male,24,Computer Science,75.3,3.1,3.03,6.0,4,2.86,B,Low Risk
ID00039,Female,23,Engineering,52.7,1.4,2.42,7.7,7,2.06,C,High Risk
ID00040,Male,19,Computer Science,79.4,6.6,2.96,4.8,4,3.07,B+,Low Risk
ID00041,Male,21,Business,99.7,4.8,2.96,4.1,10,3.05,B+,Low Risk
ID00042,Male,23,Economics,79.2,11.9,1.87,8.0,9,2.38,C+,Medium Risk
ID00043,Male,21,Mathematics,100.0,2.7,3.37,6.5,7,3.76,A+,Low Risk
ID00044,Female,24,Business,91.4,8.2,3.01,7.5,10,3.42,A,Low Risk
ID00045,Male,23,Psychology,90.1,3.9,3.69,6.2,4,3.97,A+,Low Risk
ID00046,Female,19,Economics,83.1,2.4,3.21,7.8,8,3.62,A,Low Risk
ID00047,Male,18,Psychology,84.0,3.3,3.47,9.0,8,3.76,A+,Low Risk
ID00048,Male,19,Computer Science,81.0,4.5,3.7,9.1,5,3.9,A+,Low Risk
ID00049,Male,19,Psychology,80.5,3.1,3.03,6.0,7,3.43,A,Low Risk
ID00050,Male,18,Economics,93.0,2.0,3.1,6.4,9,3.5,A,Low Risk
ID00051,Female,18,Economics,71.0,2.4,2.31,7.3,6,2.2,C,High Risk
ID00052,Female,20,Business,68.9,5.7,3.72,9.8,12,3.83,A+,Low Risk
ID00053,Female,23,Engineering,68.2,2.2,3.03,5.3,10,2.73,B,Medium Risk
ID00054,Female,24,Business,100.0,2.9,2.6,5.3,11,2.62,C+,Medium Risk
ID00055,Female,20,Computer Science,93.0,2.2,3.47,8.3,7,3.66,A,Low Risk
ID00056,Female,18,Psychology,89.6,4.9,2.01,6.0,7,2.4,C+,Medium Risk
ID00057,Male,21,Engineering,69.1,14.0,2.89,8.0,7,3.56,A,Medium Risk
ID00058,Male,24,Mathematics,94.4,5.6,3.55,6.1,9,4.0,A+,Low Risk
ID00059,Male,21,Economics,83.3,2.6,2.88,7.5,5,3.07,B+,Medium Risk
ID00060,Male,19,Engineering,88.2,4.9,2.74,6.2,8,3.14,B+,Low Risk
ID00061,Male,22,Engineering,70.4,2.7,2.89,5.5,9,2.88,B,Medium Risk
ID00062,Male,19,Business,87.4,4.7,2.1,7.2,2,2.39,C+,Medium Risk
ID00063,Female,19,Mathematics,78.6,9.1,3.46,5.2,8,3.61,A,Low Risk
ID00064,Male,22,Economics,73.5,4.1,3.04,7.7,4,2.92,B,Low Risk
ID00065,Male,23,Computer Science,96.0,5.1,2.96,6.6,16,2.92,B,Low Risk
ID00066,Male,18,Computer Science,61.9,4.2,2.97,5.0,6,2.97,B,Medium Risk
ID00067,Male,21,Engineering,93.5,7.0,3.11,7.4,13,3.61,A,Low Risk
ID00068,Female,19,Engineering,95.3,6.1,3.43,7.4,7,3.75,A+,Low Risk
ID00069,Male,22,Psychology,71.8,3.4,3.07,4.0,6,2.79,B,Low Risk
ID00070,Female,20,Mathematics,72.7,6.1,2.42,6.9,6,2.44,C+,Medium Risk
ID00071,Female,19,Economics,81.7,4.7,3.39,7.0,2,3.87,A+,Low Risk
ID00072,Male,21,Engineering,89.2,3.2,3.35,7.1,9,3.5,A,Low Risk
ID00073,Male,18,Psychology,82.7,3.3,3.2,4.3,5,3.38,A,Low Risk
ID00074,Female,19,Mathematics,91.5,4.6,3.64,7.5,4,3.92,A+,Low Risk
ID00075,Female,19,Economics,100.0,5.1,3.12,7.8,6,3.54,A,Low Risk
ID00076,Female,23,Computer Science,77.4,3.8,3.66,5.6,9,3.6,A,Low Risk
ID00077,Female,22,Psychology,59.3,5.1,3.8,4.9,4,3.7,A+,Medium Risk
ID00078,Male,20,Mathematics,97.4,2.6,3.39,5.5,5,3.68,A,Low Risk
ID00079,Male,20,Psychology,100.0,2.1,2.73,7.2,7,3.16,B+,Medium Risk
ID00080,Male,24,Engineering,90.9,1.5,3.03,5.1,6,3.19,B+,Low Risk
ID00081,Female,18,Business,68.7,5.6,3.72,5.0,6,3.85,A+,Low Risk
ID00082,Female,24,Computer Science,83.1,1.5,2.35,10.0,17,2.33,C+,Medium Risk
ID00083,Male,21,Engineering,68.2,5.1,2.9,7.0,6,2.82,B,Medium Risk
ID00084,Male,18,Engineering,94.6,3.1,2.93,6.5,13,3.4,A,Low Risk
ID00085,Male,19,Mathematics,64.7,3.5,2.67,6.0,6,2.58,C+,Medium Risk
ID00086,Male,19,Psychology,80.5,3.5,3.54,6.4,8,3.95,A+,Low Risk
ID00087,Female,20,Computer Science,69.9,13.7,3.29,9.7,10,3.83,A+,Low Risk
ID00088,Female,21,Engineering,86.9,2.9,2.74,8.2,6,2.78,B,Medium Risk
ID00089,Female,22,Mathematics,79.5,2.3,3.4,10.0,12,3.45,A,Low Risk
ID00090,Male,21,Computer Science,87.7,10.7,3.02,7.6,9,3.88,A+,Low Risk
ID00091,Male,19,Psychology,85.3,1.7,2.65,5.6,8,2.85,B,Medium Risk
ID00092,Female,22,Engineering,70.2,1.9,2.74,7.4,1,2.55,C+,Medium Risk
ID00093,Female,21,Economics,94.4,6.7,3.32,7.8,6,3.83,A+,Low Risk
ID00094,Female,21,Engineering,84.3,5.2,3.57,7.9,2,3.92,A+,Low Risk
ID00095,Female,22,Engineering,70.2,3.3,2.86,6.3,12,3.05,B+,Medium Risk
ID00096,Male,19,Computer Science,100.0,2.2,3.37,9.7,10,3.49,A,Low Risk
ID00097,Male,21,Computer Science,92.1,1.0,3.89,5.1,8,4.0,A+,Medium Risk
ID00098,Male,22,Computer Science,82.7,9.4,2.47,7.5,10,3.14,B+,Medium Risk
ID00099,Male,23,Computer Science,100.0,6.1,3.28,6.6,5,3.64,A,Low Risk
ID00100,Male,23,Mathematics,100.0,8.9,3.52,5.8,9,4.0,A+,Low Risk
ID00101,Male,19,Business,82.8,7.4,3.05,7.4,10,3.53,A,Low Risk
ID00102,Female,22,Mathematics,90.2,5.4,3.72,8.9,8,3.99,A+,Low Risk
ID00103,Male,23,Engineering,70.2,2.9,4.0,7.6,16,3.84,A+,Medium Risk
ID00104,Male,22,Mathematics,82.8,2.2,3.27,7.4,6,3.39,A,Low Risk
ID00105,Female,21,Psychology,82.0,7.8,2.98,4.0,9,3.38,A,Low Risk
ID00106,Male,19,Economics,87.8,3.1,3.59,8.4,8,3.6,A,Low Risk
ID00107,Male,23,Computer Science,90.0,2.2,3.52,6.4,11,3.68,A,Low Risk
ID00108,Female,24,Psychology,93.4,2.7,1.84,7.8,7,2.17,C,High Risk
ID00109,Male,21,Economics,88.6,8.1,3.1,8.4,11,3.39,A,Low Risk
ID00110,Male,24,Psychology,66.8,2.4,2.9,7.3,15,2.78,B,Medium Risk
ID00111,Male,24,Engineering,70.9,3.3,3.3,4.0,11,3.37,A,Low Risk
ID00112,Male,18,Computer Science,76.8,3.9,3.0,9.1,5,3.02,B+,Low Risk
ID00113,Female,18,Psychology,80.8,4.7,3.06,9.7,8,3.17,B+,Low Risk
ID00114,Female,19,Engineering,100.0,2.3,2.67,8.2,9,3.03,B+,Medium Risk
ID00115,Female,23,Computer Science,67.6,3.8,3.47,5.9,6,3.59,A,Low Risk
ID00116,Female,23,Business,79.6,6.8,3.93,8.8,8,3.88,A+,Low Risk
ID00117,Female,23,Engineering,99.3,11.9,2.68,6.6,12,3.59,A,Low Risk
ID00118,Male,22,Mathematics,80.5,2.0,2.4,6.9,5,2.67,C+,Medium Risk
ID00119,Female,21,Computer Science,91.9,2.2,3.11,8.8,5,3.44,A,Low Risk
ID00120,Male,23,Psychology,82.9,2.4,3.09,8.0,6,3.55,A,Low Risk
ID00121,Female,21,Economics,88.9,5.9,3.69,4.0,9,4.0,A+,Low Risk
ID00122,Female,19,Psychology,81.6,2.1,2.49,7.3,8,2.66,C+,Medium Risk
ID00123,Male,24,Mathematics,95.0,3.7,2.83,8.8,8,3.23,B+,Low Risk
ID00124,Male,23,Mathematics,61.8,3.5,2.03,5.0,6,1.98,D,High Risk
ID00125,Male,19,Psychology,79.6,12.5,3.79,8.5,11,4.0,A+,Low Risk
ID00126,Male,23,Economics,89.4,2.9,3.23,4.5,4,3.41,A,Low Risk
ID00127,Female,18,Computer Science,93.0,2.8,2.87,6.7,8,3.12,B+,Medium Risk
ID00128,Female,20,Engineering,100.0,5.9,2.44,7.8,6,3.06,B+,Medium Risk
ID00129,Male,19,Mathematics,79.1,4.9,2.48,6.6,6,2.7,B,Medium Risk
ID00130,Male,23,Mathematics,100.0,2.7,3.31,8.8,11,3.31,A,Low Risk
ID00131,Male,20,Mathematics,75.1,8.4,2.55,4.9,3,2.52,C+,Low Risk
ID00132,Male,19,Economics,100.0,1.6,3.15,8.2,10,3.11,B+,Low Risk
ID00133,Male,22,Business,97.3,4.0,4.0,7.1,9,4.0,A+,Low Risk
ID00134,Male,23,Economics,71.3,3.4,2.93,5.7,4,2.98,B,Medium Risk
ID00135,Female,22,Computer Science,89.6,3.8,2.62,7.7,13,2.97,B,Low Risk
ID00136,Male,18,Computer Science,84.2,2.7,3.29,6.9,7,3.59,A,Low Risk
ID00137,Male,23,Computer Science,94.4,3.8,2.49,9.2,11,2.63,C+,Medium Risk
ID00138,Female,24,Computer Science,81.7,4.6,3.96,7.9,6,4.0,A+,Low Risk
ID00139,Male,18,Computer Science,80.4,0.7,3.8,7.6,9,3.89,A+,Medium Risk
ID00140,Female,20,Psychology,100.0,3.1,3.02,6.0,5,3.23,B+,Low Risk
ID00141,Female,19,Mathematics,83.5,2.5,2.65,7.2,6,2.88,B,Medium Risk
ID00142,Male,21,Economics,97.4,10.3,2.89,6.1,7,3.37,A,Low Risk
ID00143,Male,18,Psychology,81.6,5.3,2.95,6.9,5,3.55,A,Low Risk
ID00144,Male,21,Economics,100.0,2.4,3.29,8.9,11,3.63,A,Low Risk
ID00145,Male,21,Business,74.8,3.0,3.62,6.6,6,3.74,A+,Low Risk
ID00146,Male,19,Engineering,75.8,3.4,2.58,4.8,9,2.53,C+,Low Risk
ID00147,Female,20,Mathematics,100.0,2.9,3.61,7.7,10,4.0,A+,Low Risk
ID00148,Male,19,Business,78.3,5.5,3.41,8.2,9,3.62,A,Low Risk
ID00149,Male,23,Psychology,100.0,9.3,2.85,9.4,11,3.28,B+,Low Risk
ID00150,Male,18,Engineering,98.4,0.4,2.56,8.3,10,2.58,C+,Medium Risk
ID00151,Female,21,Business,82.7,3.3,3.16,6.6,8,3.57,A,Low Risk
ID00152,Male,19,Economics,57.8,11.9,2.57,7.4,15,2.77,B,Medium Risk
ID00153,Male,19,Engineering,84.7,3.4,3.61,7.6,3,4.0,A+,Low Risk
ID00154,Male,19,Economics,86.5,4.7,2.54,7.7,8,2.86,B,Low Risk
ID00155,Female,18,Business,100.0,0.8,3.37,4.0,7,3.38,A,Medium Risk
ID00156,Male,20,Psychology,100.0,8.3,3.06,6.1,6,3.66,A,Low Risk
ID00157,Female,24,Economics,74.7,2.0,2.82,7.7,4,2.63,C+,Medium Risk
ID00158,Female,19,Engineering,97.0,5.2,3.05,8.6,8,3.18,B+,Low Risk
ID00159,Male,18,Business,96.5,2.2,3.64,6.0,9,3.8,A+,Low Risk
ID00160,Female,21,Economics,100.0,0.5,2.5,6.4,3,2.54,C+,Medium Risk
ID00161,Male,23,Psychology,92.5,4.9,2.89,6.6,7,3.09,B+,Low Risk
ID00162,Female,24,Mathematics,55.9,6.2,2.72,6.8,7,2.69,C+,Medium Risk
ID00163,Female,22,Psychology,82.7,3.9,3.08,8.3,9,3.34,A,Low Risk
ID00164,Male,24,Psychology,67.7,1.8,2.76,5.9,10,2.67,C+,Medium Risk
ID00165,Male,24,Mathematics,82.0,13.2,2.22,8.3,8,2.8,B,Medium Risk
ID00166,Female,18,Psychology,99.7,6.0,2.57,9.1,9,2.82,B,Low Risk
ID00167,Male,22,Mathematics,89.6,4.5,3.92,6.4,5,4.0,A+,Low Risk
ID00168,Male,19,Mathematics,100.0,7.6,3.22,6.4,4,3.95,A+,Low Risk
ID00169,Male,19,Economics,90.1,2.9,3.21,7.2,11,3.35,A,Low Risk
ID00170,Female,24,Economics,65.5,10.9,2.96,6.1,6,3.19,B+,Medium Risk
ID00171,Female,18,Mathematics,47.2,6.1,3.07,6.9,7,2.97,B,Medium Risk
ID00172,Male,22,Business,87.2,7.2,2.89,4.8,5,3.23,B+,Low Risk
ID00173,Male,19,Engineering,81.8,3.3,3.36,8.3,6,3.73,A+,Low Risk
ID00174,Male,21,Business,70.3,2.0,3.15,9.5,10,3.13,B+,Medium Risk
ID00175,Female,20,Mathematics,59.5,4.5,2.51,6.0,2,2.43,C+,High Risk
ID00176,Male,20,Engineering,74.0,3.0,3.23,4.5,7,3.22,B+,Low Risk
ID00177,Female,19,Economics,82.1,11.6,1.87,8.4,14,2.35,C+,Medium Risk
ID00178,Male,22,Engineering,95.0,1.6,3.31,6.4,3,3.37,A,Low Risk
ID00179,Female,23,Mathematics,87.8,8.7,2.4,6.0,11,2.81,B,Medium Risk
ID00180,Male,19,Economics,100.0,1.2,3.05,6.8,5,3.38,A,Medium Risk
ID00181,Male,23,Engineering,69.5,2.2,2.5,5.2,8,2.42,C+,Medium Risk
ID00182,Male,23,Engineering,98.2,1.2,3.1,7.7,5,3.5,A,Medium Risk
ID00183,Female,22,Business,85.7,2.9,3.39,5.1,10,3.64,A,Low Risk
ID00184,Female,23,Engineering,95.4,3.6,3.85,5.2,10,3.98,A+,Low Risk
ID00185,Male,21,Mathematics,78.5,2.7,2.33,5.2,12,2.05,C,Medium Risk
ID00186,Female,22,Computer Science,100.0,5.2,3.59,7.2,6,3.95,A+,Low Risk
ID00187,Female,19,Computer Science,89.4,3.6,3.17,4.3,7,3.28,B+,Low Risk
ID00188,Female,24,Computer Science,74.8,0.9,2.87,10.0,11,2.72,B,Medium Risk
ID00189,Male,21,Mathematics,84.8,2.1,3.48,6.4,4,3.57,A,Low Risk
ID00190,Male,18,Computer Science,81.4,3.3,2.98,4.0,9,3.3,A,Low Risk
ID00191,Male,20,Business,92.3,7.4,3.46,5.4,12,3.96,A+,Low Risk
ID00192,Female,19,Mathematics,67.3,4.3,2.6,7.9,11,2.76,B,Medium Risk
ID00193,Female,19,Economics,84.6,3.0,2.78,9.0,10,3.17,B+,Low Risk
ID00194,Female,19,Mathematics,90.9,1.5,3.57,7.2,5,3.86,A+,Low Risk
ID00195,Male,21,Mathematics,85.5,4.5,3.84,7.1,5,4.0,A+,Low Risk
ID00196,Male,18,Engineering,100.0,8.4,3.08,4.7,9,3.38,A,Low Risk
ID00197,Female,24,Engineering,96.6,3.4,1.71,9.2,11,2.11,C,Medium Risk
ID00198,Female,22,Engineering,84.9,2.3,3.0,7.8,10,3.15,B+,Low Risk
ID00199,Female,18,Psychology,88.3,5.6,3.12,7.5,10,3.55,A,Low Risk
ID00200,Female,21,Business,89.4,7.6,2.98,7.0,11,3.69,A,Low Risk
ID00201,Female,19,Mathematics,91.0,3.6,3.27,7.8,6,3.47,A,Low Risk
ID00202,Male,20,Mathematics,57.6,6.0,2.86,5.8,7,2.42,C+,High Risk
ID00203,Male,19,Engineering,80.5,3.1,3.52,8.4,9,3.64,A,Low Risk
ID00204,Female,22,Mathematics,62.7,6.2,2.52,8.2,3,2.44,C+,Medium Risk
ID00205,Female,23,Economics,100.0,8.6,3.72,6.9,10,4.0,A+,Low Risk
ID00206,Male,20,Mathematics,84.1,6.7,3.88,6.6,3,4.0,A+,Low Risk
ID00207,Male,19,Computer Science,82.1,5.5,2.64,4.0,8,2.79,B,Low Risk
ID00208,Female,24,Economics,98.5,10.2,2.64,4.4,5,3.36,A,Low Risk
ID00209,Male,20,Economics,91.3,3.5,3.31,7.8,13,3.45,A,Low Risk
ID00210,Male,23,Mathematics,68.1,5.5,2.51,8.4,15,2.44,C+,Medium Risk
ID00211,Male,18,Psychology,83.9,3.5,2.85,8.6,7,2.97,B,Low Risk
ID00212,Female,21,Engineering,80.0,5.5,3.65,5.0,5,3.78,A+,Low Risk
ID00213,Female,19,Business,58.8,6.1,3.47,10.0,10,3.09,B+,Medium Risk
ID00214,Male,22,Business,74.6,7.0,4.0,8.5,7,4.0,A+,Low Risk
ID00215,Female,18,Computer Science,82.2,4.2,3.19,6.1,6,3.37,A,Low Risk
ID00216,Male,19,Business,83.3,1.1,2.79,7.2,6,2.8,B,Medium Risk
ID00217,Male,18,Business,62.8,3.6,3.13,4.5,6,3.11,B+,Low Risk
ID00218,Female,22,Engineering,100.0,5.9,3.02,6.1,11,3.3,A,Low Risk
ID00219,Female,19,Engineering,83.5,4.9,3.03,7.8,9,3.37,A,Low Risk
ID00220,Female,23,Psychology,85.6,5.3,3.09,7.1,14,3.31,A,Low Risk
ID00221,Female,23,Computer Science,91.0,6.3,2.63,9.6,14,2.94,B,Low Risk
ID00222,Female,22,Business,73.2,1.9,3.24,4.8,9,3.01,B+,Medium Risk
ID00223,Male,20,Psychology,91.8,6.5,2.4,6.8,4,2.92,B,Medium Risk
ID00224,Male,22,Computer Science,79.5,10.5,2.74,5.3,10,3.01,B+,Low Risk
ID00225,Male,20,Economics,71.6,3.3,3.04,9.3,8,3.03,B+,Low Risk
ID00226,Male,19,Business,93.6,7.0,1.97,7.4,9,2.64,C+,Medium Risk
ID00227,Female,20,Business,100.0,4.3,3.48,7.0,10,3.96,A+,Low Risk
ID00228,Male,19,Engineering,95.9,5.2,2.07,6.8,9,2.65,C+,Medium Risk
ID00229,Female,19,Mathematics,98.8,6.7,3.43,5.7,12,3.64,A,Low Risk
ID00230,Female,24,Computer Science,77.2,4.9,2.45,8.8,4,2.64,C+,Medium Risk
ID00231,Female,21,Business,61.0,3.1,2.9,7.3,16,2.53,C+,Medium Risk
ID00232,Male,19,Computer Science,100.0,5.0,3.36,7.4,3,3.67,A,Low Risk
ID00233,Female,20,Psychology,100.0,2.3,4.0,7.9,3,4.0,A+,Low Risk
ID00234,Male,21,Psychology,100.0,1.5,3.16,5.7,11,3.4,A,Low Risk
ID00235,Male,21,Mathematics,80.0,0.8,2.11,10.0,3,2.38,C+,High Risk
ID00236,Female,19,Business,67.7,8.9,3.58,9.4,10,3.8,A+,Low Risk
ID00237,Male,22,Engineering,69.0,5.4,2.98,6.9,8,2.96,B,Medium Risk
ID00238,Male,22,Business,59.7,6.1,3.13,6.5,7,2.87,B,Medium Risk
ID00239,Female,23,Computer Science,83.4,4.7,3.38,8.0,12,3.73,A+,Low Risk
ID00240,Male,21,Economics,100.0,1.2,1.99,8.7,5,2.05,C,High Risk
ID00241,Female,19,Psychology,82.9,8.6,3.1,9.6,7,3.48,A,Low Risk
ID00242,Female,24,Computer Science,89.5,3.1,2.9,8.0,7,3.35,A,Low Risk
ID00243,Female,22,Mathematics,100.0,0.8,3.71,7.2,12,3.81,A+,Medium Risk
ID00244,Male,24,Psychology,78.9,3.5,3.46,7.2,8,3.52,A,Low Risk
ID00245,Male,19,Engineering,100.0,8.0,2.29,4.2,17,2.43,C+,Medium Risk
ID00246,Female,19,Psychology,100.0,2.3,3.73,6.4,9,4.0,A+,Low Risk
ID00247,Male,21,Economics,83.0,3.4,3.32,7.5,9,3.69,A,Low Risk
ID00248,Female,24,Business,76.3,3.2,2.33,4.0,9,2.17,C,Medium Risk
ID00249,Female,23,Economics,95.5,2.2,3.13,7.3,7,3.45,A,Low Risk
ID00250,Female,21,Economics,79.8,4.4,3.62,5.8,5,3.52,A,Low Risk
ID00251,Male,18,Business,67.7,2.4,2.49,9.4,6,2.2,C,High Risk
ID00252,Male,24,Psychology,100.0,8.8,3.79,6.6,8,4.0,A+,Low Risk
ID00253,Female,22,Mathematics,100.0,1.4,2.34,6.6,11,2.7,B,Medium Risk
ID00254,Male,22,Business,87.3,1.8,2.7,6.8,7,3.1,B+,Medium Risk
ID00255,Male,22,Business,66.1,3.4,2.63,7.0,14,2.67,C+,Medium Risk
ID00256,Female,20,Engineering,66.6,4.1,3.79,8.2,10,3.82,A+,Low Risk
ID00257,Female,19,Psychology,86.6,2.7,2.85,6.5,9,3.18,B+,Medium Risk
ID00258,Female,21,Business,77.5,6.3,2.52,7.0,9,2.81,B,Low Risk
ID00259,Female,22,Mathematics,79.9,3.6,3.32,8.2,10,3.09,B+,Low Risk
ID00260,Male,18,Computer Science,100.0,5.6,3.43,7.0,6,3.82,A+,Low Risk
ID00261,Female,22,Psychology,96.0,8.5,3.43,8.0,9,3.91,A+,Low Risk
ID00262,Female,23,Engineering,100.0,10.1,2.96,6.3,10,3.42,A,Low Risk
ID00263,Male,19,Economics,70.1,3.4,3.23,7.5,3,3.38,A,Low Risk
ID00264,Male,24,Business,79.9,4.3,2.77,9.0,12,2.59,C+,Low Risk
ID00265,Female,19,Mathematics,96.4,4.9,3.94,7.9,8,4.0,A+,Low Risk
ID00266,Female,24,Psychology,91.7,3.5,3.67,4.2,9,4.0,A+,Low Risk
ID00267,Female,24,Mathematics,100.0,2.1,3.64,7.8,12,3.98,A+,Low Risk
ID00268,Female,21,Mathematics,91.3,7.3,3.5,5.3,12,3.94,A+,Low Risk
ID00269,Male,20,Economics,100.0,2.1,3.36,5.6,4,3.44,A,Low Risk
ID00270,Male,24,Engineering,93.1,7.7,2.48,7.7,5,3.02,B+,Medium Risk
ID00271,Female,24,Psychology,100.0,5.3,3.42,5.5,5,3.56,A,Low Risk
ID00272,Female,21,Business,80.1,4.8,3.16,5.3,8,3.54,A,Low Risk
ID00273,Female,22,Engineering,85.2,2.5,3.73,7.0,12,3.9,A+,Low Risk
ID00274,Female,23,Business,98.7,1.0,3.5,6.1,4,3.69,A,Medium Risk
ID00275,Male,18,Computer Science,100.0,7.2,3.38,4.6,7,3.63,A,Low Risk
ID00276,Male,21,Mathematics,95.9,2.5,2.26,7.8,6,2.62,C+,Medium Risk
ID00277,Female,20,Computer Science,83.8,5.5,3.06,8.5,9,3.54,A,Low Risk
ID00278,Female,21,Mathematics,100.0,5.7,2.82,8.4,5,3.14,B+,Low Risk
ID00279,Female,19,Economics,52.1,4.1,3.23,5.7,11,2.72,B,Medium Risk
ID00280,Female,22,Engineering,63.7,4.8,2.89,7.6,6,3.16,B+,Medium Risk
ID00281,Female,22,Business,95.2,5.3,2.96,6.3,11,3.35,A,Low Risk
ID00282,Male,24,Economics,85.2,4.6,3.33,5.1,3,3.44,A,Low Risk
ID00283,Male,22,Business,94.1,2.4,2.88,5.9,6,2.93,B,Medium Risk
ID00284,Male,22,Engineering,86.0,1.4,3.16,4.0,7,3.13,B+,Medium Risk
ID00285,Female,22,Psychology,93.6,2.7,2.34,5.4,7,2.4,C+,Medium Risk
ID00286,Male,22,Computer Science,72.8,3.2,2.68,4.8,9,2.45,C+,Medium Risk
ID00287,Male,18,Computer Science,93.6,8.7,3.43,7.3,8,4.0,A+,Low Risk
ID00288,Male,20,Business,99.9,1.8,2.48,7.4,10,2.6,C+,Medium Risk
ID00289,Male,24,Business,100.0,9.4,3.72,4.5,4,4.0,A+,Low Risk
ID00290,Female,22,Business,100.0,11.1,3.59,8.2,5,4.0,A+,Low Risk
ID00291,Male,24,Engineering,88.7,2.7,2.97,6.1,4,3.33,A,Medium Risk
ID00292,Male,20,Psychology,89.1,10.9,4.0,5.4,4,4.0,A+,Low Risk
ID00293,Female,23,Computer Science,62.2,3.7,3.72,4.3,7,3.84,A+,Low Risk
ID00294,Male,22,Economics,77.0,3.4,2.63,5.8,6,2.58,C+,Low Risk
ID00295,Male,24,Mathematics,82.1,8.7,3.47,6.8,7,4.0,A+,Low Risk
ID00296,Male,21,Engineering,100.0,4.7,3.13,8.5,8,3.37,A,Low Risk
ID00297,Female,24,Computer Science,75.8,4.3,2.71,6.8,12,2.75,B,Low Risk
ID00298,Male,22,Psychology,96.9,2.7,2.57,6.5,9,2.7,B,Medium Risk
ID00299,Female,19,Engineering,85.0,2.8,3.6,7.9,2,3.96,A+,Low Risk
ID00300,Male,18,Economics,82.3,4.3,2.8,7.2,6,3.07,B+,Low Risk
ID00301,Male,21,Computer Science,88.7,8.7,3.05,4.7,10,3.37,A,Low Risk
ID00302,Male,21,Engineering,79.1,1.8,2.64,6.3,12,2.42,C+,Medium Risk
ID00303,Male,19,Computer Science,78.6,3.9,2.73,6.1,4,2.86,B,Low Risk
ID00304,Female,22,Computer Science,59.4,1.6,3.04,6.8,6,2.56,C+,Medium Risk
ID00305,Female,18,Psychology,81.3,2.6,3.29,6.3,10,3.68,A,Low Risk
ID00306,Female,21,Mathematics,77.8,6.0,1.81,5.8,9,2.02,C,Medium Risk
ID00307,Male,18,Psychology,77.3,2.3,3.11,9.2,5,2.91,B,Low Risk
ID00308,Male,21,Computer Science,91.3,7.5,2.73,6.9,9,3.37,A,Low Risk
ID00309,Female,22,Engineering,94.9,2.2,3.8,7.7,8,4.0,A+,Low Risk
ID00310,Male,23,Economics,88.5,2.9,4.0,6.8,10,4.0,A+,Low Risk
ID00311,Male,21,Psychology,99.9,1.1,2.92,8.2,3,2.95,B,Medium Risk
ID00312,Male,23,Mathematics,93.6,7.5,2.24,6.9,7,2.94,B,Medium Risk
ID00313,Male,21,Computer Science,80.6,6.9,3.16,8.5,7,3.75,A+,Low Risk
ID00314,Female,20,Economics,78.1,1.6,3.0,4.0,7,2.78,B,Low Risk
ID00315,Female,22,Psychology,89.7,3.4,4.0,7.1,14,4.0,A+,Low Risk
ID00316,Female,19,Psychology,93.6,3.2,3.93,7.4,7,4.0,A+,Low Risk
ID00317,Male,23,Psychology,100.0,3.0,3.53,7.5,7,3.86,A+,Low Risk
ID00318,Male,19,Psychology,100.0,11.2,2.81,5.4,8,3.62,A,Low Risk
ID00319,Male,22,Economics,76.9,3.0,3.44,5.9,5,3.46,A,Low Risk
ID00320,Male,24,Engineering,83.5,2.3,3.23,5.4,7,3.53,A,Low Risk
ID00321,Male,19,Mathematics,95.1,1.2,3.22,7.7,12,3.52,A,Medium Risk
ID00322,Female,22,Mathematics,100.0,2.4,2.32,8.4,4,2.43,C+,Medium Risk
ID00323,Female,19,Computer Science,99.1,8.7,3.63,4.5,4,4.0,A+,Low Risk
ID00324,Male,23,Business,84.0,4.6,3.15,7.3,10,3.52,A,Low Risk
ID00325,Female,20,Engineering,66.2,4.6,3.05,5.7,5,2.99,B,Low Risk
ID00326,Female,19,Computer Science,70.0,2.5,2.8,9.6,5,2.55,C+,Medium Risk
ID00327,Female,23,Computer Science,89.1,7.9,2.7,7.8,9,3.17,B+,Low Risk
ID00328,Female,21,Psychology,90.1,5.6,3.26,6.5,10,3.49,A,Low Risk
ID00329,Male,22,Business,68.5,3.1,2.23,6.8,8,2.3,C+,Medium Risk
ID00330,Male,18,Business,85.7,2.1,3.49,8.9,9,3.69,A,Low Risk
ID00331,Male,24,Engineering,94.5,3.9,2.57,7.1,8,2.88,B,Low Risk
ID00332,Female,18,Business,67.7,2.2,2.07,4.3,5,2.12,C,High Risk
ID00333,Male,22,Computer Science,100.0,3.6,4.0,9.3,6,4.0,A+,Low Risk
ID00334,Male,20,Business,79.3,4.4,2.67,8.2,18,2.24,C,Medium Risk
ID00335,Male,19,Business,100.0,2.6,2.74,6.2,9,2.97,B,Medium Risk
ID00336,Male,20,Mathematics,77.0,0.7,3.67,7.9,7,3.56,A,Medium Risk
ID00337,Female,18,Computer Science,69.6,5.2,4.0,6.1,6,4.0,A+,Low Risk
ID00338,Female,24,Economics,78.1,2.6,2.33,6.0,10,2.22,C,Medium Risk
ID00339,Male,23,Business,83.6,4.4,2.62,6.8,11,2.89,B,Low Risk
ID00340,Male,24,Business,79.2,3.7,2.66,7.9,4,2.61,C+,Low Risk
ID00341,Male,22,Psychology,81.8,10.1,3.57,7.7,8,4.0,A+,Low Risk
ID00342,Male,22,Business,90.0,4.1,3.92,8.4,14,4.0,A+,Low Risk
ID00343,Male,20,Business,82.4,6.8,2.56,7.7,9,3.0,B+,Low Risk
ID00344,Male,23,Mathematics,84.0,3.2,3.81,9.2,6,4.0,A+,Low Risk
ID00345,Male,20,Computer Science,59.4,2.2,2.75,9.6,4,2.18,C,High Risk
ID00346,Female,19,Engineering,90.9,5.3,3.27,7.5,8,3.74,A+,Low Risk
ID00347,Female,21,Computer Science,83.7,2.5,2.46,6.5,6,2.8,B,Medium Risk
ID00348,Male,23,Psychology,100.0,6.2,3.04,6.7,8,3.33,A,Low Risk
ID00349,Male,21,Computer Science,70.9,1.8,3.04,4.1,3,2.76,B,Medium Risk
ID00350,Female,24,Business,57.9,4.9,2.94,7.0,3,2.72,B,Medium Risk
ID00351,Male,19,Psychology,94.3,4.0,3.29,6.1,5,3.77,A+,Low Risk
ID00352,Female,21,Computer Science,90.2,9.0,2.6,5.9,10,3.19,B+,Low Risk
ID00353,Female,18,Psychology,69.9,5.2,2.66,6.9,5,2.92,B,Medium Risk
ID00354,Male,24,Engineering,62.1,3.7,3.32,4.0,6,3.4,A,Low Risk
ID00355,Male,21,Computer Science,100.0,6.4,3.77,6.7,13,4.0,A+,Low Risk
ID00356,Female,19,Economics,100.0,0.7,3.09,7.3,4,3.32,A,Medium Risk
ID00357,Male,21,Business,47.7,5.6,3.35,4.7,8,3.25,B+,Medium Risk
ID00358,Female,22,Psychology,78.1,5.9,3.48,9.0,11,3.62,A,Low Risk
ID00359,Female,20,Economics,100.0,6.3,3.52,7.7,13,3.93,A+,Low Risk
ID00360,Female,18,Economics,77.9,6.0,2.62,8.9,12,2.61,C+,Low Risk
ID00361,Male,22,Mathematics,77.6,5.5,2.71,7.7,14,2.78,B,Low Risk
ID00362,Female,22,Psychology,80.8,3.3,2.75,7.5,8,3.06,B+,Low Risk
ID00363,Male,19,Economics,68.2,4.4,4.0,9.3,6,3.91,A+,Low Risk
ID00364,Male,20,Mathematics,59.4,2.7,3.35,9.0,9,2.81,B,Medium Risk
ID00365,Female,20,Economics,100.0,2.4,3.33,9.9,8,3.54,A,Low Risk
ID00366,Male,23,Business,57.4,3.3,3.28,6.8,9,3.14,B+,Medium Risk
ID00367,Female,24,Engineering,88.7,3.6,2.44,5.8,3,2.67,C+,Medium Risk
ID00368,Female,18,Mathematics,98.3,5.1,4.0,5.3,10,4.0,A+,Low Risk
ID00369,Male,24,Engineering,63.2,8.2,3.34,5.5,4,3.63,A,Low Risk
ID00370,Male,19,Psychology,71.1,6.8,3.46,8.0,7,3.75,A+,Low Risk
ID00371,Male,18,Business,100.0,4.8,2.22,10.0,8,2.59,C+,Medium Risk
ID00372,Male,23,Mathematics,93.0,7.7,3.49,9.3,2,3.99,A+,Low Risk
ID00373,Male,21,Psychology,75.7,4.1,2.92,6.7,5,3.09,B+,Low Risk
ID00374,Female,22,Economics,100.0,5.5,2.44,8.1,11,2.9,B,Medium Risk
ID00375,Male,18,Computer Science,100.0,3.3,2.62,6.2,7,3.09,B+,Low Risk
ID00376,Male,24,Psychology,89.0,4.0,2.47,6.3,6,2.86,B,Medium Risk
ID00377,Female,22,Engineering,71.5,3.5,2.46,5.4,5,2.34,C+,Medium Risk
ID00378,Male,19,Business,78.8,1.3,3.13,5.5,7,2.78,B,Medium Risk
ID00379,Female,24,Business,89.3,1.3,2.91,7.8,10,3.21,B+,Medium Risk
ID00380,Male,21,Psychology,82.2,1.6,3.27,9.2,14,3.26,B+,Low Risk
ID00381,Male,19,Economics,99.1,4.9,3.94,8.6,10,4.0,A+,Low Risk
ID00382,Female,21,Computer Science,62.1,8.3,3.04,9.2,9,3.17,B+,Low Risk
ID00383,Female,21,Engineering,62.6,7.7,1.98,8.2,8,2.27,C,High Risk
ID00384,Female,22,Psychology,87.7,1.3,2.98,6.9,8,3.2,B+,Medium Risk
ID00385,Female,19,Psychology,77.6,5.6,3.7,6.2,10,3.81,A+,Low Risk
ID00386,Female,19,Business,75.6,2.9,3.06,7.9,8,3.0,B+,Low Risk
ID00387,Male,18,Engineering,58.5,2.3,3.86,4.5,6,3.25,B+,Medium Risk
ID00388,Male,24,Computer Science,85.3,4.4,3.33,6.1,11,3.5,A,Low Risk
ID00389,Female,19,Business,84.2,2.9,2.18,5.8,14,2.38,C+,Medium Risk
ID00390,Female,18,Psychology,94.8,1.5,3.15,8.9,8,3.44,A,Low Risk
ID00391,Female,20,Business,86.0,2.1,3.25,4.9,10,3.44,A,Low Risk
ID00392,Male,20,Business,83.0,3.3,3.64,8.4,10,4.0,A+,Low Risk
ID00393,Male,20,Mathematics,100.0,8.2,4.0,7.6,10,4.0,A+,Low Risk
ID00394,Female,23,Business,65.3,1.2,3.55,7.6,13,3.33,A,Medium Risk
ID00395,Male,19,Economics,93.0,1.8,3.32,6.3,9,3.62,A,Low Risk
ID00396,Female,23,Business,59.9,3.4,3.44,4.8,10,3.03,B+,Medium Risk
ID00397,Female,24,Economics,72.4,2.5,3.02,7.8,9,2.88,B,Medium Risk
ID00398,Male,19,Engineering,66.8,5.2,2.37,8.3,4,2.28,C,Medium Risk
ID00399,Female,18,Business,96.7,3.5,3.12,7.7,8,3.34,A,Low Risk
ID00400,Female,23,Computer Science,84.0,1.5,3.28,6.8,4,3.6,A,Low Risk
ID00401,Male,23,Economics,84.8,2.9,2.5,5.3,10,2.64,C+,Medium Risk
ID00402,Female,24,Economics,68.4,4.5,3.76,6.1,5,3.74,A+,Low Risk
ID00403,Male,23,Psychology,80.5,5.9,3.6,7.7,4,4.0,A+,Low Risk
ID00404,Female,21,Engineering,73.5,1.8,2.41,5.8,10,2.06,C,High Risk
ID00405,Male,18,Business,90.8,4.6,3.78,5.6,12,4.0,A+,Low Risk
ID00406,Female,20,Computer Science,70.1,3.3,2.95,4.8,6,3.05,B+,Medium Risk
ID00407,Male,18,Psychology,100.0,7.6,2.71,7.8,8,3.29,B+,Low Risk
ID00408,Male,21,Engineering,59.9,2.9,3.64,7.8,6,3.35,A,Medium Risk
ID00409,Female,24,Economics,72.9,1.5,3.07,8.7,12,2.72,B,Medium Risk
ID00410,Male,24,Computer Science,100.0,2.6,4.0,4.0,4,4.0,A+,Low Risk
ID00411,Male,19,Business,78.5,0.9,2.67,8.8,12,2.41,C+,Medium Risk
ID00412,Female,18,Mathematics,65.3,1.0,2.23,8.7,4,2.14,C,High Risk
ID00413,Female,24,Mathematics,88.3,1.2,2.96,8.8,13,3.19,B+,Medium Risk
ID00414,Female,23,Engineering,77.9,5.2,3.49,7.2,4,3.47,A,Low Risk
ID00415,Female,24,Computer Science,72.5,4.9,2.64,7.3,12,2.74,B,Medium Risk
ID00416,Male,24,Psychology,68.6,5.4,2.43,7.3,3,2.69,C+,Medium Risk
ID00417,Male,24,Computer Science,100.0,2.7,3.21,5.6,8,3.44,A,Low Risk
ID00418,Male,24,Economics,81.2,2.1,2.37,5.7,10,2.52,C+,Medium Risk
ID00419,Female,20,Mathematics,56.1,12.2,3.25,7.3,10,3.57,A,Medium Risk
ID00420,Female,20,Engineering,100.0,4.3,2.93,6.6,11,3.48,A,Low Risk
ID00421,Female,19,Business,94.2,2.0,3.35,8.1,6,3.39,A,Low Risk
ID00422,Female,24,Computer Science,73.5,8.8,2.41,6.5,7,2.57,C+,Medium Risk
ID00423,Male,18,Mathematics,71.0,8.1,3.75,4.8,8,4.0,A+,Low Risk
ID00424,Male,21,Psychology,95.1,5.7,3.01,4.9,6,3.24,B+,Low Risk
ID00425,Male,19,Engineering,81.3,3.6,3.48,5.9,6,3.85,A+,Low Risk
ID00426,Male,18,Business,56.1,2.3,3.58,8.1,11,3.07,B+,Medium Risk
ID00427,Male,24,Computer Science,100.0,3.0,2.52,6.2,9,2.63,C+,Low Risk
ID00428,Female,22,Psychology,78.5,7.5,3.54,7.4,9,3.73,A+,Low Risk
ID00429,Male,24,Business,100.0,2.5,2.39,4.5,5,2.38,C+,Medium Risk
ID00430,Male,20,Economics,100.0,1.7,2.41,7.2,6,2.53,C+,Medium Risk
ID00431,Male,21,Mathematics,70.0,5.6,4.0,7.1,7,4.0,A+,Low Risk
ID00432,Female,23,Economics,100.0,3.9,3.66,8.8,11,3.72,A+,Low Risk
ID00433,Female,21,Mathematics,75.2,2.6,4.0,7.2,6,3.79,A+,Low Risk
ID00434,Male,23,Psychology,57.0,2.7,2.91,8.1,6,2.36,C+,High Risk
ID00435,Male,21,Economics,78.6,0.8,3.15,9.9,12,2.93,B,Medium Risk
ID00436,Female,20,Mathematics,91.0,2.9,3.36,7.1,3,3.84,A+,Low Risk
ID00437,Male,23,Engineering,78.1,7.1,3.09,9.3,7,3.03,B+,Low Risk
ID00438,Female,18,Psychology,80.4,2.1,2.73,7.2,7,3.03,B+,Medium Risk
ID00439,Female,23,Mathematics,100.0,13.3,2.65,6.2,8,3.46,A,Low Risk
ID00440,Male,19,Computer Science,86.6,3.9,3.21,6.8,7,3.38,A,Low Risk
ID00441,Male,18,Mathematics,72.4,1.4,2.57,6.2,7,2.3,C+,High Risk
ID00442,Female,19,Economics,95.5,0.2,2.55,6.3,5,2.6,C+,Medium Risk
ID00443,Male,24,Engineering,88.0,4.5,3.3,6.1,8,3.75,A+,Low Risk
ID00444,Male,21,Business,47.2,2.1,3.05,6.5,8,2.89,B,Medium Risk
ID00445,Female,18,Business,91.4,5.7,3.57,8.1,8,3.93,A+,Low Risk
ID00446,Female,21,Mathematics,90.9,7.8,2.89,4.4,7,3.15,B+,Low Risk
ID00447,Female,24,Business,85.3,6.4,2.81,7.4,6,3.18,B+,Low Risk
ID00448,Female,22,Mathematics,98.4,6.3,3.31,7.2,9,3.95,A+,Low Risk
ID00449,Male,21,Engineering,74.9,3.0,2.69,9.1,6,2.4,C+,Medium Risk
ID00450,Male,24,Business,90.0,2.2,2.77,6.5,8,3.07,B+,Medium Risk
ID00451,Female,21,Economics,61.5,5.3,2.79,8.7,11,2.68,C+,Medium Risk
ID00452,Female,24,Economics,91.1,2.3,3.0,5.7,7,2.99,B,Low Risk
ID00453,Male,19,Computer Science,100.0,3.1,3.99,6.3,10,4.0,A+,Low Risk
ID00454,Female,24,Mathematics,70.1,2.3,2.41,7.6,12,2.55,C+,Medium Risk
ID00455,Male,23,Business,73.6,2.5,3.75,7.9,8,3.83,A+,Medium Risk
ID00456,Male,22,Economics,74.3,5.6,3.47,6.6,12,3.47,A,Low Risk
ID00457,Male,21,Engineering,86.9,2.4,3.88,7.3,12,3.98,A+,Low Risk
ID00458,Male,24,Engineering,69.1,5.6,4.0,6.8,11,4.0,A+,Low Risk
ID00459,Male,24,Computer Science,91.3,7.7,3.82,8.2,9,4.0,A+,Low Risk
ID00460,Male,21,Engineering,97.7,2.8,3.56,6.8,8,3.81,A+,Low Risk
ID00461,Male,22,Engineering,93.0,1.9,2.44,6.7,6,2.81,B,Medium Risk
ID00462,Female,22,Business,58.5,6.9,2.51,8.5,3,2.31,C+,High Risk
ID00463,Female,24,Mathematics,99.9,4.7,3.28,7.3,3,3.82,A+,Low Risk
ID00464,Female,18,Psychology,99.1,2.4,2.25,8.0,6,2.64,C+,Medium Risk
ID00465,Female,19,Engineering,97.5,3.2,3.41,10.0,2,3.64,A,Low Risk
ID00466,Male,22,Engineering,90.6,5.0,2.03,4.0,3,2.45,C+,Medium Risk
ID00467,Male,22,Psychology,88.3,1.3,3.68,5.5,14,3.63,A,Medium Risk
ID00468,Female,20,Engineering,100.0,9.6,2.94,5.6,7,3.35,A,Low Risk
ID00469,Male,23,Business,100.0,6.5,3.16,5.7,9,3.62,A,Low Risk
ID00470,Female,22,Business,70.7,4.0,2.73,9.1,7,2.48,C+,Medium Risk
ID00471,Male,19,Psychology,100.0,9.3,2.15,4.0,6,2.47,C+,Medium Risk
ID00472,Female,23,Economics,83.7,8.4,3.72,7.7,11,4.0,A+,Low Risk
ID00473,Male,23,Engineering,83.1,3.5,3.77,4.7,4,4.0,A+,Low Risk
ID00474,Female,21,Economics,62.0,3.3,2.92,7.0,8,3.13,B+,Medium Risk
ID00475,Male,21,Engineering,80.7,3.4,3.43,7.4,5,3.81,A+,Low Risk
ID00476,Female,21,Mathematics,70.0,5.4,2.9,8.4,12,3.1,B+,Medium Risk
ID00477,Male,21,Engineering,78.0,5.2,3.24,6.6,9,3.49,A,Low Risk
ID00478,Female,20,Business,68.5,1.0,3.48,6.7,1,3.26,B+,Medium Risk
ID00479,Female,22,Computer Science,78.3,5.0,3.38,4.0,6,3.34,A,Low Risk
ID00480,Male,21,Computer Science,78.9,5.0,3.77,10.0,12,3.82,A+,Low Risk
ID00481,Female,24,Computer Science,86.5,3.4,3.36,7.5,8,3.54,A,Low Risk
ID00482,Female,18,Computer Science,60.8,4.1,3.11,7.7,10,3.09,B+,Low Risk
ID00483,Male,21,Economics,63.3,1.2,2.72,8.6,9,2.63,C+,Medium Risk
ID00484,Female,22,Economics,90.4,1.7,2.86,6.9,12,3.03,B+,Medium Risk
ID00485,Female,21,Engineering,73.0,2.3,3.51,7.6,12,3.65,A,Medium Risk
ID00486,Female,20,Economics,100.0,5.5,2.35,8.1,10,2.64,C+,Medium Risk
ID00487,Male,19,Engineering,88.4,7.9,3.65,4.8,5,3.98,A+,Low Risk
ID00488,Male,19,Mathematics,94.1,5.3,2.96,7.8,7,3.26,B+,Low Risk
ID00489,Female,22,Engineering,100.0,4.3,2.69,10.0,11,3.03,B+,Low Risk
ID00490,Female,24,Computer Science,80.4,6.0,2.55,9.6,7,2.85,B,Low Risk
ID00491,Male,19,Psychology,76.4,0.5,3.44,9.3,11,3.11,B+,Medium Risk
ID00492,Female,19,Psychology,98.1,7.6,3.09,9.9,7,3.6,A,Low Risk
ID00493,Male,18,Business,92.6,3.7,3.89,5.1,7,4.0,A+,Low Risk
ID00494,Male,22,Business,82.2,7.0,2.47,6.2,7,3.11,B+,Medium Risk
ID00495,Male,24,Engineering,100.0,5.7,2.81,5.6,8,3.16,B+,Low Risk
ID00496,Male,22,Psychology,81.8,2.4,3.05,10.0,10,3.41,A,Low Risk
ID00497,Female,19,Computer Science,85.5,4.6,2.72,7.4,2,3.05,B+,Low Risk
ID00498,Male,19,Economics,85.3,2.5,3.1,4.9,7,3.19,B+,Low Risk
ID00499,Female,19,Computer Science,71.0,5.2,3.26,5.3,9,3.33,A,Low Risk
ID00500,Female,23,Computer Science,86.2,10.2,3.34,7.2,6,4.0,A+,Low Risk
ID00501,Female,20,Engineering,100.0,5.2,3.85,5.0,9,3.97,A+,Low Risk
ID00502,Male,21,Engineering,91.7,2.3,2.45,9.8,5,2.68,C+,Medium Risk
ID00503,Male,20,Mathematics,85.5,6.6,3.27,8.2,7,3.52,A,Low Risk
ID00504,Female,22,Computer Science,82.6,2.2,2.78,7.5,5,3.22,B+,Medium Risk
ID00505,Female,18,Computer Science,90.0,7.8,3.32,5.4,7,3.79,A+,Low Risk
ID00506,Male,21,Engineering,96.2,2.0,3.32,5.0,8,3.32,A,Low Risk
ID00507,Female,18,Engineering,94.1,7.2,2.61,7.5,11,2.94,B,Low Risk
ID00508,Female,24,Mathematics,80.0,2.9,2.65,7.2,8,3.1,B+,Medium Risk
ID00509,Female,23,Mathematics,89.9,5.5,3.36,5.1,8,3.83,A+,Low Risk
ID00510,Female,22,Business,92.2,6.6,3.11,6.9,4,3.56,A,Low Risk
ID00511,Female,23,Psychology,69.9,4.5,2.99,6.9,9,2.9,B,Medium Risk
ID00512,Male,22,Computer Science,87.5,3.1,3.43,8.1,6,3.59,A,Low Risk
ID00513,Female,18,Computer Science,52.6,4.6,3.47,10.0,9,3.25,B+,Medium Risk
ID00514,Female,18,Mathematics,92.2,3.7,2.84,4.0,10,3.14,B+,Low Risk
ID00515,Male,18,Mathematics,94.9,4.0,2.67,8.2,6,3.07,B+,Low Risk
ID00516,Male,22,Business,96.2,1.3,2.47,6.0,4,2.79,B,Medium Risk
ID00517,Male,19,Psychology,79.1,5.9,3.12,7.6,8,3.2,B+,Low Risk
ID00518,Female,18,Business,89.6,4.5,2.39,7.2,4,2.7,B,Medium Risk
ID00519,Female,23,Psychology,100.0,1.1,3.15,7.8,14,3.41,A,Medium Risk
ID00520,Male,24,Economics,100.0,3.2,3.71,5.1,6,3.84,A+,Low Risk
ID00521,Female,21,Computer Science,84.6,0.8,2.92,8.5,7,3.16,B+,Medium Risk
ID00522,Male,22,Business,87.1,4.1,2.83,7.1,3,3.12,B+,Low Risk
ID00523,Female,23,Mathematics,100.0,5.4,4.0,9.1,7,4.0,A+,Low Risk
ID00524,Female,20,Business,62.5,2.6,3.85,9.4,10,3.55,A,Medium Risk
ID00525,Female,24,Economics,80.2,2.5,2.72,7.4,9,2.84,B,Medium Risk
ID00526,Male,20,Business,100.0,3.1,3.17,8.5,7,3.23,B+,Low Risk
ID00527,Male,21,Computer Science,99.6,2.5,3.26,8.4,8,3.37,A,Low Risk
ID00528,Male,19,Economics,90.5,2.2,3.2,9.0,7,3.21,B+,Low Risk
ID00529,Male,18,Mathematics,62.4,1.0,4.0,8.9,3,3.78,A+,Medium Risk
ID00530,Female,22,Mathematics,84.3,2.4,3.14,5.3,3,3.22,B+,Low Risk
ID00531,Female,23,Engineering,76.2,1.3,3.22,7.4,12,3.04,B+,Medium Risk
ID00532,Female,18,Economics,90.0,7.6,3.44,4.9,4,3.85,A+,Low Risk
ID00533,Female,23,Engineering,72.9,8.3,3.69,6.2,10,4.0,A+,Low Risk
ID00534,Female,22,Engineering,69.6,5.2,3.57,6.3,3,3.78,A+,Low Risk
ID00535,Female,20,Computer Science,54.0,7.3,3.37,7.9,9,3.44,A,Medium Risk
ID00536,Female,18,Business,100.0,2.3,2.32,6.7,12,2.78,B,Medium Risk
ID00537,Female,21,Mathematics,79.0,5.4,2.86,6.8,7,2.78,B,Low Risk
ID00538,Male,19,Mathematics,87.4,5.3,3.51,8.5,7,3.9,A+,Low Risk
ID00539,Male,21,Business,85.0,4.7,3.23,8.3,7,3.36,A,Low Risk
ID00540,Male,19,Mathematics,69.0,3.0,3.51,7.4,17,3.38,A,Low Risk
ID00541,Female,24,Business,66.1,3.9,4.0,8.1,6,3.84,A+,Low Risk
ID00542,Female,23,Economics,69.9,4.6,2.51,8.0,6,2.53,C+,Medium Risk
ID00543,Male,18,Computer Science,74.2,4.5,3.67,9.9,11,3.84,A+,Low Risk
ID00544,Female,18,Computer Science,90.5,2.1,2.93,6.7,6,3.33,A,Medium Risk
ID00545,Female,24,Computer Science,73.1,8.0,3.57,5.9,8,3.54,A,Low Risk
ID00546,Male,19,Business,100.0,4.1,3.08,7.3,10,3.25,B+,Low Risk
ID00547,Male,20,Business,100.0,6.1,4.0,5.6,11,4.0,A+,Low Risk
ID00548,Female,22,Psychology,97.1,2.8,3.17,6.4,7,3.29,B+,Low Risk
ID00549,Male,21,Mathematics,83.2,5.2,2.78,7.7,10,3.33,A,Low Risk
ID00550,Female,24,Mathematics,100.0,4.3,3.31,6.2,7,3.84,A+,Low Risk
ID00551,Male,23,Psychology,81.7,2.2,3.26,6.7,4,3.33,A,Low Risk
ID00552,Female,24,Psychology,84.5,4.0,3.67,6.6,9,3.91,A+,Low Risk
ID00553,Female,21,Computer Science,87.5,3.3,3.32,6.4,11,3.44,A,Low Risk
ID00554,Female,21,Psychology,95.5,3.5,4.0,5.4,9,4.0,A+,Low Risk
ID00555,Female,23,Business,94.6,6.7,3.04,8.5,9,3.44,A,Low Risk
ID00556,Male,23,Engineering,77.9,3.7,3.05,9.1,4,3.08,B+,Low Risk
ID00557,Male,18,Business,77.0,6.5,2.8,8.4,2,2.87,B,Low Risk
ID00558,Male,21,Psychology,94.6,5.5,3.14,8.4,9,3.42,A,Low Risk
ID00559,Female,22,Mathematics,95.7,4.2,3.22,6.4,12,3.46,A,Low Risk
ID00560,Female,22,Business,79.1,6.9,3.24,7.3,9,3.33,A,Low Risk
ID00561,Female,19,Mathematics,61.2,6.6,3.13,5.8,6,3.24,B+,Low Risk
ID00562,Male,24,Business,81.9,4.2,2.8,6.8,8,3.3,A,Low Risk
ID00563,Male,23,Mathematics,94.4,4.4,2.66,6.9,9,2.99,B,Low Risk
ID00564,Male,18,Economics,100.0,7.0,2.91,4.9,7,3.49,A,Low Risk
ID00565,Male,22,Business,67.0,5.7,3.67,7.2,14,3.63,A,Low Risk
ID00566,Female,20,Mathematics,78.6,8.0,3.78,6.2,6,4.0,A+,Low Risk
ID00567,Male,18,Engineering,79.2,3.6,3.06,7.4,15,3.03,B+,Low Risk
ID00568,Male,18,Computer Science,100.0,1.8,2.63,6.6,10,3.02,B+,Medium Risk
ID00569,Female,22,Business,84.5,2.5,3.06,7.5,10,3.5,A,Low Risk
ID00570,Male,20,Engineering,71.4,1.0,4.0,8.0,9,3.98,A+,Medium Risk
ID00571,Male,19,Computer Science,93.4,2.4,3.6,5.1,7,3.71,A+,Low Risk
ID00572,Female,22,Business,78.9,5.6,3.38,6.5,11,3.49,A,Low Risk
ID00573,Male,20,Engineering,66.6,3.7,3.58,6.0,7,3.64,A,Low Risk
ID00574,Female,18,Engineering,71.6,2.2,3.87,8.8,12,3.71,A+,Medium Risk
ID00575,Female,20,Economics,100.0,2.8,2.52,9.5,13,2.83,B,Medium Risk
ID00576,Female,18,Engineering,90.8,4.7,2.9,7.1,3,3.39,A,Low Risk
ID00577,Male,24,Economics,86.6,2.9,2.84,7.6,7,2.94,B,Medium Risk
ID00578,Female,22,Psychology,81.3,3.4,3.39,4.8,10,3.47,A,Low Risk
ID00579,Male,23,Mathematics,89.4,1.4,3.18,7.5,7,3.35,A,Medium Risk
ID00580,Male,22,Computer Science,89.2,7.5,3.48,6.6,7,4.0,A+,Low Risk
ID00581,Male,24,Mathematics,89.4,8.1,2.85,9.0,16,2.9,B,Low Risk
ID00582,Female,21,Mathematics,86.7,2.3,3.79,6.7,8,3.98,A+,Low Risk
ID00583,Male,21,Economics,98.0,3.2,3.07,5.8,9,3.26,B+,Low Risk
ID00584,Male,21,Mathematics,85.3,0.9,3.45,5.0,9,3.58,A,Medium Risk
ID00585,Female,22,Engineering,70.3,7.1,3.7,7.3,13,4.0,A+,Low Risk
ID00586,Male,19,Economics,75.8,1.7,3.66,6.2,8,3.72,A+,Low Risk
ID00587,Male,22,Mathematics,55.3,3.9,3.28,8.8,4,2.87,B,Medium Risk
ID00588,Male,24,Economics,100.0,2.0,3.51,7.9,7,3.87,A+,Low Risk
ID00589,Male,24,Psychology,97.9,3.9,3.97,6.8,9,4.0,A+,Low Risk
ID00590,Male,23,Economics,72.5,6.4,3.36,7.9,8,3.54,A,Low Risk
ID00591,Male,20,Business,80.8,5.4,2.74,9.6,6,2.98,B,Low Risk
ID00592,Female,22,Engineering,75.4,5.7,3.39,5.3,3,3.6,A,Low Risk
ID00593,Male,22,Computer Science,100.0,1.5,3.08,6.0,9,3.49,A,Low Risk
ID00594,Male,18,Business,63.7,3.8,1.93,9.9,6,1.76,D,High Risk
ID00595,Female,24,Business,86.7,10.9,3.33,5.9,6,4.0,A+,Low Risk
ID00596,Male,18,Business,83.4,4.5,3.16,8.0,8,3.35,A,Low Risk
ID00597,Female,18,Mathematics,97.4,4.0,3.68,8.8,2,3.73,A+,Low Risk
ID00598,Male,22,Economics,83.4,3.4,2.72,7.0,7,2.98,B,Low Risk
ID00599,Male,19,Economics,58.6,4.3,2.35,8.0,3,2.1,C,High Risk
ID00600,Male,20,Mathematics,81.2,3.9,3.18,6.6,8,3.54,A,Low Risk
ID00601,Male,20,Engineering,70.4,9.8,3.29,9.7,5,3.48,A,Low Risk
ID00602,Male,24,Mathematics,86.2,6.1,3.15,6.3,7,3.46,A,Low Risk
ID00603,Male,23,Mathematics,100.0,3.6,3.11,5.6,9,3.28,B+,Low Risk
ID00604,Male,24,Mathematics,58.9,6.0,2.57,8.3,9,2.45,C+,High Risk
ID00605,Male,19,Engineering,73.0,2.4,3.03,8.1,12,2.83,B,Medium Risk
ID00606,Male,19,Engineering,76.7,3.9,2.93,7.2,8,3.01,B+,Low Risk
ID00607,Male,20,Psychology,79.3,2.9,3.64,7.0,5,3.71,A+,Low Risk
ID00608,Male,21,Psychology,96.1,5.7,3.29,6.3,11,3.82,A+,Low Risk
ID00609,Male,18,Psychology,82.4,3.7,2.96,5.9,7,3.19,B+,Low Risk
ID00610,Female,18,Psychology,91.2,4.2,3.96,6.1,5,4.0,A+,Low Risk
ID00611,Male,20,Economics,75.6,3.5,2.97,7.5,10,3.16,B+,Low Risk
ID00612,Female,24,Business,88.4,4.8,3.38,6.7,6,3.67,A,Low Risk
ID00613,Female,19,Business,96.7,5.8,3.02,4.8,3,3.3,A,Low Risk
ID00614,Male,24,Psychology,74.0,8.1,3.92,6.4,7,4.0,A+,Low Risk
ID00615,Female,23,Psychology,96.7,3.3,3.14,6.7,14,3.56,A,Low Risk
ID00616,Female,21,Computer Science,85.8,2.1,3.16,7.8,7,3.57,A,Low Risk
ID00617,Male,20,Business,100.0,5.0,3.03,7.4,10,3.24,B+,Low Risk
ID00618,Male,18,Computer Science,82.0,1.7,3.2,9.6,3,3.48,A,Low Risk
ID00619,Female,22,Computer Science,90.7,3.3,3.7,5.5,9,4.0,A+,Low Risk
ID00620,Female,24,Mathematics,84.4,1.4,3.52,7.8,4,3.75,A+,Medium Risk
ID00621,Male,19,Economics,83.6,14.0,3.11,8.0,8,3.82,A+,Low Risk
ID00622,Male,22,Engineering,88.9,7.5,3.95,7.4,6,4.0,A+,Low Risk
ID00623,Male,23,Business,93.1,7.1,3.54,6.6,3,3.92,A+,Low Risk
ID00624,Male,20,Psychology,66.3,8.3,2.88,6.0,6,3.33,A,Medium Risk
ID00625,Female,24,Psychology,100.0,6.7,2.41,6.9,10,2.98,B,Medium Risk
ID00626,Male,18,Engineering,57.1,4.5,2.89,4.3,8,2.6,C+,Medium Risk
ID00627,Male,24,Business,74.7,4.6,3.31,5.6,9,3.42,A,Low Risk
ID00628,Female,21,Psychology,83.6,7.9,3.4,5.5,8,3.86,A+,Low Risk
ID00629,Male,22,Psychology,91.2,8.2,3.78,7.8,9,4.0,A+,Low Risk
ID00630,Male,21,Mathematics,100.0,2.2,2.55,7.9,9,2.71,B,Medium Risk
ID00631,Female,23,Computer Science,57.1,3.6,2.88,5.4,10,2.7,B,Medium Risk
ID00632,Female,18,Psychology,77.4,4.2,2.51,5.0,3,2.61,C+,Low Risk
ID00633,Male,22,Economics,53.1,6.8,2.43,4.8,9,2.39,C+,High Risk
ID00634,Male,23,Business,85.5,2.4,2.79,8.5,8,2.8,B,Medium Risk
ID00635,Male,21,Economics,89.1,2.3,3.28,8.4,10,3.34,A,Low Risk
ID00636,Male,21,Engineering,100.0,1.6,3.49,8.0,9,3.55,A,Low Risk
ID00637,Male,22,Mathematics,86.8,2.9,2.63,9.3,10,2.95,B,Medium Risk
ID00638,Male,18,Business,100.0,3.2,2.7,9.7,5,2.78,B,Low Risk
ID00639,Male,21,Mathematics,93.8,9.1,2.21,5.5,7,2.68,C+,Medium Risk
ID00640,Male,20,Computer Science,78.5,6.4,3.21,6.4,8,3.29,B+,Low Risk
ID00641,Male,23,Psychology,63.9,6.8,2.73,8.2,4,2.99,B,Medium Risk
ID00642,Male,22,Business,89.1,2.0,3.93,4.0,11,4.0,A+,Low Risk
ID00643,Male,19,Engineering,62.6,3.5,3.3,6.6,3,3.44,A,Low Risk
ID00644,Male,19,Computer Science,100.0,5.9,3.01,8.4,15,3.4,A,Low Risk
ID00645,Male,18,Computer Science,82.6,4.3,2.78,6.5,9,3.19,B+,Low Risk
ID00646,Female,20,Mathematics,100.0,5.4,2.35,8.1,6,2.62,C+,Medium Risk
ID00647,Female,21,Computer Science,77.8,1.7,2.42,4.0,13,2.15,C,Medium Risk
ID00648,Female,19,Business,89.0,4.2,2.79,7.4,13,3.09,B+,Low Risk
ID00649,Female,18,Mathematics,88.1,6.1,2.75,6.3,7,3.12,B+,Low Risk
ID00650,Male,23,Computer Science,84.3,2.1,2.6,6.7,8,2.93,B,Medium Risk
ID00651,Male,20,Engineering,78.5,1.2,3.29,5.6,5,3.07,B+,Medium Risk
ID00652,Male,20,Economics,90.9,2.0,3.36,9.4,5,3.53,A,Low Risk
ID00653,Female,24,Business,71.1,7.8,2.87,7.1,13,3.22,B+,Medium Risk
ID00654,Female,18,Engineering,66.9,1.8,4.0,7.2,7,3.85,A+,Medium Risk
ID00655,Male,18,Engineering,100.0,4.0,2.23,10.0,9,2.45,C+,Medium Risk
ID00656,Male,24,Mathematics,95.9,1.1,3.13,5.6,6,3.24,B+,Medium Risk
ID00657,Male,21,Psychology,86.0,2.3,2.99,7.2,8,3.08,B+,Medium Risk
ID00658,Male,18,Mathematics,100.0,4.5,2.82,6.0,6,3.06,B+,Low Risk
ID00659,Female,24,Business,81.0,4.0,2.75,5.9,13,2.83,B,Low Risk
ID00660,Female,21,Business,100.0,7.1,3.1,7.5,6,3.71,A+,Low Risk
ID00661,Male,21,Mathematics,87.6,5.0,2.99,6.6,7,3.31,A,Low Risk
ID00662,Female,22,Psychology,69.6,2.1,2.9,10.0,10,2.72,B,Medium Risk
ID00663,Female,20,Mathematics,100.0,3.5,2.45,9.7,6,2.74,B,Medium Risk
ID00664,Male,23,Business,99.9,3.1,2.29,6.8,9,2.78,B,Medium Risk
ID00665,Male,20,Psychology,83.2,0.8,2.96,4.7,9,3.17,B+,Medium Risk
ID00666,Male,20,Business,95.9,9.3,2.9,6.6,4,3.34,A,Low Risk
ID00667,Male,22,Psychology,78.9,4.1,3.0,8.6,4,2.88,B,Low Risk
ID00668,Male,21,Psychology,97.4,4.5,3.05,5.7,10,3.14,B+,Low Risk
ID00669,Male,21,Mathematics,49.1,5.8,2.84,9.4,12,2.4,C+,High Risk
ID00670,Male,18,Mathematics,69.7,5.9,2.99,7.9,13,2.99,B,Medium Risk
ID00671,Male,22,Mathematics,99.7,6.2,2.67,5.2,8,2.96,B,Low Risk
ID00672,Female,18,Psychology,81.3,3.2,3.86,6.0,12,4.0,A+,Low Risk
ID00673,Male,22,Psychology,88.1,2.9,2.7,6.2,9,2.94,B,Medium Risk
ID00674,Male,18,Business,64.8,7.3,2.91,5.8,6,3.15,B+,Medium Risk
ID00675,Male,19,Engineering,100.0,9.4,2.74,5.3,9,3.38,A,Low Risk
ID00676,Female,24,Mathematics,100.0,1.1,2.73,6.1,5,2.88,B,Medium Risk
ID00677,Male,20,Economics,82.0,7.1,3.11,6.4,12,3.68,A,Low Risk
ID00678,Male,20,Business,78.9,3.5,3.05,8.9,9,2.92,B,Low Risk
ID00679,Female,23,Business,100.0,3.8,2.87,7.7,14,3.16,B+,Low Risk
ID00680,Female,24,Computer Science,100.0,0.5,2.96,7.7,9,3.21,B+,Medium Risk
ID00681,Female,21,Mathematics,99.3,4.0,2.74,7.5,5,3.04,B+,Low Risk
ID00682,Male,23,Business,100.0,2.8,3.3,5.8,6,3.51,A,Low Risk
ID00683,Male,19,Computer Science,71.2,0.7,4.0,8.7,5,3.63,A,Medium Risk
ID00684,Female,23,Economics,72.7,7.7,2.66,6.3,4,2.91,B,Medium Risk
ID00685,Female,20,Economics,67.2,4.5,3.3,6.5,5,3.47,A,Low Risk
ID00686,Female,21,Mathematics,91.6,4.9,3.12,7.6,6,3.67,A,Low Risk
ID00687,Female,19,Psychology,87.6,7.6,3.43,10.0,11,3.72,A+,Low Risk
ID00688,Male,20,Computer Science,82.7,5.9,3.45,6.2,6,3.86,A+,Low Risk
ID00689,Female,24,Psychology,97.1,1.6,3.2,4.6,5,3.32,A,Low Risk
ID00690,Male,18,Economics,100.0,6.7,3.08,7.4,9,3.73,A+,Low Risk
ID00691,Male,22,Economics,62.1,1.3,2.88,8.0,6,2.7,B,Medium Risk
ID00692,Male,19,Engineering,76.0,5.7,2.72,6.3,9,2.72,B,Low Risk
ID00693,Male,21,Engineering,97.3,10.5,3.05,6.1,15,3.58,A,Low Risk
ID00694,Male,23,Engineering,78.0,5.7,2.46,5.1,8,2.36,C+,Medium Risk
ID00695,Male,24,Engineering,73.0,3.2,2.8,7.5,5,2.96,B,Medium Risk
ID00696,Female,23,Business,100.0,10.3,3.65,9.9,7,4.0,A+,Low Risk
ID00697,Male,19,Engineering,65.7,4.5,3.15,9.6,10,3.09,B+,Low Risk
ID00698,Female,24,Business,80.5,2.1,3.55,7.5,9,3.95,A+,Low Risk
ID00699,Male,21,Business,89.9,2.7,3.83,6.4,10,4.0,A+,Low Risk
ID00700,Male,19,Mathematics,76.4,2.6,3.01,7.6,7,3.16,B+,Low Risk
ID00701,Male,21,Business,96.7,11.7,3.2,6.5,9,4.0,A+,Low Risk
ID00702,Male,23,Business,76.5,5.6,2.95,6.0,8,2.89,B,Low Risk
ID00703,Male,20,Engineering,100.0,5.8,2.69,7.2,10,3.12,B+,Low Risk
ID00704,Male,24,Business,83.1,5.2,2.62,8.9,14,3.07,B+,Low Risk
ID00705,Male,18,Psychology,95.1,4.7,3.52,6.7,4,3.86,A+,Low Risk
ID00706,Female,20,Engineering,96.2,3.0,3.2,6.7,9,3.69,A,Low Risk
ID00707,Male,18,Computer Science,75.6,1.8,4.0,6.6,11,4.0,A+,Low Risk
ID00708,Female,23,Engineering,54.2,4.9,3.59,8.2,10,3.39,A,Medium Risk
ID00709,Male,24,Business,90.4,10.1,2.73,8.3,7,3.14,B+,Low Risk
ID00710,Female,20,Psychology,86.1,4.8,3.52,5.4,6,3.65,A,Low Risk
ID00711,Female,20,Engineering,93.3,8.1,2.95,6.7,7,3.56,A,Low Risk
ID00712,Female,19,Psychology,81.6,1.1,3.71,8.7,9,3.88,A+,Medium Risk
ID00713,Male,22,Computer Science,78.5,4.8,2.86,6.5,8,2.81,B,Low Risk
ID00714,Male,23,Economics,100.0,2.8,2.57,9.1,12,2.9,B,Medium Risk
ID00715,Male,21,Computer Science,62.9,2.0,2.7,8.0,9,2.8,B,Medium Risk
ID00716,Female,23,Economics,96.0,8.9,2.73,9.6,7,3.19,B+,Low Risk
ID00717,Female,21,Mathematics,76.4,3.1,2.68,6.5,6,2.73,B,Low Risk
ID00718,Female,24,Economics,80.0,5.6,2.81,8.1,9,3.14,B+,Low Risk
ID00719,Male,21,Mathematics,80.2,3.8,3.53,8.1,9,3.58,A,Low Risk
ID00720,Female,18,Engineering,72.9,1.6,4.0,8.6,8,3.67,A,Medium Risk
ID00721,Female,21,Mathematics,93.6,6.1,2.43,7.5,4,3.0,B+,Medium Risk
ID00722,Male,21,Psychology,100.0,3.2,3.73,8.7,4,3.94,A+,Low Risk
ID00723,Male,19,Mathematics,92.1,6.6,2.86,6.1,6,3.38,A,Low Risk
ID00724,Female,20,Psychology,86.6,2.3,3.27,6.9,8,3.58,A,Low Risk
ID00725,Female,23,Economics,70.2,2.9,2.27,4.8,3,2.12,C,High Risk
ID00726,Female,23,Economics,92.8,5.5,3.36,6.6,5,3.6,A,Low Risk
ID00727,Male,24,Economics,100.0,2.4,2.1,5.7,8,2.38,C+,Medium Risk
ID00728,Female,24,Mathematics,79.3,6.0,3.26,7.5,6,3.4,A,Low Risk
ID00729,Male,21,Economics,79.4,0.9,3.23,8.5,7,2.88,B,Medium Risk
ID00730,Male,22,Mathematics,76.6,1.8,3.2,7.8,6,2.95,B,Low Risk
ID00731,Male,23,Mathematics,77.7,4.2,2.73,8.2,8,2.5,C+,Low Risk
ID00732,Female,24,Business,43.8,5.8,3.37,7.1,8,3.02,B+,Medium Risk
ID00733,Female,21,Business,91.1,4.3,3.3,6.8,10,3.53,A,Low Risk
ID00734,Male,24,Mathematics,72.3,5.4,3.0,5.2,9,2.91,B,Low Risk
ID00735,Male,18,Psychology,60.8,3.1,3.44,4.1,16,2.94,B,Low Risk
ID00736,Female,18,Engineering,96.3,0.9,3.05,4.7,10,3.2,B+,Medium Risk
ID00737,Male,24,Computer Science,68.8,3.3,3.36,6.0,6,3.27,B+,Low Risk
ID00738,Female,18,Business,79.9,3.4,3.04,8.4,8,3.03,B+,Low Risk
ID00739,Male,24,Mathematics,100.0,7.7,3.21,5.2,5,3.77,A+,Low Risk
ID00740,Male,21,Computer Science,63.9,6.0,3.39,5.8,9,3.39,A,Low Risk
ID00741,Male,19,Business,62.0,1.9,2.9,6.3,10,2.93,B,Medium Risk
ID00742,Male,22,Engineering,89.0,0.7,2.48,8.9,11,2.41,C+,High Risk
ID00743,Female,21,Psychology,100.0,3.7,3.24,6.9,7,3.51,A,Low Risk
ID00744,Male,19,Mathematics,61.4,2.8,3.69,7.2,4,3.75,A+,Medium Risk
ID00745,Male,19,Engineering,91.1,9.7,3.25,7.6,5,4.0,A+,Low Risk
ID00746,Female,23,Business,93.7,7.8,3.26,9.1,6,3.75,A+,Low Risk
ID00747,Male,21,Mathematics,54.1,1.6,3.08,7.1,14,2.66,C+,Medium Risk
ID00748,Male,21,Computer Science,97.0,5.9,3.47,4.4,10,3.74,A+,Low Risk
ID00749,Female,24,Economics,98.1,5.3,3.01,7.2,8,3.38,A,Low Risk
ID00750,Female,19,Psychology,80.3,5.2,2.87,9.2,9,3.24,B+,Low Risk
ID00751,Male,19,Business,100.0,14.0,3.65,8.0,7,4.0,A+,Low Risk
ID00752,Female,19,Psychology,100.0,3.8,2.83,7.3,14,3.16,B+,Low Risk
ID00753,Female,24,Mathematics,86.5,6.3,3.54,7.5,9,4.0,A+,Low Risk
ID00754,Male,23,Economics,78.2,6.8,3.65,4.2,5,3.64,A,Low Risk
ID00755,Male,21,Engineering,70.4,5.0,3.38,4.0,9,3.47,A,Low Risk
ID00756,Female,19,Psychology,84.4,9.6,2.48,8.3,6,3.11,B+,Medium Risk
ID00757,Female,18,Computer Science,93.5,4.5,3.11,8.9,8,3.53,A,Low Risk
ID00758,Male,21,Business,80.1,6.6,3.0,6.1,9,3.29,B+,Low Risk
ID00759,Female,24,Computer Science,52.0,2.6,2.85,7.3,9,2.38,C+,High Risk
ID00760,Female,23,Psychology,100.0,1.8,3.17,7.9,6,3.59,A,Low Risk
ID00761,Male,18,Economics,87.9,5.5,3.48,9.5,5,3.66,A,Low Risk
ID00762,Male,24,Engineering,79.3,3.9,2.87,6.9,20,2.61,C+,Low Risk
ID00763,Male,20,Engineering,97.9,4.1,3.01,8.1,4,3.13,B+,Low Risk
ID00764,Female,21,Computer Science,100.0,3.3,2.98,10.0,6,3.32,A,Low Risk
ID00765,Male,20,Mathematics,43.0,6.5,3.68,6.6,8,3.39,A,Medium Risk
ID00766,Female,24,Mathematics,91.5,4.5,2.97,7.1,3,3.18,B+,Low Risk
ID00767,Female,24,Economics,63.6,12.5,2.48,5.3,6,2.86,B,Medium Risk
ID00768,Female,24,Engineering,92.5,4.4,2.31,5.4,8,2.48,C+,Medium Risk
ID00769,Male,19,Computer Science,86.9,5.1,3.28,8.3,8,3.65,A,Low Risk
ID00770,Female,23,Computer Science,94.5,6.9,2.72,8.8,5,3.19,B+,Low Risk
ID00771,Male,19,Computer Science,77.5,5.5,3.43,8.7,9,3.49,A,Low Risk
ID00772,Female,23,Psychology,56.9,1.9,2.43,5.5,5,2.11,C,High Risk
ID00773,Male,22,Economics,78.2,3.6,2.83,6.7,8,2.94,B,Low Risk
ID00774,Male,19,Mathematics,91.1,2.5,2.43,7.7,4,2.58,C+,Medium Risk
ID00775,Female,20,Mathematics,100.0,5.3,3.32,4.0,9,3.47,A,Low Risk
ID00776,Male,23,Psychology,67.4,4.7,3.42,7.7,8,3.6,A,Low Risk
ID00777,Male,19,Business,100.0,6.7,3.27,9.8,9,3.75,A+,Low Risk
ID00778,Female,21,Psychology,75.3,7.2,2.56,8.7,8,2.81,B,Low Risk
ID00779,Female,24,Economics,90.4,2.5,2.73,4.0,9,2.79,B,Medium Risk
ID00780,Female,23,Computer Science,77.4,7.1,3.22,7.6,9,3.31,A,Low Risk
ID00781,Female,23,Psychology,87.7,7.8,2.26,7.3,14,2.83,B,Medium Risk
ID00782,Male,19,Computer Science,98.4,2.1,2.98,7.4,11,3.1,B+,Medium Risk
ID00783,Male,22,Economics,66.6,5.1,3.86,7.2,10,3.88,A+,Low Risk
ID00784,Male,19,Economics,74.8,8.6,3.01,6.5,7,3.41,A,Low Risk
ID00785,Male,20,Engineering,87.8,3.6,2.36,4.0,11,2.52,C+,Medium Risk
ID00786,Female,20,Computer Science,100.0,4.1,2.8,7.5,8,2.96,B,Low Risk
ID00787,Female,23,Mathematics,72.1,5.1,2.78,7.9,8,2.95,B,Medium Risk
ID00788,Male,23,Psychology,100.0,0.3,4.0,6.2,8,4.0,A+,Medium Risk
ID00789,Male,19,Economics,100.0,4.4,3.93,8.9,6,4.0,A+,Low Risk
ID00790,Female,20,Computer Science,83.5,4.6,3.47,4.5,11,3.56,A,Low Risk
ID00791,Male,20,Business,80.5,5.9,2.93,4.4,6,3.31,A,Low Risk
ID00792,Female,22,Engineering,74.6,6.0,3.7,7.1,8,3.87,A+,Low Risk
ID00793,Male,21,Business,84.0,4.0,2.53,6.0,9,2.72,B,Low Risk
ID00794,Female,22,Economics,63.9,10.2,3.64,8.5,6,3.72,A+,Low Risk
ID00795,Male,18,Business,83.9,2.5,3.56,6.4,6,3.83,A+,Low Risk
ID00796,Female,24,Business,100.0,6.6,3.02,9.0,10,3.51,A,Low Risk
ID00797,Female,22,Engineering,75.8,0.7,3.67,5.9,11,3.64,A,Medium Risk
ID00798,Female,19,Engineering,81.4,4.3,2.88,7.2,9,3.08,B+,Low Risk
ID00799,Female,21,Engineering,59.5,0.6,2.47,4.0,10,2.03,C,High Risk
ID00800,Female,19,Engineering,90.6,4.4,3.59,6.9,4,3.84,A+,Low Risk
ID00801,Female,24,Business,89.0,5.4,3.06,7.1,5,3.29,B+,Low Risk
ID00802,Male,18,Mathematics,86.0,3.4,3.4,8.8,7,3.55,A,Low Risk
ID00803,Female,21,Mathematics,81.7,4.2,4.0,4.7,9,4.0,A+,Low Risk
ID00804,Female,23,Engineering,80.6,6.3,2.74,6.6,8,3.25,B+,Low Risk
ID00805,Male,20,Psychology,92.5,0.2,3.03,9.2,5,2.91,B,Medium Risk
ID00806,Female,22,Computer Science,84.6,3.0,3.88,9.4,11,4.0,A+,Low Risk
ID00807,Female,19,Economics,89.7,8.7,3.43,5.7,7,3.74,A+,Low Risk
ID00808,Female,18,Psychology,88.2,1.8,2.75,6.0,6,2.88,B,Medium Risk
ID00809,Male,20,Economics,100.0,2.7,2.62,4.5,6,2.78,B,Medium Risk
ID00810,Male,22,Psychology,95.2,0.9,2.84,4.0,11,3.11,B+,Medium Risk
ID00811,Female,20,Psychology,87.9,3.0,2.73,6.4,9,3.23,B+,Low Risk
ID00812,Female,22,Mathematics,100.0,3.9,3.22,6.0,9,3.37,A,Low Risk
ID00813,Male,23,Computer Science,91.3,14.0,3.14,10.0,13,3.78,A+,Low Risk
ID00814,Female,21,Psychology,100.0,5.2,3.24,7.5,4,3.65,A,Low Risk
ID00815,Female,20,Engineering,94.1,3.1,2.68,6.7,11,3.06,B+,Low Risk
ID00816,Male,20,Economics,57.4,1.3,3.06,8.0,15,2.74,B,High Risk
ID00817,Female,20,Mathematics,100.0,2.7,2.07,8.5,13,2.16,C,Medium Risk
ID00818,Male,21,Economics,87.0,2.3,3.17,8.8,11,3.21,B+,Low Risk
ID00819,Male,18,Engineering,84.2,0.8,3.69,7.4,9,3.69,A,Medium Risk
ID00820,Male,22,Engineering,89.2,1.8,2.39,7.0,4,2.77,B,Medium Risk
ID00821,Female,23,Psychology,79.8,3.2,3.34,7.2,11,3.3,A,Low Risk
ID00822,Male,20,Engineering,88.4,3.5,2.79,6.9,10,3.26,B+,Low Risk
ID00823,Male,24,Computer Science,76.1,6.2,3.5,6.2,5,3.59,A,Low Risk
ID00824,Male,21,Engineering,100.0,9.0,3.18,8.6,9,3.78,A+,Low Risk
ID00825,Male,18,Psychology,83.3,3.4,3.3,6.7,7,3.45,A,Low Risk
ID00826,Female,22,Economics,79.3,6.7,3.13,5.5,8,3.34,A,Low Risk
ID00827,Male,21,Engineering,71.1,3.1,3.76,7.0,4,3.92,A+,Low Risk
ID00828,Male,23,Mathematics,89.0,2.2,3.27,8.1,5,3.34,A,Low Risk
ID00829,Female,23,Mathematics,87.8,6.0,2.75,4.8,7,2.96,B,Low Risk
ID00830,Male,22,Mathematics,90.8,3.1,3.15,6.6,9,3.33,A,Low Risk
ID00831,Male,20,Economics,69.6,2.4,2.92,5.8,9,2.94,B,Medium Risk
ID00832,Male,23,Business,61.0,2.1,3.18,10.0,4,2.95,B,Medium Risk
ID00833,Male,18,Mathematics,94.4,1.2,2.89,7.1,7,2.99,B,Medium Risk
ID00834,Male,21,Mathematics,100.0,4.2,2.76,9.3,6,3.21,B+,Low Risk
ID00835,Male,18,Business,69.6,2.8,3.2,7.4,12,3.26,B+,Medium Risk
ID00836,Male,20,Economics,100.0,6.9,3.13,7.5,9,3.76,A+,Low Risk
ID00837,Female,18,Mathematics,89.3,10.3,3.63,6.9,10,4.0,A+,Low Risk
ID00838,Male,18,Psychology,84.9,2.1,2.89,6.7,10,3.09,B+,Medium Risk
ID00839,Female,19,Economics,79.0,1.5,2.11,6.9,9,2.18,C,Medium Risk
ID00840,Female,18,Mathematics,64.2,9.1,2.92,6.0,8,3.26,B+,Medium Risk
ID00841,Male,22,Mathematics,99.8,4.4,2.29,7.0,10,2.72,B,Medium Risk
ID00842,Female,21,Business,73.4,4.3,3.31,4.6,7,3.21,B+,Low Risk
ID00843,Male,19,Psychology,73.3,4.9,2.26,7.3,10,2.55,C+,Medium Risk
ID00844,Female,21,Economics,99.9,7.6,2.61,5.2,11,3.18,B+,Low Risk
ID00845,Male,21,Engineering,56.8,7.5,2.92,7.1,9,2.7,B,Medium Risk
ID00846,Male,20,Computer Science,62.1,5.9,3.87,7.5,13,3.9,A+,Low Risk
ID00847,Male,20,Psychology,84.7,1.8,2.56,9.1,5,2.8,B,Medium Risk
ID00848,Female,19,Engineering,89.4,1.0,3.11,7.5,6,3.12,B+,Medium Risk
ID00849,Male,23,Psychology,92.3,1.8,3.39,6.6,8,3.56,A,Low Risk
ID00850,Female,24,Engineering,80.5,1.3,3.84,6.1,7,4.0,A+,Medium Risk
ID00851,Male,20,Engineering,100.0,6.3,3.49,8.1,10,3.74,A+,Low Risk
ID00852,Female,24,Psychology,81.6,2.6,3.65,6.9,3,4.0,A+,Low Risk
ID00853,Male,20,Business,81.5,5.8,3.53,5.9,6,4.0,A+,Low Risk
ID00854,Female,20,Psychology,73.0,4.0,2.5,7.2,6,2.73,B,Medium Risk
ID00855,Male,21,Psychology,86.9,2.6,3.28,4.2,10,3.32,A,Low Risk
ID00856,Male,19,Engineering,94.2,2.1,3.52,7.1,10,3.61,A,Low Risk
ID00857,Male,21,Computer Science,100.0,2.5,2.62,5.8,9,2.82,B,Medium Risk
ID00858,Male,22,Engineering,62.7,1.5,2.81,6.5,4,2.85,B,Medium Risk
ID00859,Female,21,Mathematics,81.3,10.4,2.7,10.0,9,3.19,B+,Low Risk
ID00860,Male,24,Psychology,91.7,3.8,3.49,6.3,5,3.73,A+,Low Risk
ID00861,Female,24,Economics,93.8,4.0,3.07,8.2,9,3.33,A,Low Risk
ID00862,Male,22,Psychology,85.1,4.0,2.94,8.6,3,3.18,B+,Low Risk
ID00863,Male,18,Business,93.1,6.2,2.46,8.3,15,2.81,B,Medium Risk
ID00864,Male,18,Economics,72.9,2.3,3.07,7.6,2,3.0,B+,Medium Risk
ID00865,Male,22,Engineering,100.0,7.8,2.82,5.3,5,3.35,A,Low Risk
ID00866,Female,22,Business,99.9,3.3,3.22,6.0,9,3.58,A,Low Risk
ID00867,Male,21,Psychology,64.8,3.2,2.53,5.3,7,2.44,C+,Medium Risk
ID00868,Male,22,Engineering,68.9,8.5,3.19,6.5,7,3.55,A,Low Risk
ID00869,Female,19,Engineering,69.3,2.3,2.88,6.5,8,2.75,B,Medium Risk
ID00870,Female,18,Mathematics,95.2,5.1,2.48,5.6,4,2.94,B,Medium Risk
ID00871,Male,18,Mathematics,65.7,4.0,2.44,7.8,9,2.44,C+,Medium Risk
ID00872,Male,23,Computer Science,80.0,2.6,2.51,6.3,10,2.72,B,Medium Risk
ID00873,Female,22,Mathematics,91.8,5.6,3.0,6.5,6,3.45,A,Low Risk
ID00874,Male,20,Economics,84.0,1.7,3.16,4.6,8,3.2,B+,Low Risk
ID00875,Male,20,Engineering,88.9,2.6,3.23,7.1,10,3.42,A,Low Risk
ID00876,Male,22,Mathematics,69.0,4.3,3.25,6.9,9,3.15,B+,Low Risk
ID00877,Female,19,Computer Science,93.9,9.6,2.72,6.1,7,3.41,A,Low Risk
ID00878,Female,20,Psychology,75.8,9.1,3.63,7.6,9,4.0,A+,Low Risk
ID00879,Male,23,Economics,80.1,5.2,2.88,7.2,8,3.36,A,Low Risk
ID00880,Male,24,Mathematics,88.6,3.3,3.33,7.9,11,3.67,A,Low Risk
ID00881,Male,22,Engineering,86.5,0.8,3.02,7.9,12,3.29,B+,Medium Risk
ID00882,Female,19,Psychology,85.4,6.8,3.29,8.1,7,3.87,A+,Low Risk
ID00883,Male,19,Engineering,73.7,7.3,2.99,9.5,10,3.04,B+,Medium Risk
ID00884,Male,21,Psychology,80.5,5.1,3.3,7.2,9,3.68,A,Low Risk
ID00885,Female,19,Economics,85.0,3.4,3.1,5.6,9,3.23,B+,Low Risk
ID00886,Male,20,Engineering,64.4,6.4,3.51,6.4,7,3.49,A,Low Risk
ID00887,Female,24,Mathematics,78.1,3.9,2.69,6.4,4,2.67,C+,Low Risk
ID00888,Male,20,Mathematics,90.8,3.6,2.22,5.6,10,2.28,C,Medium Risk
ID00889,Male,22,Computer Science,65.8,1.3,2.61,4.0,5,2.57,C+,Medium Risk
ID00890,Male,24,Psychology,100.0,6.2,3.63,7.3,9,4.0,A+,Low Risk
ID00891,Female,22,Computer Science,100.0,4.3,3.02,7.1,7,3.31,A,Low Risk
ID00892,Female,19,Business,66.3,9.1,3.15,9.9,11,3.29,B+,Low Risk
ID00893,Female,23,Mathematics,100.0,2.7,2.57,9.8,12,2.78,B,Medium Risk
ID00894,Male,18,Psychology,82.8,2.2,3.13,8.0,8,3.51,A,Low Risk
ID00895,Female,24,Economics,91.3,7.3,2.59,7.8,7,3.19,B+,Low Risk
ID00896,Male,21,Computer Science,77.6,8.2,2.66,5.8,5,2.63,C+,Low Risk
ID00897,Male,18,Economics,98.8,4.0,2.9,7.3,8,3.36,A,Low Risk
ID00898,Female,19,Economics,91.1,6.6,3.32,6.8,7,3.95,A+,Low Risk
ID00899,Male,19,Economics,72.8,3.3,3.38,7.2,10,3.23,B+,Low Risk
ID00900,Male,18,Computer Science,67.5,3.4,3.39,5.8,3,3.42,A,Low Risk
ID00901,Male,21,Business,63.1,5.1,2.31,7.6,7,2.32,C+,Medium Risk
ID00902,Male,24,Computer Science,87.8,3.4,3.1,4.9,9,3.19,B+,Low Risk
ID00903,Male,24,Engineering,93.6,4.7,3.0,10.0,11,3.3,A,Low Risk
ID00904,Female,18,Mathematics,94.8,4.3,2.33,9.2,4,2.62,C+,Medium Risk
ID00905,Male,22,Computer Science,83.2,1.9,3.11,9.0,3,3.24,B+,Low Risk
ID00906,Female,20,Computer Science,67.6,4.7,2.97,5.1,7,3.12,B+,Medium Risk
ID00907,Female,23,Business,74.8,1.9,3.36,4.6,9,3.1,B+,Medium Risk
ID00908,Male,22,Engineering,100.0,6.3,3.14,7.4,12,3.65,A,Low Risk
ID00909,Male,24,Computer Science,77.7,7.4,2.83,6.5,9,3.01,B+,Low Risk
ID00910,Male,20,Mathematics,87.2,3.6,3.56,9.8,16,3.64,A,Low Risk
ID00911,Female,23,Mathematics,68.9,9.6,1.99,7.9,7,2.17,C,High Risk
ID00912,Male,23,Computer Science,90.0,8.1,3.07,6.9,10,3.46,A,Low Risk
ID00913,Female,23,Economics,78.1,4.7,2.22,9.2,8,2.4,C+,Medium Risk
ID00914,Male,19,Economics,100.0,3.4,2.64,7.3,7,2.99,B,Low Risk
ID00915,Female,23,Engineering,96.6,7.0,3.36,7.3,10,4.0,A+,Low Risk
ID00916,Male,21,Mathematics,77.6,9.7,2.46,8.6,7,2.66,C+,Medium Risk
ID00917,Male,18,Economics,83.1,4.9,2.39,6.0,9,2.83,B,Medium Risk
ID00918,Female,24,Mathematics,76.7,10.6,4.0,8.5,7,4.0,A+,Low Risk
ID00919,Female,21,Engineering,63.7,2.9,2.42,7.8,8,2.61,C+,Medium Risk
ID00920,Male,18,Engineering,72.1,5.9,3.93,5.6,9,3.82,A+,Low Risk
ID00921,Female,22,Economics,88.0,4.0,3.01,9.9,9,3.11,B+,Low Risk
ID00922,Male,22,Computer Science,89.9,2.1,2.84,6.3,4,3.1,B+,Medium Risk
ID00923,Female,18,Psychology,87.2,3.1,3.38,4.5,5,3.41,A,Low Risk
ID00924,Female,21,Business,80.5,7.3,3.77,5.8,9,4.0,A+,Low Risk
ID00925,Male,18,Psychology,99.0,3.8,2.53,5.4,8,2.97,B,Low Risk
ID00926,Male,23,Psychology,86.0,2.9,2.84,7.3,9,3.26,B+,Medium Risk
ID00927,Male,19,Mathematics,95.5,8.3,3.52,9.4,3,3.89,A+,Low Risk
ID00928,Male,24,Engineering,58.4,7.2,3.24,7.4,5,3.27,B+,Medium Risk
ID00929,Female,22,Mathematics,26.2,3.2,3.65,9.4,8,3.31,A,Medium Risk
ID00930,Male,24,Economics,89.3,10.9,3.36,8.6,4,3.8,A+,Low Risk
ID00931,Male,19,Business,63.6,3.9,4.0,4.0,5,3.97,A+,Low Risk
ID00932,Female,23,Economics,81.8,5.0,3.19,8.3,4,3.65,A,Low Risk
ID00933,Female,23,Computer Science,80.5,4.2,3.21,6.1,13,3.49,A,Low Risk
ID00934,Male,22,Business,100.0,2.4,3.26,7.8,9,3.59,A,Low Risk
ID00935,Male,22,Mathematics,91.0,3.7,3.03,6.9,9,3.18,B+,Low Risk
ID00936,Male,23,Mathematics,87.5,4.0,3.52,10.0,5,3.9,A+,Low Risk
ID00937,Male,20,Economics,97.6,1.1,3.22,7.7,7,3.31,A,Medium Risk
ID00938,Female,24,Mathematics,90.5,4.8,3.49,7.9,5,3.92,A+,Low Risk
ID00939,Male,19,Mathematics,78.1,6.7,3.57,8.6,14,3.66,A,Low Risk
ID00940,Female,24,Psychology,100.0,1.9,3.31,4.8,8,3.47,A,Low Risk
ID00941,Male,19,Computer Science,68.4,6.0,3.35,8.6,8,3.3,A,Low Risk
ID00942,Female,20,Psychology,89.8,7.6,2.59,6.7,6,3.14,B+,Low Risk
ID00943,Female,21,Mathematics,61.8,0.3,2.82,6.0,6,2.73,B,Medium Risk
ID00944,Female,19,Engineering,88.1,3.7,3.52,8.2,7,3.73,A+,Low Risk
ID00945,Male,24,Psychology,87.9,10.8,3.81,4.8,9,4.0,A+,Low Risk
ID00946,Male,18,Mathematics,100.0,4.7,2.13,8.4,2,2.29,C,Medium Risk
ID00947,Male,23,Mathematics,61.5,1.0,2.82,6.8,12,2.73,B,Medium Risk
ID00948,Female,23,Computer Science,76.0,1.7,3.11,6.8,8,3.13,B+,Low Risk
ID00949,Female,20,Economics,97.3,4.9,2.66,4.0,6,2.9,B,Low Risk
ID00950,Female,19,Business,90.0,5.8,2.69,8.4,9,2.99,B,Low Risk
ID00951,Female,21,Psychology,87.7,4.2,3.34,7.4,14,3.57,A,Low Risk
ID00952,Female,19,Psychology,70.7,4.7,3.89,6.3,5,4.0,A+,Low Risk
ID00953,Male,23,Psychology,76.1,4.3,2.08,5.6,3,1.89,D,Medium Risk
ID00954,Female,22,Mathematics,100.0,2.7,3.01,8.2,5,3.2,B+,Low Risk
ID00955,Male,18,Computer Science,84.2,4.3,3.33,7.5,12,3.58,A,Low Risk
ID00956,Male,20,Mathematics,90.6,1.4,3.49,7.0,7,3.59,A,Medium Risk
ID00957,Male,22,Mathematics,83.3,3.3,3.26,5.5,3,3.31,A,Low Risk
ID00958,Male,24,Economics,67.3,5.6,3.98,7.5,11,4.0,A+,Low Risk
ID00959,Male,21,Engineering,99.0,2.3,3.11,7.4,6,3.52,A,Low Risk
ID00960,Female,22,Computer Science,92.5,3.5,3.76,9.0,9,4.0,A+,Low Risk
ID00961,Male,24,Psychology,100.0,4.5,2.78,5.2,4,3.17,B+,Low Risk
ID00962,Female,22,Business,69.8,10.5,3.13,5.9,6,3.25,B+,Low Risk
ID00963,Male,21,Psychology,97.3,7.2,2.49,9.9,7,2.83,B,Medium Risk
ID00964,Male,22,Mathematics,65.3,1.3,3.55,7.3,10,3.42,A,Medium Risk
ID00965,Male,20,Computer Science,87.4,11.9,3.04,7.4,6,3.93,A+,Low Risk
ID00966,Male,23,Computer Science,99.6,8.7,3.28,8.4,6,3.83,A+,Low Risk
ID00967,Female,19,Computer Science,53.9,4.6,2.94,9.7,8,2.62,C+,Medium Risk
ID00968,Male,22,Engineering,81.9,6.5,3.39,5.3,9,3.69,A,Low Risk
ID00969,Female,20,Psychology,76.6,2.5,3.3,10.0,7,3.28,B+,Low Risk
ID00970,Male,19,Engineering,74.5,4.0,2.6,6.9,7,2.81,B,Medium Risk
ID00971,Female,24,Economics,90.8,2.4,2.63,7.4,15,2.91,B,Medium Risk
ID00972,Female,19,Business,100.0,5.8,3.09,7.1,12,3.35,A,Low Risk
ID00973,Female,24,Economics,83.0,13.9,3.43,9.2,4,4.0,A+,Low Risk
ID00974,Male,22,Mathematics,88.1,3.2,4.0,8.4,8,4.0,A+,Low Risk
ID00975,Male,20,Engineering,86.7,3.7,3.25,6.8,8,3.54,A,Low Risk
ID00976,Male,23,Engineering,85.0,4.1,3.6,5.3,8,3.91,A+,Low Risk
ID00977,Female,22,Economics,68.7,3.3,2.29,6.6,7,2.31,C+,Medium Risk
ID00978,Male,24,Mathematics,100.0,5.6,4.0,5.0,4,4.0,A+,Low Risk
ID00979,Male,21,Computer Science,89.4,7.5,3.4,8.3,8,3.75,A+,Low Risk
ID00980,Female,19,Mathematics,90.9,2.8,3.08,6.0,7,3.35,A,Low Risk
ID00981,Male,22,Psychology,72.9,4.0,3.02,6.8,6,2.9,B,Low Risk
ID00982,Female,24,Economics,78.1,6.0,2.55,8.8,7,2.72,B,Low Risk
ID00983,Male,19,Mathematics,82.4,2.2,2.69,8.2,8,2.78,B,Medium Risk
ID00984,Male,24,Computer Science,62.0,1.8,4.0,7.6,6,4.0,A+,Medium Risk
ID00985,Female,20,Mathematics,59.7,2.8,2.61,5.8,10,2.0,C,High Risk
ID00986,Male,18,Engineering,76.0,6.2,2.6,7.7,10,2.91,B,Low Risk
ID00987,Female,22,Business,92.8,2.2,2.75,5.8,9,3.1,B+,Medium Risk
ID00988,Male,23,Engineering,75.2,2.9,2.5,7.7,12,2.48,C+,Medium Risk
ID00989,Male,22,Business,69.7,4.1,3.11,5.0,8,3.06,B+,Low Risk
ID00990,Female,19,Mathematics,72.8,4.5,3.64,8.8,11,3.66,A,Low Risk
ID00991,Female,20,Psychology,78.2,3.7,2.79,7.3,9,3.02,B+,Low Risk
ID00992,Female,24,Mathematics,79.7,4.1,2.41,7.0,8,2.49,C+,Medium Risk
ID00993,Male,21,Computer Science,100.0,1.5,3.25,7.6,12,3.3,A,Low Risk
ID00994,Female,23,Mathematics,100.0,2.7,3.07,6.8,8,3.38,A,Low Risk
ID00995,Male,20,Business,100.0,6.5,3.6,7.1,7,4.0,A+,Low Risk
ID00996,Male,22,Engineering,100.0,2.6,2.87,8.9,3,3.15,B+,Medium Risk
ID00997,Female,21,Psychology,70.0,4.6,2.97,8.6,6,2.87,B,Medium Risk
ID00998,Male,20,Mathematics,66.7,4.3,3.03,8.1,9,3.16,B+,Low Risk
ID00999,Female,18,Mathematics,68.4,6.1,3.14,7.4,9,3.42,A,Low Risk
ID01000,Male,23,Engineering,100.0,6.6,2.9,6.5,10,3.31,A,Low Risk
ID01001,Male,19,Psychology,76.8,7.7,2.82,8.6,13,2.9,B,Low Risk
ID01002,Male,20,Economics,66.2,9.0,2.17,5.6,7,2.38,C+,Medium Risk
ID01003,Female,20,Mathematics,78.5,2.2,2.82,9.7,4,2.52,C+,Medium Risk
ID01004,Female,18,Mathematics,81.4,0.9,3.46,8.1,12,3.63,A,Medium Risk
ID01005,Female,22,Economics,89.0,3.2,3.53,8.8,6,3.78,A+,Low Risk
ID01006,Female,24,Business,88.8,2.1,2.86,7.7,7,3.04,B+,Medium Risk
ID01007,Female,24,Business,72.6,2.4,3.75,6.8,5,3.78,A+,Medium Risk
ID01008,Female,23,Computer Science,95.3,5.5,3.09,8.4,6,3.25,B+,Low Risk
ID01009,Male,23,Engineering,75.4,7.4,2.43,4.9,9,2.73,B,Medium Risk
ID01010,Male,19,Psychology,82.7,4.6,2.27,6.1,5,2.48,C+,Medium Risk
ID01011,Male,20,Mathematics,95.3,2.7,3.71,6.7,7,3.93,A+,Low Risk
ID01012,Female,21,Mathematics,75.4,4.8,2.91,4.9,10,3.09,B+,Low Risk
ID01013,Female,20,Computer Science,76.5,6.2,2.49,8.0,6,2.61,C+,Medium Risk
ID01014,Male,24,Mathematics,93.9,1.5,1.97,8.9,6,2.25,C,High Risk
ID01015,Female,19,Engineering,72.1,3.3,2.9,4.4,6,2.68,C+,Medium Risk
ID01016,Female,20,Computer Science,79.2,3.5,3.3,6.4,7,3.15,B+,Low Risk
ID01017,Male,18,Engineering,93.3,3.7,2.75,6.7,13,2.93,B,Low Risk
ID01018,Female,24,Computer Science,100.0,2.3,2.57,7.5,6,3.02,B+,Medium Risk
ID01019,Female,20,Mathematics,94.1,4.8,2.83,8.3,8,2.96,B,Low Risk
ID01020,Male,20,Computer Science,92.1,5.1,3.72,6.6,8,4.0,A+,Low Risk
ID01021,Female,24,Business,93.0,2.2,2.4,8.4,8,2.54,C+,Medium Risk
ID01022,Male,21,Psychology,68.9,8.5,2.78,7.1,7,3.2,B+,Medium Risk
ID01023,Female,24,Mathematics,86.7,1.8,3.71,6.1,12,3.87,A+,Low Risk
ID01024,Female,18,Economics,84.6,2.6,3.35,7.3,5,3.44,A,Low Risk
ID01025,Female,18,Psychology,89.8,1.7,3.19,5.1,3,3.42,A,Low Risk
ID01026,Male,20,Mathematics,86.7,1.5,2.78,6.6,9,3.04,B+,Medium Risk
ID01027,Female,23,Psychology,90.7,4.4,3.12,6.7,12,3.46,A,Low Risk
ID01028,Female,21,Business,80.3,2.6,2.83,6.1,10,3.04,B+,Medium Risk
ID01029,Male,20,Psychology,85.9,6.7,2.67,10.0,8,3.21,B+,Low Risk
ID01030,Female,24,Computer Science,66.6,2.3,2.56,9.0,6,2.27,C,Medium Risk
ID01031,Male,20,Psychology,80.2,2.6,3.49,7.3,7,3.63,A,Low Risk
ID01032,Female,19,Mathematics,100.0,6.2,3.07,7.6,6,3.34,A,Low Risk
ID01033,Male,19,Economics,89.8,1.9,3.26,7.8,12,3.33,A,Low Risk
ID01034,Male,23,Economics,84.7,3.0,3.18,7.9,3,3.62,A,Low Risk
ID01035,Male,21,Engineering,100.0,8.4,3.32,9.3,10,3.91,A+,Low Risk
ID01036,Female,22,Psychology,64.6,0.5,2.97,8.4,7,2.59,C+,Medium Risk
ID01037,Male,19,Economics,68.4,0.3,2.86,4.0,8,2.74,B,Medium Risk
ID01038,Female,22,Psychology,100.0,1.5,2.69,8.3,9,2.87,B,Medium Risk
ID01039,Male,18,Economics,85.7,9.2,2.39,5.7,9,2.85,B,Medium Risk
ID01040,Male,19,Psychology,81.4,5.2,2.54,6.2,8,2.78,B,Low Risk
ID01041,Male,19,Mathematics,67.0,4.8,2.92,8.5,8,2.95,B,Medium Risk
ID01042,Female,21,Psychology,91.7,1.5,2.3,4.2,7,2.56,C+,Medium Risk
ID01043,Male,23,Mathematics,93.2,4.3,2.41,9.6,6,2.64,C+,Medium Risk
ID01044,Female,22,Mathematics,68.6,2.2,3.62,8.2,9,3.45,A,Medium Risk
ID01045,Female,24,Engineering,82.9,6.8,3.21,7.5,6,3.83,A+,Low Risk
ID01046,Female,19,Economics,80.0,6.9,2.87,8.3,10,3.15,B+,Low Risk
ID01047,Male,19,Computer Science,88.8,2.8,4.0,8.7,8,4.0,A+,Low Risk
ID01048,Male,21,Mathematics,68.2,5.4,2.28,7.3,13,2.48,C+,Medium Risk
ID01049,Female,21,Economics,100.0,5.0,3.59,8.2,8,3.95,A+,Low Risk
ID01050,Male,23,Business,98.7,3.7,3.04,5.5,7,3.44,A,Low Risk
ID01051,Female,22,Psychology,79.6,2.2,3.49,8.2,10,3.28,B+,Low Risk
ID01052,Male,18,Business,81.8,3.0,3.15,7.9,8,3.33,A,Low Risk
ID01053,Female,24,Psychology,83.0,6.6,2.16,9.2,17,2.21,C,Medium Risk
ID01054,Female,23,Engineering,73.3,8.5,3.15,7.3,7,3.38,A,Low Risk
ID01055,Female,18,Mathematics,78.3,3.2,3.27,7.5,7,3.46,A,Low Risk
ID01056,Male,20,Computer Science,80.9,9.0,2.0,5.6,8,2.67,C+,Medium Risk
ID01057,Female,19,Mathematics,100.0,5.2,4.0,7.0,8,4.0,A+,Low Risk
ID01058,Male,22,Psychology,99.2,3.8,3.26,7.9,9,3.56,A,Low Risk
ID01059,Male,23,Computer Science,99.0,3.5,3.44,8.1,8,3.64,A,Low Risk
ID01060,Female,19,Mathematics,90.5,2.3,2.52,9.6,9,2.78,B,Medium Risk
ID01061,Female,22,Computer Science,68.2,5.6,3.45,7.7,7,3.6,A,Low Risk
ID01062,Female,22,Psychology,84.4,9.8,3.64,6.9,7,4.0,A+,Low Risk
ID01063,Female,22,Engineering,99.6,3.7,3.23,7.8,11,3.67,A,Low Risk
ID01064,Male,19,Engineering,66.1,2.1,3.1,6.2,11,3.22,B+,Medium Risk
ID01065,Male,23,Mathematics,94.5,6.2,2.65,9.0,9,3.1,B+,Low Risk
ID01066,Female,24,Business,100.0,3.1,2.99,6.0,7,3.17,B+,Low Risk
ID01067,Male,21,Psychology,100.0,2.3,2.84,6.4,10,3.22,B+,Medium Risk
ID01068,Male,19,Mathematics,100.0,1.4,3.39,5.4,6,3.71,A+,Medium Risk
ID01069,Male,22,Mathematics,88.3,5.5,2.68,7.1,10,3.18,B+,Low Risk
ID01070,Male,23,Engineering,99.5,7.7,3.38,8.0,9,3.81,A+,Low Risk
ID01071,Male,24,Computer Science,74.2,1.7,2.68,9.5,9,2.32,C+,Medium Risk
ID01072,Male,20,Psychology,96.9,3.3,2.97,6.9,5,3.24,B+,Low Risk
ID01073,Male,18,Computer Science,94.8,3.5,3.41,6.7,11,3.72,A+,Low Risk
ID01074,Male,22,Economics,89.3,2.4,2.75,4.0,12,3.08,B+,Medium Risk
ID01075,Female,20,Economics,100.0,8.8,3.43,7.3,6,4.0,A+,Low Risk
ID01076,Male,21,Psychology,76.9,1.4,3.38,7.0,8,3.21,B+,Medium Risk
ID01077,Male,24,Business,82.2,5.2,2.96,7.0,8,3.45,A,Low Risk
ID01078,Female,24,Economics,86.4,5.8,3.68,9.3,13,3.86,A+,Low Risk
ID01079,Male,22,Engineering,69.6,2.4,3.14,7.8,11,3.0,B+,Medium Risk
ID01080,Female,24,Business,88.4,2.0,3.65,6.4,7,4.0,A+,Low Risk
ID01081,Female,20,Mathematics,59.2,2.7,4.0,5.6,9,3.5,A,Medium Risk
ID01082,Male,22,Economics,100.0,1.0,2.98,5.3,7,2.89,B,Medium Risk
ID01083,Male,19,Engineering,85.7,10.0,3.42,6.3,11,4.0,A+,Low Risk
ID01084,Female,23,Mathematics,77.2,2.8,2.78,7.6,11,2.83,B,Medium Risk
ID01085,Female,20,Business,72.5,3.1,2.58,4.0,9,2.6,C+,Medium Risk
ID01086,Male,23,Psychology,81.5,11.0,3.0,6.8,6,3.62,A,Low Risk
ID01087,Female,19,Mathematics,95.3,1.2,2.42,8.2,9,2.5,C+,Medium Risk
ID01088,Male,19,Computer Science,93.2,3.7,2.63,5.4,10,2.89,B,Low Risk
ID01089,Female,23,Psychology,74.4,6.3,3.4,6.7,10,3.39,A,Low Risk
ID01090,Male,20,Psychology,72.3,10.0,2.84,5.5,6,2.97,B,Medium Risk
ID01091,Female,23,Business,94.9,1.3,3.46,4.0,6,3.52,A,Medium Risk
ID01092,Female,23,Business,74.2,10.8,3.25,5.8,8,3.45,A,Low Risk
ID01093,Female,18,Engineering,85.9,3.3,4.0,5.4,4,4.0,A+,Low Risk
ID01094,Male,20,Engineering,86.9,3.3,3.36,8.2,11,3.64,A,Low Risk
ID01095,Male,18,Computer Science,89.7,1.8,3.66,7.7,9,3.92,A+,Low Risk
ID01096,Male,22,Psychology,97.9,4.2,3.3,5.4,4,3.67,A,Low Risk
ID01097,Male,24,Computer Science,66.1,10.8,3.26,8.9,11,3.6,A,Low Risk
ID01098,Male,23,Computer Science,56.3,4.1,3.68,8.1,7,3.25,B+,Medium Risk
ID01099,Female,22,Business,76.5,2.3,3.43,6.6,8,3.24,B+,Low Risk
ID01100,Male,20,Computer Science,100.0,2.6,3.21,7.5,6,3.55,A,Low Risk
ID01101,Male,23,Computer Science,100.0,2.7,3.2,5.6,12,3.27,B+,Low Risk
ID01102,Female,24,Mathematics,100.0,9.2,3.37,4.0,7,3.81,A+,Low Risk
ID01103,Female,22,Engineering,82.1,10.4,2.76,7.1,13,3.55,A,Low Risk
ID01104,Female,21,Engineering,58.3,1.4,2.74,5.0,11,2.15,C,High Risk
ID01105,Female,19,Psychology,49.9,1.9,3.81,6.7,10,3.47,A,Medium Risk
ID01106,Male,23,Engineering,75.8,2.0,4.0,7.6,10,3.79,A+,Low Risk
ID01107,Male,24,Economics,82.0,2.8,2.64,4.1,10,2.8,B,Medium Risk
ID01108,Female,19,Psychology,100.0,11.5,2.77,7.3,8,3.69,A,Low Risk
ID01109,Female,18,Mathematics,98.0,10.7,3.67,8.2,10,4.0,A+,Low Risk
ID01110,Male,22,Engineering,88.4,4.0,3.37,4.0,7,3.8,A+,Low Risk
ID01111,Female,18,Mathematics,71.7,3.0,3.44,8.1,5,3.38,A,Low Risk
ID01112,Male,24,Engineering,70.6,0.8,3.55,9.8,16,2.96,B,Medium Risk
ID01113,Male,23,Engineering,88.8,4.5,2.98,6.6,10,3.3,A,Low Risk
ID01114,Male,19,Mathematics,95.5,4.2,3.26,8.1,5,3.4,A,Low Risk
ID01115,Female,19,Computer Science,90.9,1.7,3.23,5.5,10,3.2,B+,Low Risk
ID01116,Female,22,Computer Science,69.5,5.1,2.67,8.4,7,2.54,C+,Medium Risk
ID01117,Male,23,Computer Science,94.8,6.8,3.26,7.8,13,3.74,A+,Low Risk
ID01118,Female,21,Economics,91.4,1.7,3.72,7.3,9,3.77,A+,Low Risk
ID01119,Male,21,Computer Science,68.9,2.9,2.93,7.2,8,3.1,B+,Medium Risk
ID01120,Male,22,Engineering,73.2,6.6,3.18,7.6,10,3.38,A,Low Risk
ID01121,Female,23,Business,95.3,2.5,3.2,6.9,8,3.34,A,Low Risk
ID01122,Female,22,Mathematics,81.5,2.8,2.96,5.5,7,3.12,B+,Medium Risk
ID01123,Female,23,Business,100.0,2.9,3.44,6.8,8,3.69,A,Low Risk
ID01124,Female,24,Economics,92.5,5.2,2.76,6.9,5,3.3,A,Low Risk
ID01125,Female,24,Business,77.7,7.4,3.77,5.2,5,3.74,A+,Low Risk
ID01126,Female,18,Psychology,84.8,9.6,3.41,6.8,7,4.0,A+,Low Risk
ID01127,Male,22,Computer Science,86.0,7.1,2.63,6.9,5,3.22,B+,Low Risk
ID01128,Male,23,Economics,74.1,4.0,3.95,6.2,10,3.95,A+,Low Risk
ID01129,Male,21,Engineering,71.3,5.8,3.18,7.5,5,3.26,B+,Low Risk
ID01130,Male,23,Computer Science,95.5,1.6,2.74,7.9,3,2.91,B,Medium Risk
ID01131,Female,24,Computer Science,97.7,12.4,3.65,6.0,8,4.0,A+,Low Risk
ID01132,Male,23,Business,94.1,2.3,3.35,7.2,7,3.46,A,Low Risk
ID01133,Male,22,Psychology,100.0,5.5,2.21,8.4,3,2.68,C+,Medium Risk
ID01134,Male,18,Computer Science,76.9,4.4,2.84,5.5,10,2.64,C+,Low Risk
ID01135,Female,18,Mathematics,100.0,1.5,3.24,4.5,4,3.29,B+,Low Risk
ID01136,Male,18,Mathematics,71.5,2.3,2.02,5.6,9,1.84,D,High Risk
ID01137,Female,18,Computer Science,69.8,7.7,3.14,7.8,10,3.33,A,Low Risk
ID01138,Male,24,Business,58.6,3.6,3.18,6.3,15,2.79,B,Medium Risk
ID01139,Male,20,Business,78.3,2.1,2.51,5.1,9,2.41,C+,Medium Risk
ID01140,Female,22,Engineering,77.4,3.3,3.24,8.9,7,3.14,B+,Low Risk
ID01141,Female,19,Economics,92.9,2.1,3.1,5.2,4,3.28,B+,Low Risk
ID01142,Male,22,Economics,88.7,2.8,2.5,6.7,5,2.84,B,Medium Risk
ID01143,Female,20,Economics,67.1,1.2,3.56,8.1,8,3.25,B+,Medium Risk
ID01144,Female,18,Psychology,79.1,4.0,3.52,8.0,6,3.74,A+,Low Risk
ID01145,Male,20,Business,79.4,4.3,2.96,7.6,4,3.16,B+,Low Risk
ID01146,Female,21,Engineering,58.4,2.8,3.0,6.0,9,2.82,B,Medium Risk
ID01147,Female,21,Mathematics,70.3,7.6,3.46,7.8,5,3.7,A+,Low Risk
ID01148,Female,24,Economics,73.4,2.9,3.0,7.0,10,3.12,B+,Medium Risk
ID01149,Female,22,Mathematics,100.0,3.6,2.13,7.6,12,2.51,C+,Medium Risk
ID01150,Female,22,Mathematics,87.9,2.7,3.34,9.1,9,3.51,A,Low Risk
ID01151,Female,19,Computer Science,94.9,3.1,2.69,5.2,6,3.0,B+,Low Risk
ID01152,Female,24,Psychology,62.5,5.9,2.91,7.6,10,3.09,B+,Medium Risk
ID01153,Female,19,Engineering,100.0,1.6,3.83,7.2,12,3.86,A+,Low Risk
ID01154,Female,21,Psychology,100.0,5.1,3.03,8.4,7,3.53,A,Low Risk
ID01155,Female,18,Computer Science,55.0,2.5,3.1,9.7,5,2.65,C+,Medium Risk
ID01156,Female,20,Engineering,74.4,1.7,3.35,9.6,15,3.21,B+,Medium Risk
ID01157,Male,19,Engineering,92.4,3.2,3.35,8.3,13,3.52,A,Low Risk
ID01158,Female,23,Business,94.7,9.2,2.64,6.1,8,3.09,B+,Low Risk
ID01159,Female,19,Psychology,74.8,5.5,3.07,6.4,10,3.33,A,Low Risk
ID01160,Male,18,Psychology,80.4,3.1,3.12,8.1,6,3.4,A,Low Risk
ID01161,Female,18,Business,76.0,2.1,3.24,5.1,8,3.23,B+,Low Risk
ID01162,Male,22,Mathematics,86.7,10.5,3.24,6.6,10,3.91,A+,Low Risk
ID01163,Male,20,Computer Science,100.0,4.7,4.0,5.9,6,4.0,A+,Low Risk
ID01164,Female,18,Psychology,73.4,4.0,2.51,5.2,3,2.58,C+,Medium Risk
ID01165,Male,24,Business,100.0,5.4,3.59,7.4,10,3.94,A+,Low Risk
ID01166,Female,19,Engineering,73.3,5.7,3.69,8.2,4,3.53,A,Low Risk
ID01167,Female,19,Economics,72.3,2.9,3.35,7.9,10,3.49,A,Medium Risk
ID01168,Male,21,Business,97.3,6.4,2.77,7.2,9,3.11,B+,Low Risk
ID01169,Male,18,Economics,98.8,1.4,3.93,6.5,10,4.0,A+,Medium Risk
ID01170,Male,23,Mathematics,97.8,5.6,2.0,6.2,9,2.48,C+,Medium Risk
ID01171,Female,22,Computer Science,65.3,3.0,2.76,8.3,8,2.71,B,Medium Risk
ID01172,Female,20,Economics,78.0,7.8,3.69,6.2,12,3.83,A+,Low Risk
ID01173,Female,23,Mathematics,97.3,2.9,2.91,6.2,11,3.17,B+,Medium Risk
ID01174,Male,22,Economics,85.6,7.0,3.9,7.6,7,4.0,A+,Low Risk
ID01175,Female,19,Engineering,68.9,4.8,2.34,5.5,9,2.21,C,Medium Risk
ID01176,Male,23,Engineering,91.9,14.0,2.54,7.1,13,3.48,A,Low Risk
ID01177,Female,22,Engineering,74.3,6.3,2.83,6.2,6,2.83,B,Medium Risk
ID01178,Male,19,Engineering,100.0,4.1,3.31,6.0,6,3.67,A,Low Risk
ID01179,Female,19,Business,100.0,1.1,2.99,6.6,5,3.21,B+,Medium Risk
ID01180,Male,19,Engineering,94.1,7.5,2.85,8.1,5,3.46,A,Low Risk
ID01181,Female,19,Engineering,100.0,7.7,3.81,7.3,8,4.0,A+,Low Risk
ID01182,Male,24,Business,86.0,3.2,3.86,7.4,7,4.0,A+,Low Risk
ID01183,Female,19,Engineering,96.5,2.5,2.89,8.1,7,3.2,B+,Medium Risk
ID01184,Female,21,Mathematics,100.0,6.6,2.25,7.9,7,2.85,B,Medium Risk
ID01185,Male,23,Mathematics,88.7,4.7,2.02,6.7,7,2.22,C,Medium Risk
ID01186,Female,22,Psychology,81.2,3.6,3.22,7.8,7,3.72,A+,Low Risk
ID01187,Female,21,Mathematics,59.4,5.2,3.43,6.7,7,3.32,A,Medium Risk
ID01188,Male,24,Computer Science,83.8,3.2,3.13,7.7,9,3.51,A,Low Risk
ID01189,Male,21,Computer Science,97.4,7.7,3.06,8.6,6,3.58,A,Low Risk
ID01190,Female,18,Computer Science,99.2,3.3,2.7,7.8,11,2.9,B,Low Risk
ID01191,Male,18,Business,92.6,6.6,3.43,5.1,8,3.62,A,Low Risk
ID01192,Female,18,Mathematics,76.9,4.1,3.94,6.3,14,3.89,A+,Low Risk
ID01193,Male,20,Computer Science,55.3,4.9,1.99,8.0,6,1.9,D,High Risk
ID01194,Female,18,Psychology,77.6,10.3,3.06,4.0,5,3.36,A,Low Risk
ID01195,Male,22,Business,80.4,2.9,2.61,7.5,7,2.85,B,Medium Risk
ID01196,Female,21,Psychology,80.3,6.3,2.35,7.4,6,2.71,B,Medium Risk
ID01197,Female,22,Mathematics,94.3,9.0,2.54,10.0,10,3.16,B+,Low Risk
ID01198,Female,23,Engineering,100.0,6.2,3.29,7.6,5,3.73,A+,Low Risk
ID01199,Female,18,Psychology,86.9,7.9,3.3,6.8,7,3.89,A+,Low Risk
ID01200,Male,24,Engineering,81.7,4.4,3.83,8.7,12,3.91,A+,Low Risk
ID01201,Female,20,Business,81.1,6.0,3.1,6.5,6,3.52,A,Low Risk
ID01202,Male,23,Psychology,86.9,7.0,2.22,7.1,2,2.53,C+,Medium Risk
ID01203,Male,24,Psychology,72.6,4.0,2.98,7.1,6,3.14,B+,Medium Risk
ID01204,Male,20,Economics,86.8,13.6,2.41,7.9,4,3.14,B+,Medium Risk
ID01205,Male,23,Business,91.8,2.3,2.5,5.6,7,2.53,C+,Medium Risk
ID01206,Female,21,Business,88.1,2.1,3.39,8.3,11,3.72,A+,Low Risk
ID01207,Female,22,Computer Science,91.9,9.7,3.2,6.2,5,3.64,A,Low Risk
ID01208,Male,19,Mathematics,91.5,8.8,3.39,10.0,7,3.76,A+,Low Risk
ID01209,Male,22,Psychology,58.4,2.6,2.92,4.7,6,2.4,C+,High Risk
ID01210,Female,18,Psychology,94.6,7.9,3.5,5.9,4,4.0,A+,Low Risk
ID01211,Male,24,Business,74.9,5.3,2.89,4.0,9,2.99,B,Medium Risk
ID01212,Male,19,Business,68.6,4.1,3.66,10.0,8,3.8,A+,Low Risk
ID01213,Male,20,Mathematics,68.4,2.5,3.27,5.2,11,3.22,B+,Medium Risk
ID01214,Female,21,Business,91.5,3.8,3.0,8.1,6,3.13,B+,Low Risk
ID01215,Female,21,Engineering,81.7,2.2,3.21,8.1,13,3.24,B+,Low Risk
ID01216,Male,20,Engineering,59.8,3.4,3.09,5.6,10,2.81,B,Medium Risk
ID01217,Male,18,Economics,92.2,2.2,3.9,8.2,7,4.0,A+,Low Risk
ID01218,Female,20,Engineering,63.4,1.6,3.22,5.4,7,3.21,B+,Medium Risk
ID01219,Female,23,Engineering,87.1,8.0,3.1,5.8,5,3.66,A,Low Risk
ID01220,Male,24,Mathematics,88.6,3.6,2.98,4.7,6,3.33,A,Low Risk
ID01221,Female,24,Psychology,98.3,5.0,3.52,8.0,6,3.98,A+,Low Risk
ID01222,Male,18,Engineering,100.0,2.8,3.45,4.1,12,3.73,A+,Low Risk
ID01223,Male,19,Economics,64.5,3.5,2.96,7.6,11,2.83,B,Medium Risk
ID01224,Female,20,Business,84.2,2.1,2.52,6.8,8,2.71,B,Medium Risk
ID01225,Male,18,Engineering,80.9,9.7,2.65,9.6,10,3.17,B+,Low Risk
ID01226,Female,24,Economics,91.5,0.8,3.01,7.0,10,3.27,B+,Medium Risk
ID01227,Male,19,Mathematics,88.2,6.7,3.77,8.3,5,4.0,A+,Low Risk
ID01228,Male,20,Business,79.7,2.8,2.97,7.8,10,2.91,B,Medium Risk
ID01229,Female,21,Economics,78.4,2.1,2.8,6.8,5,2.78,B,Medium Risk
ID01230,Male,20,Engineering,68.3,1.5,2.22,8.7,9,2.0,C,High Risk
ID01231,Female,22,Psychology,99.8,4.4,3.86,7.6,7,4.0,A+,Low Risk
ID01232,Male,20,Business,91.9,6.2,3.38,8.3,8,3.93,A+,Low Risk
ID01233,Male,22,Business,98.8,5.9,3.5,5.6,8,4.0,A+,Low Risk
ID01234,Male,19,Psychology,80.3,3.1,3.58,7.8,7,3.7,A+,Low Risk
ID01235,Female,20,Business,75.1,3.5,3.02,8.2,15,2.96,B,Low Risk
ID01236,Male,19,Engineering,68.8,2.1,3.14,5.4,12,3.08,B+,Medium Risk
ID01237,Female,19,Business,90.4,2.3,3.84,6.9,11,4.0,A+,Low Risk
ID01238,Male,24,Engineering,69.4,8.0,3.19,4.4,9,3.28,B+,Low Risk
ID01239,Female,18,Psychology,100.0,1.1,3.39,4.6,5,3.62,A,Medium Risk
ID01240,Male,19,Computer Science,65.4,1.0,3.54,6.9,10,3.49,A,Medium Risk
ID01241,Female,19,Psychology,89.1,2.6,3.42,9.7,7,3.5,A,Low Risk
ID01242,Female,24,Engineering,100.0,9.6,3.04,9.8,2,3.61,A,Low Risk
ID01243,Female,24,Mathematics,94.0,4.1,3.08,6.5,11,3.34,A,Low Risk
ID01244,Female,20,Psychology,87.6,13.7,3.49,5.6,8,4.0,A+,Low Risk
ID01245,Female,24,Mathematics,70.5,3.3,3.49,8.4,4,3.51,A,Low Risk
ID01246,Female,20,Mathematics,64.3,6.0,3.68,4.0,11,3.65,A,Low Risk
ID01247,Male,21,Engineering,96.6,7.4,3.38,6.4,10,3.81,A+,Low Risk
ID01248,Male,24,Engineering,100.0,12.3,3.4,5.9,7,4.0,A+,Low Risk
ID01249,Female,18,Computer Science,78.4,2.7,2.88,6.9,11,2.87,B,Medium Risk
ID01250,Female,19,Economics,67.9,4.0,2.81,9.1,4,2.62,C+,Medium Risk
ID01251,Female,18,Business,48.1,3.6,3.49,4.0,7,3.14,B+,Medium Risk
ID01252,Male,22,Psychology,70.3,6.3,2.81,7.5,12,3.04,B+,Medium Risk
ID01253,Male,24,Engineering,83.3,9.1,3.09,7.5,5,3.69,A,Low Risk
ID01254,Male,19,Psychology,100.0,9.0,3.79,6.9,8,4.0,A+,Low Risk
ID01255,Female,18,Economics,95.1,2.7,3.71,7.4,10,3.94,A+,Low Risk
ID01256,Male,24,Economics,89.6,2.3,3.25,7.8,8,3.67,A,Low Risk
ID01257,Male,24,Mathematics,79.0,5.9,2.95,7.2,4,2.99,B,Low Risk
ID01258,Male,21,Business,76.3,1.9,3.04,4.0,3,2.8,B,Low Risk
ID01259,Male,21,Computer Science,100.0,6.4,3.53,5.7,8,4.0,A+,Low Risk
ID01260,Female,19,Psychology,88.0,4.0,3.08,9.4,13,3.15,B+,Low Risk
ID01261,Male,22,Business,53.5,8.2,2.82,5.2,10,2.87,B,Medium Risk
ID01262,Female,21,Computer Science,74.9,7.5,3.71,7.1,12,3.99,A+,Low Risk
ID01263,Male,21,Psychology,72.1,4.4,3.19,5.9,2,3.28,B+,Low Risk
ID01264,Male,22,Business,76.8,1.8,2.81,7.9,8,2.78,B,Medium Risk
ID01265,Male,18,Engineering,93.4,1.9,3.34,6.7,6,3.7,A+,Low Risk
ID01266,Male,21,Psychology,83.4,4.2,3.59,8.0,6,3.92,A+,Low Risk
ID01267,Male,20,Business,83.8,5.3,2.6,7.6,6,3.05,B+,Low Risk
ID01268,Male,23,Economics,100.0,3.3,3.0,6.4,9,3.38,A,Low Risk
ID01269,Female,23,Computer Science,74.6,2.2,2.98,4.0,6,3.0,B+,Medium Risk
ID01270,Male,21,Business,100.0,3.4,3.33,5.7,5,3.36,A,Low Risk
ID01271,Female,18,Engineering,74.9,8.3,3.42,5.2,7,3.43,A,Low Risk
ID01272,Female,24,Psychology,86.3,3.4,2.82,5.2,8,3.12,B+,Low Risk
ID01273,Female,18,Psychology,80.8,2.7,2.35,7.8,10,2.57,C+,Medium Risk
ID01274,Male,19,Psychology,86.9,1.8,3.62,10.0,5,3.83,A+,Low Risk
ID01275,Male,20,Engineering,91.7,3.9,2.54,4.0,6,2.68,C+,Low Risk
ID01276,Male,18,Computer Science,91.5,7.5,3.24,4.7,9,3.72,A+,Low Risk
ID01277,Male,22,Psychology,73.7,7.8,3.03,7.3,9,3.26,B+,Low Risk
ID01278,Female,20,Computer Science,68.2,2.4,3.18,6.6,5,3.0,B+,Medium Risk
ID01279,Male,23,Business,100.0,4.4,3.93,7.7,8,4.0,A+,Low Risk
ID01280,Male,20,Economics,77.7,2.5,4.0,6.9,12,4.0,A+,Low Risk
ID01281,Female,22,Economics,95.5,3.2,2.28,9.0,5,2.6,C+,Medium Risk
ID01282,Female,21,Computer Science,60.9,3.8,3.59,7.9,8,3.71,A+,Low Risk
ID01283,Female,22,Computer Science,80.8,2.9,3.02,8.3,11,3.02,B+,Low Risk
ID01284,Male,22,Economics,83.1,0.3,3.62,8.5,7,3.69,A,Medium Risk
ID01285,Male,21,Psychology,92.1,9.7,3.58,5.2,7,4.0,A+,Low Risk
ID01286,Male,21,Mathematics,44.2,2.7,3.8,7.9,6,3.37,A,Medium Risk
ID01287,Male,21,Mathematics,87.5,2.6,3.24,8.0,11,3.57,A,Low Risk
ID01288,Male,21,Engineering,67.8,2.4,2.66,6.5,9,2.8,B,Medium Risk
ID01289,Male,21,Economics,89.9,1.4,3.56,6.5,6,3.88,A+,Medium Risk
ID01290,Male,22,Economics,69.5,9.9,3.16,6.5,10,3.52,A,Low Risk
ID01291,Male,19,Engineering,72.2,4.0,2.98,5.7,7,2.85,B,Medium Risk
ID01292,Male,19,Mathematics,80.9,5.4,2.86,4.9,8,3.23,B+,Low Risk
ID01293,Female,18,Business,69.2,5.0,3.6,10.0,9,3.69,A,Low Risk
ID01294,Female,19,Psychology,77.9,2.9,3.9,8.6,10,3.85,A+,Low Risk
ID01295,Female,23,Psychology,67.1,4.0,2.5,7.0,8,2.65,C+,Medium Risk
ID01296,Male,19,Business,57.5,6.1,3.41,4.8,10,3.08,B+,Medium Risk
ID01297,Male,22,Business,100.0,1.5,2.91,7.8,11,3.14,B+,Medium Risk
ID01298,Male,21,Mathematics,65.6,3.2,2.37,6.5,8,2.4,C+,Medium Risk
ID01299,Female,21,Engineering,82.3,3.5,3.17,6.8,7,3.33,A,Low Risk
ID01300,Female,24,Business,96.3,2.8,2.68,10.0,9,2.74,B,Medium Risk
ID01301,Male,24,Engineering,75.8,2.8,2.31,9.8,7,2.12,C,Medium Risk
ID01302,Female,24,Computer Science,72.6,4.5,2.71,4.0,8,2.5,C+,Medium Risk
ID01303,Male,22,Psychology,88.4,8.5,2.59,7.5,7,3.06,B+,Low Risk
ID01304,Male,23,Mathematics,100.0,5.2,2.78,7.2,10,3.2,B+,Low Risk
ID01305,Female,19,Psychology,67.5,2.3,2.44,7.5,7,2.42,C+,High Risk
ID01306,Female,22,Mathematics,82.7,14.0,2.9,6.2,9,3.65,A,Low Risk
ID01307,Female,18,Computer Science,59.0,8.6,2.74,7.0,7,2.9,B,Medium Risk
ID01308,Female,21,Psychology,79.1,3.0,3.29,5.4,6,3.18,B+,Low Risk
ID01309,Male,24,Computer Science,85.5,8.6,3.4,8.6,3,3.93,A+,Low Risk
ID01310,Female,20,Mathematics,72.2,4.5,3.23,8.5,8,3.02,B+,Low Risk
ID01311,Male,18,Business,78.1,1.8,2.98,9.5,7,2.78,B,Medium Risk
ID01312,Female,24,Psychology,63.9,8.0,2.97,5.8,12,3.14,B+,Medium Risk
ID01313,Male,23,Computer Science,86.2,2.3,2.68,7.4,9,2.87,B,Medium Risk
ID01314,Female,18,Economics,100.0,5.4,2.69,10.0,7,2.88,B,Low Risk
ID01315,Male,22,Psychology,68.5,4.4,3.45,6.0,13,3.4,A,Low Risk
ID01316,Female,19,Psychology,75.7,5.6,2.22,5.5,6,2.24,C,Medium Risk
ID01317,Male,21,Psychology,92.5,10.3,3.06,7.5,7,3.55,A,Low Risk
ID01318,Female,23,Engineering,100.0,3.9,2.94,8.7,6,3.08,B+,Low Risk
ID01319,Male,23,Computer Science,62.6,1.8,3.4,6.0,3,3.43,A,Medium Risk
ID01320,Male,20,Computer Science,82.5,2.6,2.39,9.9,9,2.46,C+,Medium Risk
ID01321,Male,18,Psychology,89.2,1.7,3.11,5.6,7,3.09,B+,Low Risk
ID01322,Male,20,Business,83.5,1.3,3.27,8.0,7,3.32,A,Medium Risk
ID01323,Female,19,Psychology,47.8,7.5,2.15,6.0,7,2.27,C,High Risk
ID01324,Male,24,Engineering,92.5,4.3,2.56,6.3,9,2.76,B,Low Risk
ID01325,Female,19,Mathematics,100.0,3.7,3.05,8.2,4,3.26,B+,Low Risk
ID01326,Male,24,Engineering,86.7,3.0,3.36,6.7,12,3.66,A,Low Risk
ID01327,Male,20,Business,69.5,6.5,3.19,4.7,11,3.45,A,Low Risk
ID01328,Female,21,Psychology,77.3,9.2,3.38,5.8,9,3.75,A+,Low Risk
ID01329,Female,19,Computer Science,100.0,2.3,2.56,8.1,6,2.62,C+,Medium Risk
ID01330,Male,20,Economics,98.6,5.2,2.31,7.6,3,2.55,C+,Medium Risk
ID01331,Female,18,Psychology,94.6,7.2,3.14,8.1,10,3.53,A,Low Risk
ID01332,Female,20,Business,90.3,4.6,2.49,6.1,9,2.71,B,Medium Risk
ID01333,Male,20,Computer Science,75.1,6.2,2.67,5.4,3,2.88,B,Low Risk
ID01334,Female,22,Engineering,82.0,1.8,3.57,5.8,4,3.79,A+,Low Risk
ID01335,Female,19,Mathematics,83.8,9.3,3.19,5.9,4,3.88,A+,Low Risk
ID01336,Female,21,Mathematics,93.2,6.5,2.82,6.9,11,3.32,A,Low Risk
ID01337,Male,21,Psychology,100.0,5.6,2.75,5.2,9,3.03,B+,Low Risk
ID01338,Female,22,Engineering,100.0,6.9,3.41,8.6,4,3.81,A+,Low Risk
ID01339,Male,24,Economics,63.7,3.3,3.21,7.8,14,3.09,B+,Low Risk
ID01340,Male,23,Economics,88.4,2.0,2.49,5.7,7,2.63,C+,Medium Risk
ID01341,Male,24,Business,96.1,1.7,2.13,6.7,11,2.56,C+,Medium Risk
ID01342,Male,21,Mathematics,94.3,1.5,4.0,5.7,7,4.0,A+,Low Risk
ID01343,Female,20,Engineering,75.6,5.2,2.49,6.8,7,2.42,C+,Medium Risk
ID01344,Female,22,Psychology,100.0,3.1,3.36,5.7,15,3.66,A,Low Risk
ID01345,Female,18,Computer Science,65.8,9.0,3.86,10.0,7,3.9,A+,Low Risk
ID01346,Male,19,Psychology,68.8,8.0,3.17,4.6,7,3.28,B+,Low Risk
ID01347,Male,19,Psychology,88.5,6.5,2.8,5.1,10,3.29,B+,Low Risk
ID01348,Male,19,Engineering,100.0,5.7,2.39,6.6,8,2.68,C+,Medium Risk
ID01349,Female,20,Mathematics,72.5,2.6,2.38,7.1,6,2.28,C,High Risk
ID01350,Male,18,Engineering,81.0,2.9,3.29,7.2,5,3.46,A,Low Risk
ID01351,Female,22,Computer Science,100.0,2.5,3.83,8.4,10,4.0,A+,Low Risk
ID01352,Female,22,Engineering,84.7,2.0,2.9,7.7,9,3.01,B+,Medium Risk
ID01353,Male,19,Business,80.0,3.7,2.82,5.6,8,3.07,B+,Low Risk
ID01354,Female,18,Psychology,93.5,7.1,3.45,8.6,12,3.77,A+,Low Risk
ID01355,Male,18,Mathematics,89.1,3.6,2.76,7.9,10,3.09,B+,Low Risk
ID01356,Female,18,Economics,100.0,2.5,3.24,9.1,7,3.28,B+,Low Risk
ID01357,Female,21,Computer Science,100.0,3.6,3.12,7.1,8,3.55,A,Low Risk
ID01358,Male,21,Economics,89.6,4.4,2.9,8.6,6,3.23,B+,Low Risk
ID01359,Male,19,Psychology,89.4,2.9,3.09,4.0,7,3.1,B+,Low Risk
ID01360,Female,18,Engineering,88.2,3.8,3.98,6.3,7,4.0,A+,Low Risk
ID01361,Female,23,Economics,92.3,14.0,3.4,5.6,6,4.0,A+,Low Risk
ID01362,Male,18,Business,85.8,1.5,3.65,8.1,4,3.69,A,Low Risk
ID01363,Female,22,Engineering,85.0,0.8,2.64,5.9,3,2.65,C+,Medium Risk
ID01364,Female,22,Psychology,100.0,4.2,3.65,8.5,5,3.91,A+,Low Risk
ID01365,Female,19,Economics,100.0,5.1,3.42,8.2,7,3.77,A+,Low Risk
ID01366,Male,23,Computer Science,62.4,3.6,2.35,6.1,15,2.3,C+,Medium Risk
ID01367,Female,18,Economics,85.2,2.1,3.37,7.4,9,3.74,A+,Low Risk
ID01368,Female,24,Economics,74.7,8.9,2.84,6.7,8,2.97,B,Medium Risk
ID01369,Male,23,Mathematics,80.3,4.1,2.33,7.2,6,2.64,C+,Medium Risk
ID01370,Male,19,Economics,91.0,4.4,3.16,8.1,10,3.45,A,Low Risk
ID01371,Female,22,Psychology,95.0,6.4,3.37,6.5,10,3.96,A+,Low Risk
ID01372,Male,24,Computer Science,83.3,3.6,3.18,4.5,8,3.56,A,Low Risk
ID01373,Female,22,Psychology,56.3,3.4,3.05,7.9,6,2.67,C+,Medium Risk
ID01374,Male,21,Business,70.5,8.9,2.93,8.6,5,3.02,B+,Medium Risk
ID01375,Male,19,Engineering,98.4,1.2,4.0,4.5,12,4.0,A+,Medium Risk
ID01376,Female,19,Economics,43.9,4.9,2.51,6.9,6,2.28,C,High Risk
ID01377,Male,18,Mathematics,100.0,4.6,3.54,5.6,9,3.96,A+,Low Risk
ID01378,Male,18,Computer Science,92.8,3.1,3.11,8.7,4,3.12,B+,Low Risk
ID01379,Male,21,Mathematics,100.0,3.6,2.67,8.8,10,2.97,B,Low Risk
ID01380,Female,24,Mathematics,82.0,8.5,3.08,5.8,6,3.44,A,Low Risk
ID01381,Male,20,Mathematics,54.1,2.3,2.4,5.0,7,2.12,C,High Risk
ID01382,Male,23,Economics,91.5,6.2,2.8,7.4,9,3.19,B+,Low Risk
ID01383,Female,20,Computer Science,100.0,4.0,3.08,5.3,1,3.35,A,Low Risk
ID01384,Male,20,Computer Science,98.9,5.8,2.32,8.3,4,2.59,C+,Medium Risk
ID01385,Female,19,Mathematics,75.1,5.1,3.35,6.8,10,3.43,A,Low Risk
ID01386,Male,23,Engineering,86.3,0.8,2.62,9.4,9,2.72,B,Medium Risk
ID01387,Female,19,Economics,77.0,2.3,2.37,9.5,14,2.33,C+,Medium Risk
ID01388,Male,23,Economics,72.7,2.5,2.56,9.3,7,2.28,C,Medium Risk
ID01389,Female,22,Psychology,99.3,2.1,4.0,7.6,15,4.0,A+,Low Risk
ID01390,Male,19,Economics,67.0,2.8,2.11,5.6,4,2.06,C,High Risk
ID01391,Male,19,Mathematics,71.6,4.4,3.32,4.8,10,3.33,A,Low Risk
ID01392,Male,19,Business,68.4,6.8,2.72,7.9,11,3.02,B+,Medium Risk
ID01393,Male,24,Mathematics,62.6,1.7,2.92,8.0,12,3.01,B+,Medium Risk
ID01394,Male,21,Computer Science,87.2,4.1,3.4,7.4,16,3.29,B+,Low Risk
ID01395,Male,19,Economics,100.0,4.8,3.38,5.0,6,3.76,A+,Low Risk
ID01396,Female,18,Economics,82.2,7.5,2.76,5.8,9,3.1,B+,Low Risk
ID01397,Male,18,Psychology,62.4,9.5,2.42,7.1,8,2.74,B,Medium Risk
ID01398,Male,23,Business,97.6,3.5,3.41,6.1,15,3.79,A+,Low Risk
ID01399,Female,22,Economics,100.0,2.1,3.38,5.8,6,3.4,A,Low Risk
ID01400,Female,21,Psychology,75.3,4.9,2.96,5.6,10,2.89,B,Low Risk
ID01401,Male,24,Psychology,77.8,2.2,3.32,6.8,5,3.47,A,Low Risk
ID01402,Male,23,Business,92.7,4.7,2.88,6.7,8,3.12,B+,Low Risk
ID01403,Male,18,Mathematics,100.0,2.5,2.69,5.8,8,2.7,B,Medium Risk
ID01404,Female,21,Mathematics,77.2,5.4,3.1,7.0,12,3.35,A,Low Risk
ID01405,Female,21,Mathematics,65.0,2.6,3.36,7.4,15,3.31,A,Medium Risk
ID01406,Male,22,Engineering,94.5,9.0,3.25,7.5,5,3.92,A+,Low Risk
ID01407,Female,21,Mathematics,97.0,4.0,3.35,5.6,6,3.52,A,Low Risk
ID01408,Female,19,Business,85.1,1.3,2.72,6.5,8,2.81,B,Medium Risk
ID01409,Female,21,Engineering,76.6,6.9,3.89,7.0,6,3.97,A+,Low Risk
ID01410,Female,22,Mathematics,99.9,3.6,2.93,7.2,6,3.14,B+,Low Risk
ID01411,Male,23,Engineering,92.9,5.6,3.04,5.0,6,3.27,B+,Low Risk
ID01412,Male,22,Business,73.5,6.9,2.44,6.5,15,2.52,C+,Medium Risk
ID01413,Male,24,Mathematics,85.7,4.2,3.0,7.9,5,3.49,A,Low Risk
ID01414,Male,22,Computer Science,64.7,1.6,3.37,6.1,1,3.31,A,Medium Risk
ID01415,Male,18,Economics,95.3,4.4,3.48,7.5,10,3.77,A+,Low Risk
ID01416,Female,19,Business,81.1,8.3,3.88,7.0,7,4.0,A+,Low Risk
ID01417,Male,18,Psychology,78.5,3.8,3.36,6.3,7,3.58,A,Low Risk
ID01418,Male,23,Psychology,84.5,5.1,3.24,8.9,8,3.42,A,Low Risk
ID01419,Male,20,Business,85.6,2.3,2.88,6.5,9,3.3,A,Medium Risk
ID01420,Female,23,Psychology,98.4,1.4,2.77,6.7,7,3.08,B+,Medium Risk
ID01421,Male,19,Business,93.9,3.6,3.59,6.3,12,3.97,A+,Low Risk
ID01422,Male,21,Computer Science,82.7,4.1,3.58,9.2,11,3.88,A+,Low Risk
ID01423,Male,22,Business,96.5,7.4,2.56,9.1,8,2.95,B,Low Risk
ID01424,Male,20,Mathematics,91.0,4.2,3.46,8.7,7,3.7,A+,Low Risk
ID01425,Female,19,Mathematics,78.6,7.1,3.43,8.3,7,3.65,A,Low Risk
ID01426,Female,18,Engineering,83.1,3.0,2.54,5.7,8,2.86,B,Low Risk
ID01427,Male,22,Psychology,82.8,1.5,3.37,6.3,9,3.62,A,Low Risk
ID01428,Female,23,Economics,92.6,5.3,2.58,5.8,12,3.0,B+,Low Risk
ID01429,Female,18,Psychology,79.5,8.8,1.89,8.5,5,2.2,C,Medium Risk
ID01430,Female,19,Business,79.1,2.8,3.02,10.0,7,2.84,B,Low Risk
ID01431,Male,19,Economics,100.0,5.7,3.23,8.0,6,3.71,A+,Low Risk
ID01432,Male,23,Economics,99.1,5.9,3.04,9.5,6,3.36,A,Low Risk
ID01433,Male,20,Psychology,73.6,1.4,4.0,7.7,2,3.76,A+,Medium Risk
ID01434,Female,23,Economics,93.6,3.5,3.29,7.5,6,3.67,A,Low Risk
ID01435,Male,21,Economics,86.8,6.0,3.17,6.1,7,3.65,A,Low Risk
ID01436,Male,18,Mathematics,90.9,4.9,3.31,7.9,4,3.55,A,Low Risk
ID01437,Male,20,Computer Science,87.1,6.0,2.88,8.4,2,3.06,B+,Low Risk
ID01438,Female,22,Business,100.0,5.5,3.56,8.6,4,3.78,A+,Low Risk
ID01439,Male,24,Psychology,90.2,3.8,3.28,7.2,5,3.75,A+,Low Risk
ID01440,Female,21,Mathematics,84.1,4.1,3.26,7.3,2,3.44,A,Low Risk
ID01441,Female,20,Engineering,100.0,7.3,2.79,6.9,9,3.29,B+,Low Risk
ID01442,Male,24,Economics,88.5,4.4,2.32,6.2,10,2.56,C+,Medium Risk
ID01443,Female,24,Economics,86.8,2.5,2.85,8.3,6,2.93,B,Medium Risk
ID01444,Male,18,Psychology,89.7,3.6,3.24,4.2,9,3.58,A,Low Risk
ID01445,Female,19,Computer Science,83.6,5.1,2.88,4.5,10,3.33,A,Low Risk
ID01446,Male,22,Computer Science,85.1,7.0,3.25,6.2,7,3.78,A+,Low Risk
ID01447,Female,23,Psychology,76.2,1.4,2.98,5.1,7,2.95,B,Medium Risk
ID01448,Female,18,Psychology,73.7,3.4,3.32,8.6,8,3.38,A,Low Risk
ID01449,Female,21,Mathematics,70.0,6.7,2.61,6.3,5,2.68,C+,Medium Risk
ID01450,Female,24,Psychology,64.1,2.3,3.2,8.3,6,3.12,B+,Medium Risk
ID01451,Male,21,Engineering,71.8,2.3,2.78,9.0,5,2.76,B,Medium Risk
ID01452,Female,24,Mathematics,82.4,4.0,2.33,7.1,7,2.7,B,Medium Risk
ID01453,Female,19,Economics,86.5,1.3,3.02,7.5,10,3.36,A,Medium Risk
ID01454,Female,19,Economics,80.9,10.2,3.87,8.8,6,4.0,A+,Low Risk
ID01455,Male,22,Economics,49.7,5.1,2.37,8.5,7,1.99,D,High Risk
ID01456,Female,23,Economics,100.0,5.7,3.16,4.0,8,3.57,A,Low Risk
ID01457,Female,22,Business,100.0,7.6,3.5,6.4,7,4.0,A+,Low Risk
ID01458,Female,19,Engineering,91.7,13.4,4.0,7.8,5,4.0,A+,Low Risk
ID01459,Male,19,Mathematics,100.0,3.8,2.85,7.3,8,3.03,B+,Low Risk
ID01460,Female,21,Mathematics,70.3,1.4,2.78,5.5,8,2.45,C+,High Risk
ID01461,Male,19,Economics,100.0,4.8,2.52,4.4,9,2.94,B,Low Risk
ID01462,Female,20,Computer Science,70.5,2.4,3.67,7.9,6,3.61,A,Medium Risk
ID01463,Male,24,Mathematics,88.6,1.8,2.67,5.7,2,2.7,B,Medium Risk
ID01464,Female,18,Engineering,65.9,2.9,2.91,6.8,8,2.74,B,Medium Risk
ID01465,Female,19,Psychology,85.2,3.8,2.18,7.2,3,2.43,C+,Medium Risk
ID01466,Male,22,Engineering,90.8,7.7,3.54,6.8,8,3.99,A+,Low Risk
ID01467,Female,23,Economics,82.7,10.3,3.68,5.6,7,4.0,A+,Low Risk
ID01468,Male,24,Economics,95.7,2.0,3.52,6.9,7,3.9,A+,Low Risk
ID01469,Female,24,Business,86.5,3.1,2.3,6.2,12,2.44,C+,Medium Risk
ID01470,Female,23,Mathematics,77.2,5.6,3.4,9.5,5,3.53,A,Low Risk
ID01471,Female,23,Mathematics,76.5,6.0,2.26,7.3,5,2.44,C+,Medium Risk
ID01472,Female,24,Mathematics,97.2,2.2,3.13,10.0,6,3.18,B+,Low Risk
ID01473,Female,20,Economics,75.2,6.7,3.2,5.0,17,3.08,B+,Low Risk
ID01474,Male,22,Mathematics,98.7,2.5,3.26,6.5,9,3.35,A,Low Risk
ID01475,Male,20,Computer Science,100.0,2.1,3.37,6.5,6,3.72,A+,Low Risk
ID01476,Female,19,Computer Science,60.0,5.5,3.1,5.8,8,3.28,B+,Low Risk
ID01477,Female,18,Psychology,100.0,7.8,2.12,6.5,11,2.81,B,Medium Risk
ID01478,Female,23,Mathematics,100.0,4.8,3.37,6.3,4,3.87,A+,Low Risk
ID01479,Female,22,Business,88.8,4.3,3.15,5.5,7,3.59,A,Low Risk
ID01480,Male,23,Psychology,94.0,3.8,2.65,9.7,10,2.97,B,Low Risk
ID01481,Female,20,Economics,100.0,4.2,2.32,6.9,12,2.75,B,Medium Risk
ID01482,Male,21,Mathematics,80.9,3.5,3.87,8.4,7,3.91,A+,Low Risk
ID01483,Male,19,Computer Science,87.7,5.5,3.72,8.5,6,3.91,A+,Low Risk
ID01484,Male,18,Business,65.3,4.2,3.45,9.1,10,3.52,A,Low Risk
ID01485,Male,19,Psychology,87.1,12.9,2.76,5.5,4,3.65,A,Low Risk
ID01486,Male,21,Business,92.5,4.9,1.84,8.9,7,2.22,C,Medium Risk
ID01487,Male,18,Mathematics,92.7,3.5,3.48,6.9,10,3.84,A+,Low Risk
ID01488,Female,21,Engineering,100.0,2.0,3.28,10.0,5,3.3,A,Low Risk
ID01489,Male,19,Business,73.4,2.2,2.91,7.8,10,3.05,B+,Medium Risk
ID01490,Male,20,Business,77.0,5.0,3.66,5.3,4,3.72,A+,Low Risk
ID01491,Male,24,Economics,100.0,2.8,3.52,8.9,7,3.71,A+,Low Risk
ID01492,Male,19,Computer Science,82.7,4.5,3.19,8.7,10,3.61,A,Low Risk
ID01493,Male,19,Mathematics,88.0,8.0,3.12,5.1,12,3.75,A+,Low Risk
ID01494,Male,19,Business,84.0,1.8,3.13,8.1,13,3.22,B+,Low Risk
ID01495,Female,22,Mathematics,72.7,3.6,3.44,9.4,6,3.38,A,Low Risk
ID01496,Female,21,Computer Science,100.0,0.6,2.67,7.7,8,2.7,B,Medium Risk
ID01497,Female,21,Economics,77.1,1.4,3.31,5.5,8,3.31,A,Medium Risk
ID01498,Male,23,Mathematics,68.1,4.6,2.64,8.5,11,2.47,C+,Medium Risk
ID01499,Male,21,Computer Science,78.2,1.5,3.77,8.0,9,3.87,A+,Low Risk
ID01500,Female,23,Computer Science,55.0,1.7,3.37,6.7,13,2.88,B,Medium Risk
ID01501,Male,22,Psychology,75.2,9.7,2.76,6.3,9,3.26,B+,Low Risk
ID01502,Male,20,Economics,70.5,2.7,3.14,8.0,6,3.11,B+,Medium Risk
ID01503,Male,23,Economics,94.3,2.1,2.67,5.6,11,2.86,B,Medium Risk
ID01504,Male,19,Mathematics,74.9,8.0,3.85,7.3,10,3.91,A+,Low Risk
ID01505,Male,20,Engineering,98.3,2.1,3.91,8.8,3,4.0,A+,Low Risk
ID01506,Male,24,Psychology,100.0,4.9,3.45,9.3,12,3.74,A+,Low Risk
ID01507,Female,22,Economics,96.7,5.0,3.88,6.2,9,4.0,A+,Low Risk
ID01508,Male,21,Computer Science,81.8,6.5,3.18,4.6,9,3.62,A,Low Risk
ID01509,Female,23,Economics,87.1,1.9,3.48,5.9,4,3.76,A+,Low Risk
ID01510,Female,19,Engineering,62.1,2.3,3.71,8.2,11,3.38,A,Medium Risk
ID01511,Female,18,Business,83.0,2.7,3.1,5.9,9,3.28,B+,Low Risk
ID01512,Female,24,Business,72.1,2.4,3.14,8.6,10,2.82,B,Medium Risk
ID01513,Female,18,Economics,95.4,6.3,3.57,5.9,8,4.0,A+,Low Risk
ID01514,Male,20,Economics,100.0,5.0,3.42,6.2,11,3.68,A,Low Risk
ID01515,Male,21,Psychology,92.5,5.4,2.72,6.7,6,2.96,B,Low Risk
ID01516,Male,18,Economics,55.1,1.3,2.01,8.4,8,1.67,D,High Risk
ID01517,Female,20,Engineering,79.6,4.5,3.01,4.6,6,2.96,B,Low Risk
ID01518,Female,22,Economics,86.8,8.7,2.05,7.4,9,2.47,C+,Medium Risk
ID01519,Male,20,Mathematics,86.3,12.0,2.6,7.4,7,3.41,A,Low Risk
ID01520,Female,24,Engineering,74.0,3.0,2.66,5.5,6,2.64,C+,Medium Risk
ID01521,Male,20,Psychology,88.7,6.6,2.82,7.5,5,3.33,A,Low Risk
ID01522,Female,24,Mathematics,66.4,2.4,3.51,6.7,6,3.41,A,Medium Risk
ID01523,Male,20,Mathematics,70.8,1.4,3.62,5.3,4,3.41,A,Medium Risk
ID01524,Male,19,Business,94.7,1.5,3.35,6.9,7,3.76,A+,Low Risk
ID01525,Male,20,Engineering,69.8,8.1,3.42,5.4,11,3.59,A,Low Risk
ID01526,Male,23,Mathematics,93.1,3.1,3.43,6.0,6,3.69,A,Low Risk
ID01527,Male,20,Psychology,64.5,2.7,1.85,8.3,6,1.82,D,High Risk
ID01528,Male,19,Business,100.0,6.1,3.11,6.5,12,3.4,A,Low Risk
ID01529,Female,19,Mathematics,73.4,1.7,2.2,8.3,3,1.95,D,High Risk
ID01530,Male,22,Engineering,81.6,5.3,3.35,6.8,8,3.66,A,Low Risk
ID01531,Male,24,Business,90.0,3.5,2.05,5.6,8,2.35,C+,Medium Risk
ID01532,Female,21,Engineering,76.5,11.3,3.01,7.7,7,3.47,A,Low Risk
ID01533,Female,18,Engineering,87.2,3.1,3.37,7.8,7,3.78,A+,Low Risk
ID01534,Male,18,Engineering,93.6,3.7,2.54,5.2,7,2.75,B,Low Risk
ID01535,Male,20,Business,99.4,1.4,3.58,8.7,13,3.57,A,Medium Risk
ID01536,Male,22,Mathematics,96.9,12.3,3.35,9.3,11,3.89,A+,Low Risk
ID01537,Male,20,Economics,82.4,3.2,3.29,7.9,11,3.76,A+,Low Risk
ID01538,Female,18,Computer Science,82.8,9.9,3.45,7.1,4,3.92,A+,Low Risk
ID01539,Male,24,Mathematics,100.0,1.1,2.92,10.0,7,3.06,B+,Medium Risk
ID01540,Male,24,Business,99.2,4.7,3.18,7.8,9,3.46,A,Low Risk
ID01541,Female,24,Computer Science,71.2,11.6,3.11,7.3,10,3.43,A,Low Risk
ID01542,Male,19,Computer Science,86.5,2.7,3.09,9.5,5,3.11,B+,Low Risk
ID01543,Female,21,Computer Science,80.0,4.5,2.76,9.4,10,3.23,B+,Low Risk
ID01544,Male,22,Economics,83.0,8.2,2.48,4.8,10,2.76,B,Medium Risk
ID01545,Female,19,Psychology,66.6,3.2,2.93,6.2,11,2.8,B,Medium Risk
ID01546,Male,21,Business,78.8,1.4,2.9,7.9,10,2.77,B,Medium Risk
ID01547,Female,22,Economics,100.0,2.9,2.73,8.8,3,2.91,B,Medium Risk
ID01548,Female,22,Economics,93.7,4.8,3.53,5.3,4,4.0,A+,Low Risk
ID01549,Male,18,Psychology,47.6,4.7,2.51,8.4,1,2.09,C,High Risk
ID01550,Female,19,Computer Science,100.0,5.9,3.01,6.4,8,3.54,A,Low Risk
ID01551,Female,22,Psychology,100.0,2.3,3.68,8.1,17,3.61,A,Low Risk
ID01552,Female,23,Psychology,79.6,11.1,3.55,6.1,5,3.96,A+,Low Risk
ID01553,Female,24,Economics,95.8,2.3,3.71,4.0,7,3.78,A+,Low Risk
ID01554,Female,22,Business,72.1,4.2,2.8,4.3,6,2.62,C+,Medium Risk
ID01555,Male,21,Engineering,77.9,4.9,3.49,5.3,8,3.36,A,Low Risk
ID01556,Male,18,Psychology,100.0,4.6,2.57,6.1,9,2.89,B,Low Risk
ID01557,Female,20,Psychology,80.9,1.9,2.96,7.0,7,3.06,B+,Medium Risk
ID01558,Male,24,Computer Science,57.0,8.3,3.01,6.2,8,3.17,B+,Medium Risk
ID01559,Female,18,Computer Science,84.1,2.8,2.81,6.9,10,3.08,B+,Medium Risk
ID01560,Female,20,Economics,83.8,5.1,2.92,6.3,7,3.34,A,Low Risk
ID01561,Male,19,Computer Science,100.0,4.5,2.85,7.0,12,3.27,B+,Low Risk
ID01562,Male,19,Mathematics,85.2,4.5,2.61,8.4,9,2.76,B,Low Risk
ID01563,Female,22,Psychology,78.7,1.3,3.53,7.0,8,3.44,A,Medium Risk
ID01564,Male,23,Computer Science,100.0,2.7,3.01,7.8,9,3.12,B+,Low Risk
ID01565,Female,19,Business,86.8,5.1,3.2,8.1,4,3.69,A,Low Risk
ID01566,Male,22,Mathematics,73.7,1.4,3.18,6.8,9,3.09,B+,Medium Risk
ID01567,Female,24,Economics,100.0,3.5,3.13,4.3,6,3.17,B+,Low Risk
ID01568,Male,18,Engineering,87.9,4.3,3.15,7.4,9,3.55,A,Low Risk
ID01569,Female,19,Psychology,85.0,5.8,2.95,6.0,10,3.23,B+,Low Risk
ID01570,Male,18,Psychology,87.7,4.2,3.81,8.3,11,4.0,A+,Low Risk
ID01571,Female,18,Business,68.9,3.6,3.48,9.0,7,3.59,A,Low Risk
ID01572,Male,23,Engineering,77.1,4.6,3.11,6.6,9,3.36,A,Low Risk
ID01573,Female,19,Engineering,85.1,3.4,2.88,7.2,4,3.17,B+,Low Risk
ID01574,Female,18,Economics,82.1,2.2,3.04,8.0,3,3.39,A,Low Risk
ID01575,Male,23,Economics,100.0,2.9,3.31,5.8,8,3.37,A,Low Risk
ID01576,Male,23,Mathematics,88.3,5.0,3.85,7.0,9,4.0,A+,Low Risk
ID01577,Male,19,Psychology,97.8,3.6,2.41,4.7,8,2.77,B,Medium Risk
ID01578,Female,23,Computer Science,85.1,14.0,3.43,8.6,10,4.0,A+,Low Risk
ID01579,Female,19,Economics,100.0,1.8,3.66,9.5,7,3.96,A+,Low Risk
ID01580,Male,19,Business,91.0,5.0,2.36,7.1,4,2.93,B,Medium Risk
ID01581,Male,20,Business,85.2,5.4,3.01,5.9,7,3.27,B+,Low Risk
ID01582,Male,18,Business,84.8,4.2,2.57,7.4,10,2.86,B,Low Risk
ID01583,Female,21,Economics,70.7,3.3,3.32,5.1,10,3.21,B+,Low Risk
ID01584,Male,19,Economics,92.6,3.9,2.92,6.3,8,3.33,A,Low Risk
ID01585,Female,18,Business,84.4,4.0,3.03,6.4,8,3.18,B+,Low Risk
ID01586,Male,24,Economics,77.5,9.3,2.89,6.2,7,3.22,B+,Low Risk
ID01587,Female,23,Computer Science,100.0,1.1,3.46,7.3,6,3.47,A,Medium Risk
ID01588,Male,22,Computer Science,66.2,2.2,3.21,7.7,9,3.15,B+,Medium Risk
ID01589,Male,19,Mathematics,78.7,4.6,3.22,7.0,15,3.13,B+,Low Risk
ID01590,Female,23,Psychology,100.0,7.2,3.18,8.4,10,3.61,A,Low Risk
ID01591,Female,23,Computer Science,89.7,2.3,3.39,7.6,11,3.58,A,Low Risk
ID01592,Female,23,Mathematics,84.3,1.9,2.97,6.3,8,3.21,B+,Medium Risk
ID01593,Male,23,Engineering,88.8,3.7,3.95,6.8,5,4.0,A+,Low Risk
ID01594,Male,23,Psychology,87.7,2.2,2.48,6.9,7,2.68,C+,Medium Risk
ID01595,Female,19,Computer Science,62.3,3.7,2.24,6.4,8,2.36,C+,Medium Risk
ID01596,Female,24,Engineering,79.8,2.2,2.2,7.8,8,2.23,C,Medium Risk
ID01597,Male,21,Mathematics,100.0,5.8,2.06,4.0,11,2.55,C+,Medium Risk
ID01598,Male,20,Computer Science,75.1,2.3,3.44,7.0,4,3.34,A,Low Risk
ID01599,Male,23,Computer Science,80.2,1.2,3.38,7.5,8,3.41,A,Medium Risk
ID01600,Female,23,Economics,76.9,5.8,3.7,7.9,9,4.0,A+,Low Risk
ID01601,Male,20,Engineering,83.7,4.0,2.57,8.7,5,2.76,B,Low Risk
ID01602,Male,24,Computer Science,76.3,3.1,3.47,6.8,8,3.35,A,Low Risk
ID01603,Male,24,Business,92.3,3.1,3.13,8.2,8,3.5,A,Low Risk
ID01604,Male,19,Economics,88.0,4.3,3.18,7.9,7,3.42,A,Low Risk
ID01605,Male,18,Economics,96.6,1.9,3.41,7.4,9,3.67,A,Low Risk
ID01606,Male,22,Computer Science,69.2,1.5,2.72,4.9,8,2.65,C+,Medium Risk
ID01607,Male,22,Economics,79.9,2.3,4.0,8.6,11,3.96,A+,Low Risk
ID01608,Female,18,Psychology,81.6,3.3,3.77,7.1,4,3.9,A+,Low Risk
ID01609,Male,19,Engineering,91.8,2.2,2.83,6.6,9,2.97,B,Medium Risk
ID01610,Male,22,Psychology,73.1,9.2,2.55,5.3,8,2.92,B,Medium Risk
ID01611,Female,24,Mathematics,98.7,2.3,3.06,4.0,4,3.25,B+,Low Risk
ID01612,Female,20,Psychology,100.0,4.1,3.19,9.9,10,3.52,A,Low Risk
ID01613,Male,18,Business,70.2,5.2,3.63,7.5,5,3.7,A+,Low Risk
ID01614,Male,24,Economics,77.6,7.7,2.52,5.3,7,2.75,B,Low Risk
ID01615,Male,21,Economics,77.0,10.1,3.24,5.1,10,3.41,A,Low Risk
ID01616,Female,19,Business,100.0,12.2,2.34,6.6,6,2.99,B,Medium Risk
ID01617,Female,18,Economics,78.6,7.5,3.32,8.2,4,3.64,A,Low Risk
ID01618,Female,22,Psychology,100.0,6.8,3.05,7.9,6,3.4,A,Low Risk
ID01619,Female,19,Mathematics,66.0,2.0,4.0,8.0,11,4.0,A+,Medium Risk
ID01620,Female,20,Computer Science,70.2,5.4,2.33,5.7,11,2.52,C+,Medium Risk
ID01621,Male,19,Business,74.7,3.4,3.79,6.7,11,3.9,A+,Low Risk
ID01622,Male,19,Psychology,72.3,3.4,2.25,7.2,9,2.3,C+,Medium Risk
ID01623,Female,20,Psychology,81.0,3.1,2.44,6.9,8,2.55,C+,Medium Risk
ID01624,Female,23,Psychology,74.4,2.0,2.26,7.8,10,2.26,C,High Risk
ID01625,Male,20,Computer Science,72.7,2.8,3.23,9.4,6,3.23,B+,Medium Risk
ID01626,Female,24,Engineering,100.0,2.2,2.51,7.3,5,2.86,B,Medium Risk
ID01627,Male,19,Economics,100.0,1.1,2.43,6.1,11,2.5,C+,Medium Risk
ID01628,Male,20,Economics,99.2,8.3,3.2,4.8,8,3.68,A,Low Risk
ID01629,Male,23,Mathematics,92.9,4.0,3.33,7.3,8,3.7,A+,Low Risk
ID01630,Male,24,Engineering,86.4,4.1,3.12,6.0,8,3.54,A,Low Risk
ID01631,Female,18,Economics,77.5,3.8,3.02,7.6,9,3.19,B+,Low Risk
ID01632,Male,20,Mathematics,70.7,7.1,4.0,7.5,7,4.0,A+,Low Risk
ID01633,Female,20,Mathematics,90.4,4.4,3.17,9.3,4,3.3,A,Low Risk
ID01634,Female,19,Psychology,67.4,8.5,3.5,7.3,7,3.58,A,Low Risk
ID01635,Female,24,Business,70.1,5.7,3.17,7.7,9,3.16,B+,Low Risk
ID01636,Male,18,Psychology,100.0,2.5,2.55,6.0,5,2.64,C+,Medium Risk
ID01637,Male,21,Computer Science,100.0,7.8,3.37,4.9,9,3.78,A+,Low Risk
ID01638,Male,21,Economics,90.9,4.8,2.77,8.6,6,2.97,B,Low Risk
ID01639,Female,22,Mathematics,100.0,3.8,3.05,8.8,12,3.09,B+,Low Risk
ID01640,Female,20,Business,81.3,6.7,3.25,6.5,5,3.57,A,Low Risk
ID01641,Male,20,Economics,64.9,4.1,2.13,4.1,9,2.04,C,Medium Risk
ID01642,Female,18,Mathematics,94.2,6.0,2.3,9.0,2,2.83,B,Medium Risk
ID01643,Male,23,Mathematics,93.5,1.8,3.55,8.8,11,3.89,A+,Low Risk
ID01644,Female,21,Psychology,86.1,4.1,2.77,6.8,8,2.95,B,Low Risk
ID01645,Male,22,Business,81.4,2.6,2.79,8.6,10,3.1,B+,Medium Risk
ID01646,Female,18,Business,99.4,12.0,3.18,6.9,11,3.92,A+,Low Risk
ID01647,Male,20,Economics,70.2,8.2,2.91,7.3,8,3.22,B+,Medium Risk
ID01648,Female,21,Mathematics,73.4,4.5,3.31,4.6,11,3.29,B+,Low Risk
ID01649,Female,24,Business,69.9,7.8,3.07,8.8,9,3.38,A,Low Risk
ID01650,Female,22,Business,86.3,2.6,3.2,4.4,8,3.37,A,Low Risk
ID01651,Male,19,Economics,68.7,3.0,2.75,9.6,11,2.52,C+,Medium Risk
ID01652,Male,21,Psychology,74.7,0.9,3.2,9.7,7,3.11,B+,Medium Risk
ID01653,Male,22,Engineering,74.4,5.8,3.65,4.0,8,3.7,A+,Low Risk
ID01654,Male,18,Computer Science,81.1,0.8,2.82,9.3,8,2.76,B,Medium Risk
ID01655,Male,19,Engineering,62.7,2.8,3.56,6.6,14,3.53,A,Medium Risk
ID01656,Female,22,Business,86.3,1.7,3.07,7.6,7,3.38,A,Low Risk
ID01657,Female,22,Mathematics,100.0,7.0,3.47,4.9,8,3.79,A+,Low Risk
ID01658,Male,20,Computer Science,87.0,11.3,3.16,6.5,7,4.0,A+,Low Risk
ID01659,Male,23,Computer Science,100.0,6.4,3.08,5.2,10,3.59,A,Low Risk
ID01660,Male,21,Mathematics,100.0,5.7,3.27,5.8,8,3.63,A,Low Risk
ID01661,Female,20,Computer Science,96.7,4.6,3.71,8.8,5,3.81,A+,Low Risk
ID01662,Male,24,Mathematics,86.1,4.3,3.22,8.5,4,3.52,A,Low Risk
ID01663,Female,19,Computer Science,85.3,2.3,3.34,8.2,4,3.47,A,Low Risk
ID01664,Male,23,Economics,96.5,1.3,2.92,6.2,11,3.22,B+,Medium Risk
ID01665,Female,22,Economics,79.1,4.3,3.89,6.0,8,3.86,A+,Low Risk
ID01666,Female,20,Engineering,56.8,4.9,3.42,4.5,7,3.16,B+,Medium Risk
ID01667,Male,23,Computer Science,92.4,4.9,3.14,8.0,6,3.56,A,Low Risk
ID01668,Female,24,Psychology,68.0,5.3,3.04,9.9,4,3.07,B+,Low Risk
ID01669,Male,21,Mathematics,70.6,6.1,3.59,9.2,4,3.49,A,Low Risk
ID01670,Female,24,Computer Science,85.0,4.2,2.8,7.0,9,3.16,B+,Low Risk
ID01671,Male,19,Economics,83.6,2.2,2.21,7.7,10,2.49,C+,Medium Risk
ID01672,Female,18,Economics,63.8,5.2,3.14,7.4,7,3.42,A,Low Risk
ID01673,Female,20,Mathematics,87.5,5.9,3.7,8.4,9,4.0,A+,Low Risk
ID01674,Female,19,Psychology,99.5,3.3,3.9,9.6,12,4.0,A+,Low Risk
ID01675,Female,18,Computer Science,68.1,5.9,3.05,6.1,8,3.22,B+,Low Risk
ID01676,Male,20,Computer Science,100.0,4.3,3.12,6.2,12,3.36,A,Low Risk
ID01677,Male,19,Psychology,61.6,2.0,3.36,6.6,14,3.18,B+,Medium Risk
ID01678,Male,24,Psychology,100.0,13.5,2.97,7.0,9,3.89,A+,Low Risk
ID01679,Male,19,Psychology,78.8,3.2,3.36,8.1,8,3.28,B+,Low Risk
ID01680,Female,23,Economics,87.2,2.1,3.06,6.9,5,3.47,A,Low Risk
ID01681,Male,24,Mathematics,56.6,2.6,3.61,5.7,6,3.35,A,Medium Risk
ID01682,Female,20,Psychology,84.1,0.6,3.46,5.7,7,3.46,A,Medium Risk
ID01683,Female,19,Mathematics,88.4,3.4,3.51,5.2,10,3.57,A,Low Risk
ID01684,Female,22,Engineering,83.7,8.4,3.0,6.8,5,3.51,A,Low Risk
ID01685,Male,20,Computer Science,76.6,4.5,4.0,8.6,6,3.8,A+,Low Risk
ID01686,Female,19,Computer Science,70.8,2.4,3.34,7.6,10,3.42,A,Medium Risk
ID01687,Female,23,Business,100.0,3.9,3.22,7.8,6,3.42,A,Low Risk
ID01688,Male,18,Engineering,85.5,0.9,2.72,5.4,6,2.96,B,Medium Risk
ID01689,Female,18,Psychology,100.0,3.9,3.05,5.2,2,3.26,B+,Low Risk
ID01690,Female,22,Psychology,77.1,3.3,3.16,7.3,8,3.09,B+,Low Risk
ID01691,Male,20,Economics,78.5,6.8,2.71,8.9,8,2.8,B,Low Risk
ID01692,Male,23,Engineering,97.2,4.9,2.95,8.3,8,3.29,B+,Low Risk
ID01693,Male,19,Psychology,60.7,2.1,3.02,6.0,11,3.06,B+,Medium Risk
ID01694,Male,19,Business,66.8,6.7,3.13,10.0,8,3.15,B+,Low Risk
ID01695,Male,18,Mathematics,100.0,8.0,2.22,4.0,7,2.86,B,Medium Risk
ID01696,Male,23,Computer Science,67.4,5.0,3.03,7.0,6,3.1,B+,Low Risk
ID01697,Male,24,Engineering,57.7,3.5,2.91,7.2,7,2.77,B,Medium Risk
ID01698,Male,22,Computer Science,100.0,2.9,3.09,6.7,11,3.2,B+,Low Risk
ID01699,Female,18,Mathematics,64.1,9.5,3.62,7.8,9,4.0,A+,Low Risk
ID01700,Male,18,Engineering,87.8,4.8,4.0,6.7,7,4.0,A+,Low Risk
ID01701,Female,22,Mathematics,86.0,4.2,3.44,4.8,4,3.76,A+,Low Risk
ID01702,Male,20,Psychology,42.8,1.8,2.48,6.9,6,2.07,C,High Risk
ID01703,Male,19,Psychology,81.0,2.3,2.93,7.2,15,3.21,B+,Medium Risk
ID01704,Male,20,Psychology,91.7,1.5,3.4,8.4,15,3.7,A+,Low Risk
ID01705,Male,23,Mathematics,90.3,3.5,3.34,9.1,5,3.52,A,Low Risk
ID01706,Male,24,Mathematics,98.6,2.8,3.59,5.7,12,3.62,A,Low Risk
ID01707,Female,21,Mathematics,79.2,4.4,3.05,9.5,11,3.11,B+,Low Risk
ID01708,Male,21,Computer Science,95.7,7.4,2.92,6.4,7,3.44,A,Low Risk
ID01709,Female,21,Mathematics,74.7,5.9,3.98,6.2,8,4.0,A+,Low Risk
ID01710,Female,22,Psychology,63.8,6.6,3.13,6.4,6,3.42,A,Low Risk
ID01711,Male,18,Business,65.5,7.3,2.59,4.1,11,2.73,B,Medium Risk
ID01712,Male,24,Mathematics,63.1,2.4,3.84,6.4,6,3.86,A+,Medium Risk
ID01713,Female,20,Business,100.0,3.1,2.35,9.0,10,2.73,B,Medium Risk
ID01714,Male,19,Psychology,62.3,2.8,1.35,7.7,8,1.16,F,High Risk
ID01715,Male,21,Mathematics,89.1,6.1,3.48,7.3,8,3.84,A+,Low Risk
ID01716,Female,20,Computer Science,81.0,1.8,3.56,7.5,10,3.96,A+,Low Risk
ID01717,Male,21,Computer Science,83.5,8.6,3.31,8.9,11,3.91,A+,Low Risk
ID01718,Female,24,Business,100.0,3.0,2.45,5.7,9,2.53,C+,Medium Risk
ID01719,Female,21,Economics,78.4,1.9,3.07,8.4,8,2.78,B,Low Risk
ID01720,Male,19,Computer Science,94.2,3.1,2.96,7.1,8,3.4,A,Low Risk
ID01721,Male,23,Computer Science,85.6,3.3,2.83,5.8,8,3.07,B+,Low Risk
ID01722,Male,23,Computer Science,82.7,3.5,3.81,7.7,11,4.0,A+,Low Risk
ID01723,Male,24,Psychology,100.0,3.6,2.58,7.1,6,3.08,B+,Low Risk
ID01724,Male,23,Computer Science,63.4,7.3,3.26,5.8,11,3.2,B+,Low Risk
ID01725,Female,22,Engineering,100.0,4.8,3.7,5.4,3,4.0,A+,Low Risk
ID01726,Male,18,Mathematics,94.8,1.8,3.29,6.3,17,3.32,A,Low Risk
ID01727,Male,22,Computer Science,77.8,3.2,3.72,6.2,9,3.86,A+,Low Risk
ID01728,Female,20,Economics,100.0,2.8,3.38,8.8,13,3.62,A,Low Risk
ID01729,Female,22,Economics,57.3,4.1,3.31,6.7,8,2.99,B,Medium Risk
ID01730,Female,20,Computer Science,77.2,3.8,3.28,6.4,7,3.36,A,Low Risk
ID01731,Male,20,Computer Science,66.9,10.1,3.41,8.7,4,3.67,A,Low Risk
ID01732,Female,18,Engineering,91.2,6.6,2.91,9.0,4,3.46,A,Low Risk
ID01733,Male,19,Computer Science,68.3,5.6,2.45,5.8,11,2.5,C+,Medium Risk
ID01734,Male,24,Computer Science,91.5,0.8,3.58,5.1,11,3.48,A,Medium Risk
ID01735,Male,18,Mathematics,82.2,6.4,3.68,7.8,6,4.0,A+,Low Risk
ID01736,Female,24,Economics,77.8,1.1,3.23,6.7,7,2.96,B,Medium Risk
ID01737,Male,23,Engineering,90.8,3.0,2.83,6.2,9,3.31,A,Low Risk
ID01738,Male,23,Economics,81.0,3.2,2.32,8.6,5,2.52,C+,Medium Risk
ID01739,Male,22,Engineering,68.7,7.1,3.14,6.6,10,3.53,A,Low Risk
ID01740,Male,20,Economics,100.0,2.1,2.43,9.9,6,2.4,C+,Medium Risk
ID01741,Female,21,Computer Science,77.7,3.6,2.36,7.1,5,2.4,C+,Medium Risk
ID01742,Female,21,Economics,51.7,1.6,3.09,7.2,8,2.61,C+,Medium Risk
ID01743,Female,24,Economics,72.4,5.3,2.72,10.0,8,2.79,B,Medium Risk
ID01744,Male,20,Engineering,66.0,3.0,3.27,7.5,11,3.27,B+,Low Risk
ID01745,Male,24,Business,97.4,4.4,3.02,5.9,11,3.32,A,Low Risk
ID01746,Male,18,Engineering,89.8,0.5,2.8,5.5,10,2.82,B,Medium Risk
ID01747,Male,19,Engineering,91.0,1.9,2.25,6.3,10,2.32,C+,Medium Risk
ID01748,Male,18,Engineering,79.4,4.5,2.67,7.4,4,2.59,C+,Low Risk
ID01749,Female,20,Psychology,80.8,5.8,2.69,8.4,6,3.17,B+,Low Risk
ID01750,Male,20,Psychology,79.4,8.7,2.49,4.7,9,2.76,B,Medium Risk
ID01751,Male,19,Psychology,83.8,8.0,2.94,7.0,9,3.6,A,Low Risk
ID01752,Male,24,Engineering,97.5,2.7,2.53,8.9,10,2.56,C+,Medium Risk
ID01753,Male,22,Business,90.0,4.3,3.02,7.4,7,3.2,B+,Low Risk
ID01754,Male,22,Engineering,92.5,6.1,3.22,9.0,7,3.38,A,Low Risk
ID01755,Female,19,Computer Science,92.5,4.8,2.69,4.7,11,2.99,B,Low Risk
ID01756,Female,22,Business,98.3,3.2,3.31,6.7,12,3.62,A,Low Risk
ID01757,Female,21,Psychology,89.3,4.5,2.42,7.2,7,2.64,C+,Medium Risk
ID01758,Male,22,Economics,90.4,8.3,2.54,7.8,5,3.04,B+,Low Risk
ID01759,Male,22,Economics,100.0,3.9,3.04,5.7,6,3.3,A,Low Risk
ID01760,Male,22,Mathematics,75.0,5.4,3.44,7.6,12,3.63,A,Low Risk
ID01761,Male,21,Business,72.2,4.6,3.53,7.7,8,3.73,A+,Low Risk
ID01762,Female,24,Psychology,67.2,2.6,3.91,6.9,9,3.95,A+,Medium Risk
ID01763,Male,22,Business,87.7,7.1,2.91,7.7,13,3.23,B+,Low Risk
ID01764,Male,23,Business,57.2,4.0,3.04,7.5,11,2.82,B,Medium Risk
ID01765,Male,21,Economics,91.9,3.2,2.58,6.0,5,2.73,B,Low Risk
ID01766,Male,19,Engineering,83.4,4.6,2.47,6.8,6,2.88,B,Medium Risk
ID01767,Female,18,Computer Science,100.0,7.5,3.21,5.1,10,3.59,A,Low Risk
ID01768,Male,19,Mathematics,74.9,4.4,2.71,4.8,10,2.59,C+,Medium Risk
ID01769,Male,18,Psychology,82.0,4.4,3.72,7.4,10,4.0,A+,Low Risk
ID01770,Male,19,Business,100.0,5.3,2.37,4.2,13,2.64,C+,Medium Risk
ID01771,Male,23,Mathematics,100.0,6.0,3.34,6.6,7,3.92,A+,Low Risk
ID01772,Female,18,Business,74.8,3.4,2.6,7.6,10,2.51,C+,Medium Risk
ID01773,Female,18,Economics,87.7,3.7,2.69,7.0,11,2.88,B,Low Risk
ID01774,Female,20,Computer Science,89.4,3.3,3.37,10.0,5,3.72,A+,Low Risk
ID01775,Female,18,Economics,90.6,5.3,2.76,7.6,8,3.07,B+,Low Risk
ID01776,Male,18,Mathematics,81.1,4.0,2.84,6.6,9,3.0,B+,Low Risk
ID01777,Female,20,Psychology,100.0,4.1,2.69,7.9,5,3.0,B+,Low Risk
ID01778,Male,22,Business,56.7,4.2,3.99,5.0,9,3.78,A+,Medium Risk
ID01779,Male,22,Computer Science,78.7,1.7,2.79,8.5,4,2.6,C+,Medium Risk
ID01780,Female,20,Economics,91.7,5.7,3.13,6.2,11,3.55,A,Low Risk
ID01781,Male,21,Mathematics,91.9,3.3,3.0,8.7,5,3.03,B+,Low Risk
ID01782,Female,18,Economics,100.0,4.0,3.21,7.6,6,3.64,A,Low Risk
ID01783,Male,18,Business,100.0,3.0,2.79,7.9,16,2.73,B,Low Risk
ID01784,Female,20,Business,80.7,2.1,3.0,6.2,7,3.35,A,Low Risk
ID01785,Female,20,Psychology,100.0,4.4,3.3,5.3,10,3.53,A,Low Risk
ID01786,Female,21,Computer Science,74.3,5.1,2.67,5.3,6,2.69,C+,Medium Risk
ID01787,Female,23,Engineering,99.0,13.4,3.64,4.4,5,4.0,A+,Low Risk
ID01788,Female,22,Economics,100.0,2.8,3.69,6.4,4,3.86,A+,Low Risk
ID01789,Male,19,Business,100.0,6.3,3.4,6.1,8,3.78,A+,Low Risk
ID01790,Male,23,Mathematics,86.6,3.3,3.13,8.5,6,3.38,A,Low Risk
ID01791,Male,24,Economics,80.0,6.6,1.6,5.4,7,2.11,C,Medium Risk
ID01792,Female,22,Psychology,62.1,5.6,3.31,10.0,8,3.52,A,Low Risk
ID01793,Male,18,Psychology,89.7,2.9,2.9,5.5,10,3.1,B+,Medium Risk
ID01794,Female,24,Business,68.3,2.0,2.98,5.6,8,2.66,C+,Medium Risk
ID01795,Male,23,Business,73.1,1.6,2.15,4.8,8,2.16,C,High Risk
ID01796,Male,20,Business,67.1,6.9,3.35,7.0,10,3.51,A,Low Risk
ID01797,Female,21,Engineering,78.1,2.3,2.38,6.5,14,2.19,C,Medium Risk
ID01798,Male,22,Business,84.6,1.4,3.16,6.8,9,3.57,A,Medium Risk
ID01799,Male,21,Economics,89.1,6.9,3.55,7.6,11,3.96,A+,Low Risk
ID01800,Male,24,Economics,76.0,4.1,2.87,8.5,6,2.89,B,Low Risk
ID01801,Female,22,Computer Science,100.0,3.4,3.71,5.2,6,3.79,A+,Low Risk
ID01802,Female,23,Mathematics,81.9,6.0,2.73,7.0,14,3.27,B+,Low Risk
ID01803,Male,18,Business,73.2,3.3,3.4,8.3,10,3.51,A,Low Risk
ID01804,Male,19,Economics,88.4,5.7,2.45,5.4,7,2.98,B,Medium Risk
ID01805,Male,21,Economics,100.0,2.9,3.62,10.0,14,3.67,A,Low Risk
ID01806,Female,21,Economics,90.0,8.3,3.54,10.0,10,4.0,A+,Low Risk
ID01807,Female,19,Engineering,79.6,2.6,3.33,6.9,8,3.38,A,Low Risk
ID01808,Male,21,Mathematics,62.1,5.7,2.9,5.3,9,3.06,B+,Medium Risk
ID01809,Male,21,Psychology,81.7,7.5,2.4,5.5,9,2.76,B,Medium Risk
ID01810,Male,22,Economics,88.5,0.3,2.9,7.4,4,3.03,B+,Medium Risk
ID01811,Female,22,Business,79.2,5.4,3.66,8.0,4,3.72,A+,Low Risk
ID01812,Female,19,Economics,60.0,2.6,3.16,4.2,8,3.15,B+,Medium Risk
ID01813,Male,24,Mathematics,72.2,6.0,2.32,5.6,10,2.49,C+,Medium Risk
ID01814,Male,18,Psychology,100.0,4.6,2.54,7.2,11,2.82,B,Low Risk
ID01815,Male,23,Engineering,100.0,5.3,3.73,4.9,10,4.0,A+,Low Risk
ID01816,Female,23,Computer Science,71.7,3.9,3.34,6.6,10,3.24,B+,Low Risk
ID01817,Male,24,Business,95.1,7.7,2.48,7.6,7,2.82,B,Medium Risk
ID01818,Female,21,Computer Science,67.3,1.6,2.22,6.8,6,2.19,C,High Risk
ID01819,Female,18,Engineering,100.0,7.3,2.79,5.9,5,3.34,A,Low Risk
ID01820,Male,19,Mathematics,88.7,2.9,2.17,7.1,8,2.63,C+,Medium Risk
ID01821,Male,24,Mathematics,99.2,1.1,3.02,7.8,6,3.27,B+,Medium Risk
ID01822,Male,19,Engineering,59.3,4.2,4.0,5.6,4,3.78,A+,Medium Risk
ID01823,Female,22,Economics,95.2,2.7,2.3,7.5,11,2.55,C+,Medium Risk
ID01824,Female,21,Engineering,84.9,5.2,3.01,7.5,8,3.57,A,Low Risk
ID01825,Female,20,Business,97.8,5.5,3.76,7.8,7,4.0,A+,Low Risk
ID01826,Male,19,Psychology,98.7,3.7,3.47,7.4,10,3.73,A+,Low Risk
ID01827,Male,24,Computer Science,86.0,5.4,3.03,7.2,12,3.49,A,Low Risk
ID01828,Female,21,Computer Science,76.0,4.8,3.03,6.8,12,2.94,B,Low Risk
ID01829,Female,18,Mathematics,96.7,4.2,2.52,6.6,9,2.74,B,Low Risk
ID01830,Male,24,Economics,84.1,3.6,2.97,8.1,6,3.38,A,Low Risk
ID01831,Female,22,Mathematics,71.9,3.0,3.22,6.9,6,3.02,B+,Low Risk
ID01832,Female,23,Business,71.2,10.2,3.65,7.8,3,3.89,A+,Low Risk
ID01833,Female,18,Engineering,62.8,4.0,2.79,7.8,4,2.7,B,Medium Risk
ID01834,Female,19,Computer Science,77.3,4.9,3.01,5.6,10,3.08,B+,Low Risk
ID01835,Female,19,Business,100.0,5.8,2.63,6.5,16,2.61,C+,Low Risk
ID01836,Female,18,Mathematics,87.7,3.5,3.21,6.9,5,3.34,A,Low Risk
ID01837,Male,19,Mathematics,77.1,5.1,3.49,7.1,6,3.77,A+,Low Risk
ID01838,Male,24,Computer Science,97.1,9.7,3.41,7.6,9,4.0,A+,Low Risk
ID01839,Female,21,Mathematics,72.5,2.6,2.51,7.3,6,2.43,C+,Medium Risk
ID01840,Male,19,Economics,86.4,9.7,3.17,7.1,4,3.65,A,Low Risk
ID01841,Male,22,Mathematics,82.3,6.1,2.76,6.3,7,3.29,B+,Low Risk
ID01842,Male,21,Psychology,96.7,2.9,3.61,8.6,8,3.96,A+,Low Risk
ID01843,Male,24,Engineering,61.3,2.5,3.02,7.5,13,3.18,B+,Medium Risk
ID01844,Female,20,Mathematics,72.2,9.6,2.34,6.8,7,2.52,C+,Medium Risk
ID01845,Female,19,Psychology,60.4,7.0,2.99,6.4,8,3.23,B+,Medium Risk
ID01846,Male,19,Business,81.1,3.8,3.33,7.4,7,3.64,A,Low Risk
ID01847,Male,22,Mathematics,100.0,3.1,3.22,7.0,5,3.39,A,Low Risk
ID01848,Male,24,Economics,77.4,2.9,2.84,4.7,6,2.86,B,Medium Risk
ID01849,Female,22,Business,77.3,3.7,2.81,5.5,8,2.86,B,Low Risk
ID01850,Female,23,Mathematics,98.1,3.9,2.61,9.0,6,3.04,B+,Low Risk
ID01851,Male,24,Computer Science,100.0,4.5,2.9,7.6,9,3.11,B+,Low Risk
ID01852,Female,18,Psychology,83.7,2.3,2.67,6.0,7,2.83,B,Medium Risk
ID01853,Female,18,Psychology,95.3,2.8,3.59,6.4,9,4.0,A+,Low Risk
ID01854,Female,18,Computer Science,68.8,3.6,2.65,5.7,16,2.24,C,Medium Risk
ID01855,Female,22,Engineering,100.0,11.6,3.16,6.2,10,3.88,A+,Low Risk
ID01856,Male,18,Economics,100.0,4.8,3.13,8.5,11,3.46,A,Low Risk
ID01857,Female,24,Psychology,92.8,1.8,3.57,6.7,2,3.77,A+,Low Risk
ID01858,Male,18,Business,53.7,2.3,3.64,8.2,6,3.02,B+,Medium Risk
ID01859,Female,20,Economics,76.6,9.6,3.45,9.4,8,3.72,A+,Low Risk
ID01860,Female,18,Psychology,94.2,7.8,3.28,6.4,6,3.71,A+,Low Risk
ID01861,Female,19,Engineering,78.7,3.3,2.58,5.1,10,2.68,C+,Low Risk
ID01862,Female,23,Business,100.0,5.4,2.57,7.6,8,3.07,B+,Low Risk
ID01863,Male,22,Economics,93.8,5.1,2.68,5.8,7,3.12,B+,Low Risk
ID01864,Male,21,Business,74.4,4.1,3.48,7.0,3,3.72,A+,Low Risk
ID01865,Female,23,Computer Science,85.5,2.5,3.14,7.3,5,3.24,B+,Low Risk
ID01866,Female,20,Mathematics,71.6,1.3,3.53,9.8,13,3.2,B+,Medium Risk
ID01867,Male,22,Computer Science,82.3,6.6,3.6,7.5,4,4.0,A+,Low Risk
ID01868,Male,24,Economics,76.7,5.1,2.74,6.3,11,3.0,B+,Low Risk
ID01869,Male,22,Mathematics,100.0,2.5,3.12,7.9,12,3.2,B+,Low Risk
ID01870,Female,19,Computer Science,100.0,7.6,3.09,8.2,14,3.7,A+,Low Risk
ID01871,Female,24,Mathematics,63.5,9.4,2.94,8.8,13,3.14,B+,Medium Risk
ID01872,Male,23,Psychology,56.2,4.7,2.83,5.6,11,2.5,C+,Medium Risk
ID01873,Male,23,Business,81.3,4.0,3.69,8.9,4,4.0,A+,Low Risk
ID01874,Female,18,Mathematics,62.2,1.5,3.13,10.0,6,2.87,B,Medium Risk
ID01875,Female,24,Psychology,85.7,3.7,3.11,8.9,10,3.38,A,Low Risk
ID01876,Male,19,Engineering,96.2,2.1,2.7,9.2,11,2.79,B,Medium Risk
ID01877,Female,18,Computer Science,100.0,3.8,3.44,6.3,4,3.63,A,Low Risk
ID01878,Male,18,Engineering,88.0,7.1,2.6,9.5,4,2.95,B,Low Risk
ID01879,Male,22,Economics,82.1,5.8,3.33,6.3,5,3.64,A,Low Risk
ID01880,Female,23,Psychology,55.3,7.7,3.34,6.9,7,3.28,B+,Medium Risk
ID01881,Female,18,Engineering,85.4,3.5,2.89,6.3,7,3.23,B+,Low Risk
ID01882,Female,20,Engineering,86.1,1.8,3.26,6.1,8,3.47,A,Low Risk
ID01883,Female,20,Psychology,94.6,3.4,3.19,7.0,6,3.38,A,Low Risk
ID01884,Female,23,Business,74.4,4.7,3.08,5.3,9,2.91,B,Low Risk
ID01885,Male,20,Mathematics,78.5,7.9,3.11,6.0,10,3.2,B+,Low Risk
ID01886,Male,22,Economics,62.8,6.5,3.13,5.5,6,3.05,B+,Low Risk
ID01887,Male,19,Economics,50.6,1.4,3.16,9.3,14,2.6,C+,High Risk
ID01888,Male,21,Computer Science,68.4,4.6,3.13,9.4,8,2.91,B,Low Risk
ID01889,Female,18,Mathematics,61.4,7.1,2.55,10.0,6,2.48,C+,Medium Risk
ID01890,Female,21,Computer Science,90.1,8.2,3.02,6.9,6,3.57,A,Low Risk
ID01891,Male,19,Economics,77.2,7.4,3.23,7.0,9,3.32,A,Low Risk
ID01892,Male,19,Mathematics,76.9,2.7,3.15,8.2,12,2.94,B,Low Risk
ID01893,Female,22,Engineering,70.2,2.8,3.58,5.1,12,3.41,A,Medium Risk
ID01894,Male,20,Business,36.5,10.2,3.41,5.5,7,3.19,B+,Medium Risk
ID01895,Female,20,Engineering,100.0,3.2,2.66,4.6,4,2.76,B,Low Risk
ID01896,Female,19,Business,70.0,9.3,3.02,8.3,8,3.35,A,Low Risk
ID01897,Female,22,Psychology,78.8,2.4,2.94,5.7,9,2.75,B,Medium Risk
ID01898,Male,22,Computer Science,63.2,3.8,3.1,8.5,8,2.91,B,Low Risk
ID01899,Male,23,Computer Science,99.6,1.0,3.1,6.3,11,3.18,B+,Medium Risk
ID01900,Female,24,Psychology,87.2,3.7,3.41,7.0,7,3.94,A+,Low Risk
ID01901,Female,18,Mathematics,72.6,2.5,3.19,6.7,16,2.72,B,Medium Risk
ID01902,Male,24,Psychology,79.1,5.8,3.72,7.3,8,4.0,A+,Low Risk
ID01903,Female,20,Economics,100.0,5.8,3.22,6.3,5,3.49,A,Low Risk
ID01904,Male,19,Psychology,83.9,5.2,2.68,8.6,9,3.14,B+,Low Risk
ID01905,Female,23,Business,82.3,2.6,2.87,6.7,11,3.15,B+,Medium Risk
ID01906,Male,21,Economics,70.9,7.7,3.4,7.5,10,3.68,A,Low Risk
ID01907,Female,20,Psychology,56.6,4.2,2.29,7.2,9,1.95,D,High Risk
ID01908,Male,18,Computer Science,82.6,6.1,2.43,5.5,6,2.94,B,Medium Risk
ID01909,Male,22,Engineering,89.9,7.4,3.11,9.0,8,3.56,A,Low Risk
ID01910,Male,19,Business,100.0,4.5,3.58,6.0,11,4.0,A+,Low Risk
ID01911,Male,20,Business,51.3,1.7,3.75,8.2,6,3.31,A,Medium Risk
ID01912,Female,21,Mathematics,68.1,4.8,2.99,8.1,9,2.83,B,Medium Risk
ID01913,Female,18,Engineering,76.3,3.7,3.63,4.8,6,3.7,A+,Low Risk
ID01914,Male,18,Business,84.9,2.4,3.14,6.7,6,3.28,B+,Low Risk
ID01915,Male,23,Psychology,82.8,8.7,2.33,7.9,10,2.83,B,Medium Risk
ID01916,Female,20,Business,83.2,3.5,3.1,6.6,8,3.49,A,Low Risk
ID01917,Female,21,Business,91.1,5.6,2.79,6.8,6,3.06,B+,Low Risk
ID01918,Female,18,Business,71.5,6.4,3.56,7.3,6,3.9,A+,Low Risk
ID01919,Male,19,Mathematics,99.0,4.8,3.09,6.4,8,3.33,A,Low Risk
ID01920,Male,18,Business,91.5,3.2,2.46,7.5,5,2.84,B,Medium Risk
ID01921,Female,21,Business,80.2,1.6,2.35,7.1,11,2.63,C+,Medium Risk
ID01922,Male,22,Mathematics,100.0,5.2,3.09,6.7,11,3.58,A,Low Risk
ID01923,Female,22,Economics,100.0,3.5,1.89,5.5,3,2.09,C,Medium Risk
ID01924,Male,23,Engineering,99.0,10.0,2.84,7.6,6,3.44,A,Low Risk
ID01925,Female,20,Economics,39.7,2.8,3.22,4.0,8,3.0,B+,Medium Risk
ID01926,Male,21,Computer Science,100.0,1.0,2.57,7.4,6,2.9,B,Medium Risk
ID01927,Female,23,Mathematics,96.9,2.0,3.6,7.0,13,3.84,A+,Low Risk
ID01928,Male,24,Mathematics,100.0,7.4,3.7,5.8,7,3.99,A+,Low Risk
ID01929,Female,18,Business,100.0,6.5,2.59,4.9,5,3.12,B+,Low Risk
ID01930,Male,24,Business,100.0,8.7,2.95,7.6,10,3.59,A,Low Risk
ID01931,Female,18,Computer Science,98.2,3.7,3.6,6.6,14,3.79,A+,Low Risk
ID01932,Female,22,Business,100.0,6.0,3.1,7.2,5,3.42,A,Low Risk
ID01933,Female,23,Psychology,100.0,4.7,2.4,4.2,2,2.7,B,Medium Risk
ID01934,Female,22,Business,88.2,2.9,3.03,7.7,6,3.33,A,Low Risk
ID01935,Female,19,Business,61.4,4.2,2.67,8.4,6,2.59,C+,Medium Risk
ID01936,Female,24,Psychology,80.4,3.3,3.65,6.8,9,3.94,A+,Low Risk
ID01937,Male,24,Computer Science,90.8,8.4,3.4,5.7,12,3.74,A+,Low Risk
ID01938,Female,22,Psychology,86.1,2.9,2.94,7.7,11,3.14,B+,Medium Risk
ID01939,Male,19,Mathematics,66.3,9.1,3.17,6.6,10,3.47,A,Low Risk
ID01940,Male,18,Psychology,60.5,2.8,2.45,8.3,6,2.17,C,High Risk
ID01941,Male,23,Engineering,73.9,3.3,2.72,7.0,12,2.68,C+,Medium Risk
ID01942,Male,19,Mathematics,97.1,4.3,3.88,4.0,8,4.0,A+,Low Risk
ID01943,Female,23,Business,100.0,2.7,3.13,4.0,8,3.18,B+,Low Risk
ID01944,Female,24,Mathematics,98.7,4.3,3.57,5.9,10,3.69,A,Low Risk
ID01945,Female,23,Computer Science,100.0,4.6,3.22,7.7,8,3.46,A,Low Risk
ID01946,Male,24,Computer Science,83.8,8.2,3.76,6.3,6,4.0,A+,Low Risk
ID01947,Male,19,Psychology,58.9,1.0,2.1,7.7,6,1.65,D,High Risk
ID01948,Male,24,Mathematics,78.2,2.8,3.01,6.0,7,2.84,B,Low Risk
ID01949,Male,20,Business,81.1,9.8,3.92,10.0,4,4.0,A+,Low Risk
ID01950,Male,24,Computer Science,77.5,3.3,3.58,6.7,4,3.59,A,Low Risk
ID01951,Male,22,Economics,85.8,3.3,3.76,7.4,12,4.0,A+,Low Risk
ID01952,Male,19,Business,91.6,2.7,3.1,5.6,9,3.17,B+,Low Risk
ID01953,Female,18,Economics,97.8,6.0,2.83,6.4,11,3.43,A,Low Risk
ID01954,Female,23,Engineering,80.8,1.5,2.59,7.7,9,2.95,B,Medium Risk
ID01955,Female,21,Economics,56.4,5.1,2.55,6.9,7,2.17,C,High Risk
ID01956,Female,19,Computer Science,77.8,10.5,3.5,4.0,6,3.87,A+,Low Risk
ID01957,Female,22,Psychology,85.7,1.3,3.36,7.7,9,3.45,A,Medium Risk
ID01958,Male,24,Engineering,100.0,6.0,3.07,7.9,7,3.54,A,Low Risk
ID01959,Female,23,Mathematics,76.5,1.9,3.35,8.1,5,3.34,A,Low Risk
ID01960,Female,20,Business,92.7,5.2,3.17,8.6,7,3.65,A,Low Risk
ID01961,Male,18,Computer Science,89.4,5.0,3.58,7.3,9,3.85,A+,Low Risk
ID01962,Male,20,Engineering,85.7,6.2,3.58,10.0,7,4.0,A+,Low Risk
ID01963,Female,21,Engineering,99.0,3.0,2.57,7.4,4,2.7,B,Low Risk
ID01964,Male,19,Computer Science,75.1,3.1,3.24,4.0,5,3.31,A,Low Risk
ID01965,Female,23,Mathematics,76.4,6.3,2.27,7.3,11,2.54,C+,Medium Risk
ID01966,Female,19,Mathematics,84.8,3.0,3.17,8.7,4,3.54,A,Low Risk
ID01967,Male,22,Psychology,75.4,6.7,3.4,4.9,6,3.43,A,Low Risk
ID01968,Male,19,Economics,92.6,0.8,2.44,6.6,6,2.81,B,Medium Risk
ID01969,Male,18,Mathematics,74.3,4.8,2.89,8.8,5,3.01,B+,Medium Risk
ID01970,Male,21,Psychology,88.4,6.5,3.1,6.2,9,3.51,A,Low Risk
ID01971,Male,20,Economics,83.5,3.7,3.22,6.6,8,3.49,A,Low Risk
ID01972,Female,21,Engineering,88.2,8.4,2.96,8.2,8,3.37,A,Low Risk
ID01973,Male,23,Computer Science,78.1,3.1,2.51,5.1,4,2.45,C+,Medium Risk
ID01974,Male,19,Mathematics,79.9,4.7,3.07,7.0,4,3.03,B+,Low Risk
ID01975,Male,23,Psychology,86.4,7.1,2.27,5.5,10,2.65,C+,Medium Risk
ID01976,Female,20,Engineering,88.0,2.1,2.98,6.6,4,3.06,B+,Medium Risk
ID01977,Male,23,Mathematics,84.9,7.5,2.88,7.4,6,3.35,A,Low Risk
ID01978,Male,22,Business,100.0,5.0,3.03,8.6,8,3.4,A,Low Risk
ID01979,Female,21,Engineering,70.1,2.6,2.82,7.5,10,2.84,B,Medium Risk
ID01980,Female,20,Mathematics,84.0,4.1,2.35,6.2,12,2.63,C+,Medium Risk
ID01981,Male,20,Engineering,61.4,2.5,2.92,8.8,6,2.7,B,Medium Risk
ID01982,Female,24,Computer Science,90.6,5.7,3.57,7.9,6,3.94,A+,Low Risk
ID01983,Male,20,Computer Science,68.3,3.6,3.73,4.1,7,3.49,A,Low Risk
ID01984,Male,24,Computer Science,80.8,3.3,4.0,8.3,10,4.0,A+,Low Risk
ID01985,Male,18,Economics,79.4,5.8,3.95,7.1,9,4.0,A+,Low Risk
ID01986,Male,24,Business,89.2,3.7,2.5,7.0,6,2.71,B,Low Risk
ID01987,Female,21,Computer Science,76.7,4.2,2.9,8.8,14,2.72,B,Low Risk
ID01988,Male,23,Business,76.1,4.0,3.09,6.7,11,3.28,B+,Low Risk
ID01989,Male,24,Computer Science,100.0,1.0,3.06,8.3,9,3.05,B+,Medium Risk
ID01990,Female,20,Economics,89.3,1.7,3.13,8.9,7,3.17,B+,Low Risk
ID01991,Female,21,Engineering,76.6,2.8,4.0,7.1,7,3.98,A+,Low Risk
ID01992,Male,24,Mathematics,81.2,2.9,2.56,7.7,6,2.84,B,Medium Risk
ID01993,Female,24,Mathematics,100.0,0.9,2.74,8.0,16,2.51,C+,Medium Risk
ID01994,Male,20,Computer Science,81.5,4.2,3.92,7.7,7,4.0,A+,Low Risk
ID01995,Female,22,Mathematics,74.7,3.9,2.79,8.3,12,2.81,B,Medium Risk
ID01996,Female,22,Computer Science,74.7,4.5,3.3,5.4,7,3.27,B+,Low Risk
ID01997,Female,24,Computer Science,76.8,3.4,3.62,6.0,10,3.8,A+,Low Risk
ID01998,Male,22,Psychology,76.1,8.9,3.34,5.1,4,3.73,A+,Low Risk
ID01999,Male,19,Psychology,65.8,5.5,3.2,9.5,10,3.24,B+,Low Risk
ID02000,Male,20,Psychology,68.1,9.6,3.57,4.5,7,3.99,A+,Low Risk
ID02001,Male,19,Business,72.6,2.1,2.65,9.0,4,2.56,C+,Medium Risk
ID02002,Male,21,Psychology,93.9,3.4,2.85,7.7,7,3.18,B+,Low Risk
ID02003,Female,19,Computer Science,79.3,3.0,3.37,5.7,9,3.42,A,Low Risk
ID02004,Male,21,Economics,81.9,1.4,2.07,5.1,7,2.38,C+,High Risk
ID02005,Male,24,Economics,100.0,3.7,3.81,6.9,11,4.0,A+,Low Risk
ID02006,Female,21,Engineering,100.0,0.9,3.25,6.7,7,3.55,A,Medium Risk
ID02007,Male,21,Psychology,80.8,5.7,3.18,7.6,6,3.61,A,Low Risk
ID02008,Female,23,Economics,75.5,7.8,2.28,4.0,12,2.34,C+,Medium Risk
ID02009,Male,19,Psychology,72.0,3.6,2.46,6.7,7,2.51,C+,Medium Risk
ID02010,Male,23,Engineering,95.4,4.5,2.9,5.7,8,3.29,B+,Low Risk
ID02011,Male,24,Economics,81.9,7.8,3.5,8.9,7,3.75,A+,Low Risk
ID02012,Male,20,Computer Science,79.2,2.3,2.06,7.6,8,1.93,D,High Risk
ID02013,Female,19,Business,72.8,1.4,3.49,6.2,10,3.35,A,Medium Risk
ID02014,Male,20,Psychology,73.5,0.9,2.92,9.1,6,2.83,B,Medium Risk
ID02015,Male,20,Economics,89.8,2.5,2.99,6.3,9,3.31,A,Medium Risk
ID02016,Male,21,Economics,65.3,2.7,3.23,6.8,2,3.19,B+,Medium Risk
ID02017,Male,19,Engineering,99.9,6.0,3.23,7.4,8,3.85,A+,Low Risk
ID02018,Female,20,Computer Science,77.0,1.7,2.74,8.4,5,2.59,C+,Medium Risk
ID02019,Male,22,Mathematics,82.8,1.4,3.41,7.0,12,3.72,A+,Medium Risk
ID02020,Female,20,Economics,64.9,6.5,1.94,9.1,7,2.08,C,High Risk
ID02021,Female,22,Business,84.8,2.9,2.87,6.4,8,3.31,A,Medium Risk
ID02022,Female,19,Engineering,80.1,4.5,3.18,5.5,9,3.58,A,Low Risk
ID02023,Female,24,Economics,84.2,6.2,2.93,9.4,10,3.49,A,Low Risk
ID02024,Male,23,Economics,100.0,14.0,2.19,6.5,7,2.99,B,Medium Risk
ID02025,Male,19,Engineering,87.7,5.1,3.48,7.9,7,3.75,A+,Low Risk
ID02026,Male,23,Engineering,73.1,2.7,2.48,8.2,11,2.47,C+,High Risk
ID02027,Female,23,Psychology,74.3,6.5,3.07,10.0,12,3.29,B+,Low Risk
ID02028,Female,19,Economics,93.9,2.2,3.18,6.6,10,3.26,B+,Low Risk
ID02029,Male,20,Mathematics,100.0,7.8,3.11,7.8,8,3.58,A,Low Risk
ID02030,Female,18,Business,89.2,2.6,3.68,5.8,13,3.98,A+,Low Risk
ID02031,Male,20,Computer Science,95.3,2.0,3.07,6.3,3,3.39,A,Low Risk
ID02032,Female,20,Computer Science,94.1,4.2,3.31,5.9,10,3.67,A,Low Risk
ID02033,Male,24,Mathematics,100.0,5.0,3.07,8.3,6,3.39,A,Low Risk
ID02034,Female,21,Engineering,55.8,2.0,3.41,8.4,9,2.91,B,Medium Risk
ID02035,Female,21,Engineering,95.0,2.8,3.8,7.6,3,4.0,A+,Low Risk
ID02036,Male,20,Engineering,99.8,5.3,3.17,5.8,8,3.51,A,Low Risk
ID02037,Male,22,Economics,64.9,4.6,3.49,6.0,8,3.58,A,Low Risk
ID02038,Male,24,Engineering,71.7,5.2,3.83,5.9,10,3.93,A+,Low Risk
ID02039,Male,23,Engineering,72.2,7.9,3.78,7.5,4,3.9,A+,Low Risk
ID02040,Male,21,Economics,74.1,4.8,2.91,4.6,3,2.93,B,Medium Risk
ID02041,Female,20,Economics,77.8,9.1,3.62,6.4,4,3.85,A+,Low Risk
ID02042,Female,24,Mathematics,88.6,6.7,3.22,5.0,10,3.41,A,Low Risk
ID02043,Male,18,Psychology,98.0,2.8,3.66,7.8,4,4.0,A+,Low Risk
ID02044,Male,22,Economics,100.0,8.1,3.38,5.5,6,3.82,A+,Low Risk
ID02045,Female,19,Business,72.4,4.7,3.24,9.9,6,3.39,A,Low Risk
ID02046,Female,20,Engineering,72.3,7.4,3.32,8.6,6,3.44,A,Low Risk
ID02047,Male,24,Psychology,100.0,5.2,3.23,6.9,12,3.44,A,Low Risk
ID02048,Female,20,Computer Science,94.7,10.3,3.25,7.6,7,3.88,A+,Low Risk
ID02049,Male,23,Mathematics,86.2,2.0,3.02,7.7,9,3.14,B+,Low Risk
ID02050,Male,22,Psychology,92.1,3.6,2.97,5.6,7,3.37,A,Low Risk
ID02051,Male,21,Economics,84.6,5.8,3.98,8.9,3,4.0,A+,Low Risk
ID02052,Male,21,Engineering,92.9,4.4,3.34,6.9,9,3.71,A+,Low Risk
ID02053,Male,21,Engineering,80.0,2.2,2.81,5.8,4,2.92,B,Medium Risk
ID02054,Female,19,Engineering,89.0,9.8,2.96,7.8,6,3.61,A,Low Risk
ID02055,Female,24,Psychology,62.3,3.9,3.63,5.3,6,3.41,A,Low Risk
ID02056,Female,22,Engineering,74.7,7.0,2.73,8.0,11,2.91,B,Medium Risk
ID02057,Male,22,Economics,74.8,5.5,2.36,7.5,3,2.55,C+,Medium Risk
ID02058,Male,21,Psychology,79.4,6.3,2.4,6.0,10,2.51,C+,Medium Risk
ID02059,Female,21,Engineering,71.1,1.9,2.24,8.4,12,2.04,C,High Risk
ID02060,Male,23,Computer Science,77.0,4.0,2.45,8.1,7,2.53,C+,Medium Risk
ID02061,Male,18,Computer Science,62.3,6.4,2.51,6.5,11,2.69,C+,Medium Risk
ID02062,Male,18,Business,93.2,7.0,3.79,7.8,8,4.0,A+,Low Risk
ID02063,Female,20,Engineering,83.8,6.6,3.08,5.0,11,3.38,A,Low Risk
ID02064,Male,20,Engineering,59.4,2.6,2.92,7.7,6,2.59,C+,High Risk
ID02065,Male,22,Psychology,72.5,1.3,2.38,4.8,8,2.02,C,High Risk
ID02066,Female,22,Psychology,90.0,1.7,3.03,7.2,10,3.24,B+,Low Risk
ID02067,Male,19,Engineering,76.9,4.1,2.23,8.0,8,2.41,C+,Medium Risk
ID02068,Male,19,Business,74.5,4.4,2.92,7.5,8,2.85,B,Medium Risk
ID02069,Male,18,Engineering,83.9,4.1,4.0,9.3,4,4.0,A+,Low Risk
ID02070,Male,20,Economics,90.2,1.9,3.43,5.8,5,3.52,A,Low Risk
ID02071,Female,18,Psychology,63.5,2.9,3.0,7.6,6,2.81,B,Medium Risk
ID02072,Male,18,Engineering,93.3,9.7,3.45,4.0,15,4.0,A+,Low Risk
ID02073,Male,20,Psychology,73.0,5.0,2.84,6.2,8,2.81,B,Medium Risk
ID02074,Female,24,Engineering,84.7,3.9,2.7,6.5,7,2.98,B,Low Risk
ID02075,Female,19,Mathematics,84.5,9.6,3.95,9.4,5,4.0,A+,Low Risk
ID02076,Female,23,Psychology,77.1,10.8,2.53,7.0,10,3.1,B+,Low Risk
ID02077,Male,23,Business,69.6,3.1,2.92,8.4,9,2.86,B,Medium Risk
ID02078,Male,23,Mathematics,80.7,5.1,3.25,5.6,11,3.72,A+,Low Risk
ID02079,Female,20,Economics,100.0,1.5,2.63,6.5,6,2.88,B,Medium Risk
ID02080,Female,21,Engineering,64.6,1.2,3.43,5.7,7,3.12,B+,Medium Risk
ID02081,Male,21,Economics,100.0,3.6,2.95,5.5,7,3.21,B+,Low Risk
ID02082,Male,21,Psychology,81.1,1.8,3.43,5.6,9,3.41,A,Low Risk
ID02083,Male,22,Mathematics,85.5,2.9,3.39,6.1,4,3.53,A,Low Risk
ID02084,Female,19,Economics,68.7,4.8,2.98,10.0,8,2.82,B,Medium Risk
ID02085,Male,19,Business,73.4,8.5,3.96,6.9,13,4.0,A+,Low Risk
ID02086,Male,24,Psychology,77.5,5.1,2.77,5.0,10,2.64,C+,Low Risk
ID02087,Male,24,Mathematics,69.3,3.1,3.77,6.2,1,3.72,A+,Low Risk
ID02088,Female,22,Economics,81.9,11.2,3.69,8.5,6,4.0,A+,Low Risk
ID02089,Female,18,Mathematics,78.9,4.3,3.99,5.9,10,3.76,A+,Low Risk
ID02090,Male,24,Mathematics,100.0,7.0,3.19,9.2,4,3.43,A,Low Risk
ID02091,Female,23,Economics,67.5,7.4,2.71,8.5,11,3.0,B+,Medium Risk
ID02092,Female,21,Computer Science,86.5,3.9,4.0,6.7,11,4.0,A+,Low Risk
ID02093,Male,23,Engineering,88.7,0.6,2.93,6.0,11,3.08,B+,Medium Risk
ID02094,Male,21,Psychology,68.9,1.2,2.69,5.6,9,2.49,C+,High Risk
ID02095,Male,23,Psychology,95.3,2.7,3.01,7.3,10,3.32,A,Low Risk
ID02096,Female,18,Psychology,79.0,2.8,2.61,7.6,9,2.44,C+,Medium Risk
ID02097,Female,23,Mathematics,47.6,4.0,3.36,9.0,17,2.74,B,Medium Risk
ID02098,Female,23,Economics,94.9,3.5,2.8,7.5,9,3.26,B+,Low Risk
ID02099,Female,20,Engineering,68.2,3.6,2.96,6.5,13,3.01,B+,Medium Risk
ID02100,Male,23,Business,69.3,4.2,3.58,9.1,7,3.69,A,Low Risk
ID02101,Female,20,Psychology,95.3,4.6,3.41,8.2,10,3.55,A,Low Risk
ID02102,Male,19,Economics,79.8,1.3,3.11,6.0,10,3.16,B+,Medium Risk
ID02103,Male,22,Engineering,98.8,4.6,3.19,6.9,10,3.64,A,Low Risk
ID02104,Female,23,Engineering,100.0,6.0,3.11,8.0,4,3.6,A,Low Risk
ID02105,Female,19,Computer Science,75.3,11.2,2.88,7.5,4,3.33,A,Low Risk
ID02106,Male,24,Economics,96.9,4.5,3.1,5.5,5,3.22,B+,Low Risk
ID02107,Female,24,Psychology,73.7,6.8,3.35,7.3,5,3.6,A,Low Risk
ID02108,Female,20,Mathematics,100.0,5.7,3.04,6.0,5,3.43,A,Low Risk
ID02109,Male,23,Engineering,74.6,2.5,3.31,7.1,6,3.11,B+,Medium Risk
ID02110,Female,23,Engineering,100.0,4.7,2.68,5.1,6,2.85,B,Low Risk
ID02111,Male,18,Business,97.7,9.1,2.8,5.7,13,3.28,B+,Low Risk
ID02112,Male,19,Computer Science,89.7,8.9,2.73,10.0,7,3.42,A,Low Risk
ID02113,Male,21,Engineering,74.9,8.8,2.82,6.4,11,3.08,B+,Medium Risk
ID02114,Female,21,Engineering,82.7,14.0,3.74,8.7,9,4.0,A+,Low Risk
ID02115,Female,18,Mathematics,52.7,6.0,3.46,6.8,9,3.47,A,Medium Risk
ID02116,Male,20,Mathematics,88.4,3.2,2.56,5.2,3,2.58,C+,Low Risk
ID02117,Male,21,Business,90.2,6.1,3.32,5.4,12,3.53,A,Low Risk
ID02118,Female,21,Economics,87.0,2.3,2.9,5.8,4,3.05,B+,Medium Risk
ID02119,Male,24,Business,40.4,5.5,2.76,10.0,10,2.32,C+,High Risk
ID02120,Female,24,Business,66.0,2.2,2.36,6.7,3,2.35,C+,High Risk
ID02121,Female,22,Mathematics,73.8,2.7,3.59,7.3,6,3.44,A,Medium Risk
ID02122,Male,19,Economics,89.4,1.2,2.42,8.0,6,2.69,C+,Medium Risk
ID02123,Female,20,Mathematics,89.3,5.3,3.07,7.8,6,3.33,A,Low Risk
ID02124,Male,23,Computer Science,82.4,8.6,2.63,8.3,5,3.23,B+,Low Risk
ID02125,Female,19,Psychology,94.5,4.5,3.49,6.2,3,3.96,A+,Low Risk
ID02126,Female,20,Psychology,69.6,4.2,2.93,5.2,11,3.06,B+,Medium Risk
ID02127,Female,21,Computer Science,94.2,2.8,3.03,5.6,8,3.05,B+,Low Risk
ID02128,Male,22,Psychology,92.1,7.2,3.05,4.7,10,3.48,A,Low Risk
ID02129,Female,19,Economics,90.7,7.8,3.25,6.2,5,3.87,A+,Low Risk
ID02130,Male,21,Mathematics,82.3,1.5,3.11,4.0,9,3.4,A,Low Risk
ID02131,Male,20,Psychology,100.0,4.7,3.08,8.1,14,3.36,A,Low Risk
ID02132,Male,19,Economics,92.4,7.0,2.84,7.9,8,3.52,A,Low Risk
ID02133,Female,23,Mathematics,70.5,3.1,2.31,5.5,10,2.06,C,Medium Risk
ID02134,Male,19,Economics,88.7,1.4,2.54,4.9,6,2.63,C+,Medium Risk
ID02135,Female,21,Computer Science,96.3,2.1,3.46,9.3,16,3.22,B+,Low Risk
ID02136,Female,19,Business,76.2,9.4,2.95,8.4,10,3.03,B+,Low Risk
ID02137,Male,23,Computer Science,100.0,7.7,2.77,6.6,10,3.22,B+,Low Risk
ID02138,Female,22,Psychology,90.7,8.2,2.4,6.0,9,3.03,B+,Medium Risk
ID02139,Male,22,Mathematics,49.9,1.7,2.24,7.1,8,1.87,D,High Risk
ID02140,Female,21,Economics,89.5,7.0,2.75,4.8,9,3.02,B+,Low Risk
ID02141,Female,20,Psychology,78.9,9.7,3.54,7.4,10,3.69,A,Low Risk
ID02142,Male,21,Psychology,93.1,2.7,2.82,5.2,7,3.17,B+,Medium Risk
ID02143,Female,22,Business,99.2,3.7,3.3,4.0,6,3.46,A,Low Risk
ID02144,Male,18,Psychology,87.9,4.9,2.8,5.8,4,2.95,B,Low Risk
ID02145,Male,18,Business,100.0,5.3,3.42,5.5,10,3.59,A,Low Risk
ID02146,Female,19,Mathematics,82.3,3.3,2.92,9.7,6,3.04,B+,Low Risk
ID02147,Male,23,Mathematics,94.4,7.4,2.48,9.5,4,2.79,B,Medium Risk
ID02148,Male,24,Economics,97.1,5.8,2.97,5.3,13,3.22,B+,Low Risk
ID02149,Male,24,Business,83.5,2.4,4.0,6.8,5,4.0,A+,Low Risk
ID02150,Female,24,Computer Science,96.7,7.2,3.99,6.0,5,4.0,A+,Low Risk
ID02151,Male,19,Mathematics,76.1,3.9,3.34,9.8,7,3.39,A,Low Risk
ID02152,Male,18,Economics,78.7,6.0,3.03,4.3,8,2.89,B,Low Risk
ID02153,Female,22,Computer Science,65.3,2.5,3.25,7.7,5,3.1,B+,Medium Risk
ID02154,Female,19,Mathematics,88.6,2.6,3.26,8.9,9,3.52,A,Low Risk
ID02155,Male,24,Mathematics,89.9,1.3,3.08,6.2,12,3.15,B+,Medium Risk
ID02156,Male,24,Economics,100.0,8.0,3.32,7.0,9,3.97,A+,Low Risk
ID02157,Male,21,Economics,96.9,6.8,3.2,8.6,6,3.6,A,Low Risk
ID02158,Male,24,Engineering,80.7,4.9,2.94,5.3,6,3.39,A,Low Risk
ID02159,Male,23,Psychology,67.3,1.7,2.5,8.0,9,2.24,C,Medium Risk
ID02160,Female,24,Psychology,91.5,8.7,2.87,4.7,8,3.47,A,Low Risk
ID02161,Female,21,Computer Science,100.0,5.9,3.5,4.6,9,3.87,A+,Low Risk
ID02162,Female,24,Psychology,96.3,3.3,3.08,8.3,11,3.28,B+,Low Risk
ID02163,Male,23,Computer Science,100.0,5.1,3.25,5.5,8,3.41,A,Low Risk
ID02164,Female,22,Mathematics,81.8,3.8,2.96,7.3,6,3.19,B+,Low Risk
ID02165,Male,19,Engineering,78.0,5.9,2.57,5.2,5,2.73,B,Low Risk
ID02166,Female,23,Engineering,73.9,2.2,2.98,7.4,8,2.8,B,Medium Risk
ID02167,Female,21,Mathematics,84.2,0.9,2.59,4.5,10,2.7,B,Medium Risk
ID02168,Male,19,Economics,83.8,5.6,2.56,8.9,8,2.77,B,Low Risk
ID02169,Female,19,Business,88.1,6.1,3.7,8.2,4,4.0,A+,Low Risk
ID02170,Male,21,Business,83.1,1.3,2.89,6.1,6,3.01,B+,Medium Risk
ID02171,Female,18,Psychology,83.0,0.6,2.73,4.2,11,2.75,B,Medium Risk
ID02172,Male,24,Economics,73.3,4.9,3.91,6.7,9,4.0,A+,Low Risk
ID02173,Male,23,Computer Science,99.1,5.7,3.51,6.5,9,3.76,A+,Low Risk
ID02174,Female,21,Engineering,86.1,3.7,2.91,6.2,7,3.41,A,Low Risk
ID02175,Male,22,Psychology,82.4,2.3,3.31,8.6,6,3.4,A,Low Risk
ID02176,Female,20,Mathematics,73.8,11.3,2.98,8.8,9,3.33,A,Medium Risk
ID02177,Male,21,Economics,65.0,5.4,2.75,7.6,10,2.76,B,Medium Risk
ID02178,Female,24,Engineering,100.0,7.9,3.34,9.2,7,3.73,A+,Low Risk
ID02179,Female,24,Computer Science,93.3,2.0,2.94,4.0,5,3.07,B+,Medium Risk
ID02180,Male,19,Computer Science,60.6,8.6,3.14,6.5,6,3.5,A,Low Risk
ID02181,Male,19,Business,96.4,5.3,3.61,6.5,8,4.0,A+,Low Risk
ID02182,Male,21,Psychology,98.8,10.6,3.56,8.3,8,4.0,A+,Low Risk
ID02183,Male,20,Mathematics,86.9,6.0,2.82,6.5,8,3.2,B+,Low Risk
ID02184,Male,21,Engineering,100.0,4.5,3.34,7.8,4,3.55,A,Low Risk
ID02185,Female,20,Computer Science,88.3,4.0,2.54,6.3,8,3.06,B+,Low Risk
ID02186,Female,20,Engineering,63.7,2.8,3.33,6.0,9,3.13,B+,Medium Risk
ID02187,Female,24,Mathematics,90.5,4.0,3.17,8.2,11,3.57,A,Low Risk
ID02188,Female,24,Engineering,88.7,6.1,3.29,7.0,4,3.56,A,Low Risk
ID02189,Female,24,Psychology,76.0,6.7,2.95,7.5,6,3.33,A,Low Risk
ID02190,Female,22,Business,93.6,2.5,4.0,5.1,9,3.98,A+,Low Risk
ID02191,Male,24,Engineering,60.0,1.5,2.65,8.0,9,2.38,C+,Medium Risk
ID02192,Female,23,Economics,99.9,5.1,3.59,5.4,13,3.9,A+,Low Risk
ID02193,Female,19,Business,71.8,1.2,2.58,9.6,7,2.46,C+,High Risk
ID02194,Female,19,Mathematics,70.2,4.1,3.35,6.6,11,3.35,A,Low Risk
ID02195,Male,20,Business,83.3,1.7,3.39,6.4,9,3.67,A,Low Risk
ID02196,Male,19,Engineering,91.5,6.5,3.13,8.3,5,3.64,A,Low Risk
ID02197,Male,18,Engineering,87.5,3.2,2.85,6.9,6,3.28,B+,Low Risk
ID02198,Female,20,Economics,73.9,3.5,3.17,8.1,9,3.25,B+,Low Risk
ID02199,Male,19,Computer Science,77.4,1.5,3.23,6.6,6,3.02,B+,Low Risk
ID02200,Male,18,Economics,68.0,7.5,3.99,8.1,17,3.7,A+,Low Risk
ID02201,Female,22,Engineering,81.6,4.7,2.66,6.9,6,3.08,B+,Low Risk
ID02202,Male,19,Business,100.0,4.8,2.82,8.3,10,3.2,B+,Low Risk
ID02203,Male,18,Economics,84.9,1.8,3.24,8.7,9,3.22,B+,Low Risk
ID02204,Male,21,Economics,97.9,1.1,2.97,4.6,7,2.95,B,Medium Risk
ID02205,Female,23,Computer Science,100.0,2.5,3.05,7.5,6,3.49,A,Low Risk
ID02206,Female,21,Engineering,76.2,3.2,3.64,9.7,12,3.36,A,Low Risk
ID02207,Male,18,Engineering,82.2,2.4,1.69,7.9,7,1.92,D,High Risk
ID02208,Female,20,Mathematics,100.0,10.7,2.8,10.0,4,3.27,B+,Low Risk
ID02209,Male,24,Computer Science,100.0,7.6,2.23,5.6,16,2.47,C+,Medium Risk
ID02210,Female,24,Mathematics,59.9,4.1,2.5,7.4,8,2.4,C+,High Risk
ID02211,Female,24,Mathematics,90.8,2.6,4.0,7.7,7,4.0,A+,Low Risk
ID02212,Female,20,Mathematics,85.0,2.0,3.4,6.2,5,3.69,A,Low Risk
ID02213,Male,19,Psychology,97.4,4.0,3.58,5.1,7,3.97,A+,Low Risk
ID02214,Female,24,Mathematics,73.8,4.9,3.06,10.0,13,3.09,B+,Low Risk
ID02215,Female,21,Economics,72.4,3.1,3.48,8.7,11,3.43,A,Low Risk
ID02216,Male,20,Business,74.9,5.4,2.22,7.8,11,2.31,C+,Medium Risk
ID02217,Female,20,Economics,76.4,2.9,3.62,7.1,10,3.68,A,Low Risk
ID02218,Male,24,Economics,97.2,2.0,2.69,7.2,7,3.12,B+,Medium Risk
ID02219,Female,21,Engineering,67.3,5.4,2.83,7.9,5,2.87,B,Medium Risk
ID02220,Male,22,Psychology,75.7,1.1,3.35,9.2,8,3.04,B+,Medium Risk
ID02221,Female,20,Mathematics,58.2,1.5,3.26,5.9,10,2.97,B,Medium Risk
ID02222,Male,24,Engineering,100.0,2.2,3.14,7.2,7,3.22,B+,Low Risk
ID02223,Male,23,Computer Science,100.0,2.8,2.42,6.4,8,2.85,B,Medium Risk
ID02224,Male,18,Computer Science,80.1,6.1,3.15,5.4,9,3.67,A,Low Risk
ID02225,Male,19,Engineering,80.5,1.5,3.58,6.1,3,3.69,A,Low Risk
ID02226,Male,20,Business,91.8,3.5,2.83,7.3,14,3.13,B+,Low Risk
ID02227,Male,23,Engineering,100.0,5.0,3.76,6.6,9,4.0,A+,Low Risk
ID02228,Female,23,Engineering,91.1,4.7,2.66,7.0,8,2.99,B,Low Risk
ID02229,Male,20,Psychology,74.5,6.1,3.1,8.1,4,3.14,B+,Low Risk
ID02230,Male,22,Computer Science,60.7,3.6,3.87,8.7,11,3.8,A+,Low Risk
ID02231,Female,18,Computer Science,68.3,2.7,2.76,10.0,6,2.49,C+,Medium Risk
ID02232,Male,19,Mathematics,86.1,8.3,3.63,8.2,9,4.0,A+,Low Risk
ID02233,Female,20,Economics,75.2,2.7,4.0,6.1,12,4.0,A+,Low Risk
ID02234,Female,19,Engineering,87.9,2.4,3.19,8.7,6,3.36,A,Low Risk
ID02235,Female,21,Engineering,76.7,2.3,2.84,6.5,7,2.94,B,Medium Risk
ID02236,Female,23,Business,69.1,2.3,2.71,6.0,9,2.86,B,Medium Risk
ID02237,Female,23,Computer Science,67.3,9.3,3.75,7.9,9,4.0,A+,Low Risk
ID02238,Male,20,Business,100.0,10.2,3.74,9.1,12,4.0,A+,Low Risk
ID02239,Male,20,Psychology,98.3,6.5,3.82,6.1,12,4.0,A+,Low Risk
ID02240,Male,21,Mathematics,100.0,5.5,3.08,7.5,8,3.34,A,Low Risk
ID02241,Female,22,Business,93.1,2.4,3.62,7.7,8,3.86,A+,Low Risk
ID02242,Male,20,Computer Science,78.6,3.1,3.08,5.6,4,3.07,B+,Low Risk
ID02243,Female,23,Psychology,100.0,1.3,2.66,4.9,13,2.59,C+,Medium Risk
ID02244,Female,19,Engineering,84.5,3.5,3.66,4.9,13,3.79,A+,Low Risk
ID02245,Female,18,Psychology,88.3,1.7,3.92,8.9,7,3.89,A+,Low Risk
ID02246,Male,24,Economics,84.4,4.5,2.59,6.3,11,2.93,B,Low Risk
ID02247,Male,19,Business,40.8,2.6,2.58,6.1,8,2.43,C+,High Risk
ID02248,Female,22,Computer Science,100.0,4.8,3.12,7.5,8,3.48,A,Low Risk
ID02249,Female,18,Business,92.4,2.3,3.58,9.0,7,3.8,A+,Low Risk
ID02250,Male,19,Engineering,89.9,1.2,2.53,5.3,5,2.59,C+,Medium Risk
ID02251,Male,19,Engineering,84.1,2.0,3.21,4.2,8,3.45,A,Low Risk
ID02252,Female,21,Computer Science,87.5,5.0,2.8,9.2,7,3.2,B+,Low Risk
ID02253,Female,24,Economics,76.0,5.2,3.45,7.8,6,3.42,A,Low Risk
ID02254,Female,22,Mathematics,94.2,4.9,2.7,5.4,10,3.06,B+,Low Risk
ID02255,Female,23,Psychology,65.4,4.5,3.49,6.3,5,3.52,A,Low Risk
ID02256,Female,21,Psychology,87.8,4.1,3.02,5.5,6,3.42,A,Low Risk
ID02257,Male,18,Engineering,93.4,5.9,2.63,8.0,6,2.94,B,Low Risk
ID02258,Male,24,Business,82.0,0.6,3.13,8.5,12,3.37,A,Medium Risk
ID02259,Male,23,Business,90.6,9.1,2.13,8.0,12,2.74,B,Medium Risk
ID02260,Male,21,Economics,70.1,3.5,2.82,7.2,11,2.75,B,Medium Risk
ID02261,Female,24,Mathematics,70.5,5.9,3.27,7.6,5,3.35,A,Low Risk
ID02262,Female,22,Business,88.6,3.9,2.21,5.9,4,2.26,C,Medium Risk
ID02263,Female,20,Psychology,95.2,2.5,1.81,6.3,12,2.26,C,High Risk
ID02264,Male,20,Business,56.9,3.3,1.93,7.0,9,1.53,D,High Risk
ID02265,Female,18,Mathematics,92.8,2.0,3.76,6.6,3,4.0,A+,Low Risk
ID02266,Female,20,Psychology,76.9,2.2,3.06,7.0,8,3.16,B+,Low Risk
ID02267,Female,21,Business,82.1,5.3,2.83,4.6,6,3.08,B+,Low Risk
ID02268,Female,18,Psychology,64.9,4.5,3.57,8.3,8,3.43,A,Low Risk
ID02269,Male,23,Engineering,72.2,1.1,2.9,5.4,8,2.68,C+,Medium Risk
ID02270,Male,22,Engineering,99.5,2.3,3.23,4.0,7,3.57,A,Low Risk
ID02271,Male,18,Economics,85.5,3.5,3.11,5.9,7,3.48,A,Low Risk
ID02272,Male,23,Engineering,79.3,3.9,2.86,6.7,5,2.9,B,Low Risk
ID02273,Male,18,Business,83.3,11.1,3.25,10.0,12,3.87,A+,Low Risk
ID02274,Female,19,Mathematics,92.3,4.5,3.49,6.3,4,3.83,A+,Low Risk
ID02275,Female,19,Psychology,91.6,0.9,3.01,7.3,9,3.38,A,Medium Risk
ID02276,Female,18,Computer Science,83.9,4.1,2.87,7.5,6,3.42,A,Low Risk
ID02277,Female,24,Engineering,100.0,1.7,2.93,4.7,11,2.98,B,Medium Risk
ID02278,Male,20,Engineering,99.6,3.6,1.95,6.8,5,2.46,C+,Medium Risk
ID02279,Female,19,Computer Science,91.2,11.6,3.24,6.6,11,4.0,A+,Low Risk
ID02280,Male,24,Computer Science,85.8,2.9,2.5,7.1,7,2.78,B,Medium Risk
ID02281,Male,24,Business,94.9,6.7,3.41,7.6,8,3.86,A+,Low Risk
ID02282,Male,22,Psychology,89.7,4.0,3.05,8.3,2,3.45,A,Low Risk
ID02283,Male,23,Engineering,100.0,8.9,3.15,5.7,6,3.82,A+,Low Risk
ID02284,Male,21,Mathematics,98.5,5.5,3.45,7.7,8,3.84,A+,Low Risk
ID02285,Male,19,Business,69.7,7.2,2.64,5.9,8,2.75,B,Medium Risk
ID02286,Male,18,Business,68.7,5.0,3.28,5.6,9,3.21,B+,Low Risk
ID02287,Female,20,Mathematics,74.5,2.9,3.23,9.6,7,3.01,B+,Medium Risk
ID02288,Male,21,Mathematics,99.6,8.3,3.01,4.3,4,3.67,A,Low Risk
ID02289,Male,23,Economics,61.4,4.6,2.64,6.2,8,2.6,C+,Medium Risk
ID02290,Male,24,Mathematics,90.9,3.0,3.4,7.3,3,3.83,A+,Low Risk
ID02291,Female,23,Computer Science,90.4,2.5,3.45,6.1,9,3.69,A,Low Risk
ID02292,Male,19,Engineering,100.0,4.7,3.16,7.2,6,3.38,A,Low Risk
ID02293,Male,23,Economics,87.7,7.5,2.56,5.0,6,2.91,B,Low Risk
ID02294,Male,23,Computer Science,64.9,5.2,2.84,4.2,4,2.68,C+,Medium Risk
ID02295,Male,20,Economics,70.6,3.2,3.07,5.7,6,3.17,B+,Low Risk
ID02296,Male,24,Engineering,67.3,5.1,3.44,7.2,8,3.45,A,Low Risk
ID02297,Male,20,Economics,76.9,6.3,2.31,6.7,8,2.57,C+,Medium Risk
ID02298,Male,20,Computer Science,82.3,1.3,2.82,8.0,11,3.01,B+,Medium Risk
ID02299,Male,18,Psychology,67.5,1.7,2.9,4.9,11,2.81,B,Medium Risk
ID02300,Male,23,Engineering,100.0,6.0,3.06,6.1,7,3.41,A,Low Risk
ID02301,Female,23,Business,65.1,1.6,2.45,6.9,11,2.22,C,High Risk
ID02302,Female,23,Engineering,100.0,3.6,2.99,5.5,8,3.34,A,Low Risk
ID02303,Male,22,Engineering,100.0,4.3,2.94,7.2,4,3.39,A,Low Risk
ID02304,Male,20,Engineering,98.5,2.1,2.58,6.6,8,2.68,C+,Medium Risk
ID02305,Female,21,Psychology,74.6,3.6,3.04,7.7,8,3.16,B+,Low Risk
ID02306,Male,19,Computer Science,90.1,4.3,2.83,7.4,5,3.23,B+,Low Risk
ID02307,Male,24,Business,65.8,7.7,3.35,4.2,9,3.35,A,Low Risk
ID02308,Female,21,Computer Science,98.7,7.2,2.66,9.2,7,3.2,B+,Low Risk
ID02309,Male,24,Economics,83.9,4.7,3.14,4.0,11,3.5,A,Low Risk
ID02310,Male,18,Economics,78.9,2.7,2.7,4.7,15,2.59,C+,Medium Risk
ID02311,Male,18,Economics,66.6,7.3,2.8,6.9,11,2.89,B,Medium Risk
ID02312,Female,24,Computer Science,47.8,7.5,3.25,7.4,12,3.19,B+,Medium Risk
ID02313,Male,23,Mathematics,69.4,2.5,3.22,6.6,14,3.06,B+,Medium Risk
ID02314,Female,21,Psychology,100.0,4.5,2.89,6.2,11,3.14,B+,Low Risk
ID02315,Female,23,Mathematics,79.0,3.0,2.97,6.9,8,2.87,B,Low Risk
ID02316,Male,22,Economics,82.5,4.8,2.37,7.8,5,2.82,B,Medium Risk
ID02317,Male,18,Psychology,94.8,2.4,3.8,5.3,9,4.0,A+,Low Risk
ID02318,Male,18,Computer Science,100.0,6.2,3.44,5.3,10,3.63,A,Low Risk
ID02319,Male,21,Economics,100.0,4.8,3.43,5.7,6,3.78,A+,Low Risk
ID02320,Male,18,Computer Science,70.4,2.4,2.3,9.0,11,1.98,D,High Risk
ID02321,Female,22,Psychology,55.9,5.9,2.8,7.6,11,2.81,B,Medium Risk
ID02322,Female,22,Computer Science,100.0,2.7,2.93,7.9,7,3.33,A,Medium Risk
ID02323,Female,22,Computer Science,100.0,1.1,2.13,9.4,8,2.32,C+,High Risk
ID02324,Male,19,Business,87.8,2.0,3.54,8.2,7,3.59,A,Low Risk
ID02325,Female,22,Mathematics,65.9,6.6,3.83,7.2,3,4.0,A+,Low Risk
ID02326,Female,22,Mathematics,99.4,9.4,4.0,9.3,7,4.0,A+,Low Risk
ID02327,Female,19,Mathematics,83.4,9.6,2.58,5.5,8,3.11,B+,Low Risk
ID02328,Male,23,Engineering,83.3,2.8,3.16,6.6,10,3.26,B+,Low Risk
ID02329,Female,20,Business,98.4,3.6,3.76,8.7,9,3.99,A+,Low Risk
ID02330,Male,18,Economics,90.0,3.1,2.97,4.0,8,3.04,B+,Low Risk
ID02331,Male,22,Economics,67.2,4.0,2.82,5.8,4,2.81,B,Medium Risk
ID02332,Male,18,Economics,80.1,1.6,2.17,8.2,10,2.49,C+,Medium Risk
ID02333,Female,21,Mathematics,94.9,2.9,3.67,7.2,4,4.0,A+,Low Risk
ID02334,Female,18,Mathematics,92.7,4.5,3.09,7.8,12,3.39,A,Low Risk
ID02335,Male,24,Business,88.9,6.7,2.74,4.1,7,3.08,B+,Low Risk
ID02336,Male,23,Computer Science,99.0,4.7,3.24,5.7,10,3.7,A+,Low Risk
ID02337,Male,19,Mathematics,79.6,3.5,3.18,8.0,5,3.05,B+,Low Risk
ID02338,Male,18,Economics,87.7,2.1,3.18,5.6,9,3.49,A,Low Risk
ID02339,Male,18,Computer Science,34.4,6.9,2.99,8.2,7,2.61,C+,Medium Risk
ID02340,Male,18,Mathematics,78.3,1.5,3.91,7.4,13,3.8,A+,Low Risk
ID02341,Female,20,Psychology,96.5,1.7,3.03,5.2,7,3.26,B+,Low Risk
ID02342,Male,20,Engineering,79.1,5.6,3.91,7.5,6,4.0,A+,Low Risk
ID02343,Male,21,Mathematics,78.0,6.0,3.38,8.1,13,3.46,A,Low Risk
ID02344,Male,19,Psychology,69.4,0.6,3.28,7.5,8,3.16,B+,Medium Risk
ID02345,Female,18,Business,100.0,3.5,3.04,7.8,8,3.41,A,Low Risk
ID02346,Female,18,Psychology,93.2,1.0,3.59,4.4,8,3.56,A,Medium Risk
ID02347,Female,18,Business,97.4,3.6,3.16,10.0,11,3.42,A,Low Risk
ID02348,Male,18,Mathematics,59.1,3.2,2.63,10.0,8,2.43,C+,High Risk
ID02349,Female,20,Business,82.6,8.3,2.62,9.1,8,2.96,B,Low Risk
ID02350,Male,23,Psychology,80.8,5.1,3.31,7.2,5,3.54,A,Low Risk
ID02351,Female,23,Engineering,80.8,5.2,2.65,6.4,10,3.02,B+,Low Risk
ID02352,Female,21,Computer Science,75.8,7.6,3.07,6.4,11,3.25,B+,Low Risk
ID02353,Female,24,Computer Science,79.8,7.7,3.63,8.2,9,3.62,A,Low Risk
ID02354,Female,22,Engineering,97.7,4.3,3.25,8.6,3,3.54,A,Low Risk
ID02355,Female,19,Economics,56.3,2.7,2.74,6.0,7,2.4,C+,High Risk
ID02356,Male,23,Computer Science,100.0,6.5,3.8,7.0,10,4.0,A+,Low Risk
ID02357,Female,24,Mathematics,92.3,6.3,3.37,8.9,8,3.7,A+,Low Risk
ID02358,Male,18,Economics,84.4,5.6,3.61,6.8,9,4.0,A+,Low Risk
ID02359,Male,23,Mathematics,98.6,4.3,1.97,7.2,6,2.45,C+,Medium Risk
ID02360,Male,21,Psychology,63.2,3.6,3.27,9.1,7,3.19,B+,Low Risk
ID02361,Male,22,Psychology,75.0,7.8,3.52,8.8,7,3.68,A,Low Risk
ID02362,Male,23,Economics,83.2,3.2,3.95,8.2,12,4.0,A+,Low Risk
ID02363,Male,21,Economics,100.0,2.6,2.37,5.4,13,2.66,C+,Medium Risk
ID02364,Male,20,Economics,84.3,3.4,3.7,5.4,8,3.98,A+,Low Risk
ID02365,Female,22,Economics,91.8,2.3,3.92,5.9,7,3.99,A+,Low Risk
ID02366,Male,21,Business,76.2,6.3,2.09,6.2,8,2.22,C,Medium Risk
ID02367,Male,24,Economics,92.3,4.3,3.34,7.3,8,3.82,A+,Low Risk
ID02368,Female,23,Economics,100.0,1.0,3.41,6.9,8,3.66,A,Medium Risk
ID02369,Male,20,Psychology,99.9,5.1,2.94,6.8,6,3.53,A,Low Risk
ID02370,Female,24,Mathematics,83.8,3.5,2.85,6.6,8,3.32,A,Low Risk
ID02371,Female,21,Psychology,95.1,4.0,3.43,5.7,11,3.65,A,Low Risk
ID02372,Female,21,Computer Science,93.7,4.6,2.79,6.3,7,3.09,B+,Low Risk
ID02373,Female,24,Business,92.6,2.9,2.99,10.0,4,3.03,B+,Medium Risk
ID02374,Male,23,Business,100.0,2.6,3.51,8.0,10,3.75,A+,Low Risk
ID02375,Female,22,Mathematics,100.0,5.6,3.98,7.0,7,4.0,A+,Low Risk
ID02376,Male,20,Economics,83.1,1.8,3.37,4.7,7,3.32,A,Low Risk
ID02377,Male,18,Psychology,94.6,2.2,3.17,5.5,8,3.19,B+,Low Risk
ID02378,Female,19,Computer Science,79.3,2.5,2.84,6.9,10,2.8,B,Medium Risk
ID02379,Male,22,Psychology,71.2,6.8,2.59,9.0,9,2.84,B,Medium Risk
ID02380,Female,20,Economics,81.0,7.9,3.65,7.3,9,4.0,A+,Low Risk
ID02381,Female,24,Economics,83.9,2.5,3.02,7.3,11,3.27,B+,Low Risk
ID02382,Female,21,Engineering,60.1,2.2,3.68,8.7,3,3.49,A,Medium Risk
ID02383,Female,24,Psychology,97.9,4.3,2.94,5.5,9,3.15,B+,Low Risk
ID02384,Male,20,Mathematics,43.5,3.5,2.78,9.1,7,2.49,C+,High Risk
ID02385,Male,24,Psychology,100.0,6.4,3.31,6.4,9,3.78,A+,Low Risk
ID02386,Female,24,Business,100.0,5.3,3.06,8.7,9,3.34,A,Low Risk
ID02387,Male,19,Computer Science,81.1,9.9,2.5,9.5,8,3.22,B+,Low Risk
ID02388,Female,23,Mathematics,85.1,2.3,4.0,5.6,11,4.0,A+,Low Risk
ID02389,Female,19,Engineering,89.5,6.3,2.79,7.0,12,3.39,A,Low Risk
ID02390,Female,18,Computer Science,76.2,3.2,3.56,8.2,11,3.48,A,Low Risk
ID02391,Male,18,Computer Science,87.9,2.1,3.52,6.6,8,3.75,A+,Low Risk
ID02392,Male,19,Business,82.8,3.1,2.47,6.6,10,2.6,C+,Medium Risk
ID02393,Male,22,Business,83.6,3.3,2.6,6.4,10,3.06,B+,Low Risk
ID02394,Male,22,Business,87.7,7.5,2.95,4.2,8,3.28,B+,Low Risk
ID02395,Female,24,Mathematics,65.3,1.4,2.67,8.6,10,2.56,C+,Medium Risk
ID02396,Male,24,Psychology,85.6,2.5,3.96,5.5,11,4.0,A+,Low Risk
ID02397,Male,21,Computer Science,87.5,4.2,3.0,4.0,4,3.27,B+,Low Risk
ID02398,Male,18,Psychology,86.9,2.0,3.54,8.6,5,3.75,A+,Low Risk
ID02399,Female,21,Psychology,81.8,9.3,3.36,7.7,8,3.91,A+,Low Risk
ID02400,Female,18,Business,100.0,10.2,3.23,5.0,14,3.88,A+,Low Risk
ID02401,Male,19,Psychology,79.7,4.0,3.12,8.6,6,3.13,B+,Low Risk
ID02402,Male,22,Computer Science,88.4,5.6,3.72,8.0,10,4.0,A+,Low Risk
ID02403,Male,24,Computer Science,100.0,8.5,2.69,7.0,5,3.32,A,Low Risk
ID02404,Male,22,Economics,83.8,3.7,3.96,6.5,8,4.0,A+,Low Risk
ID02405,Female,19,Engineering,88.2,5.4,2.46,6.8,5,2.94,B,Medium Risk
ID02406,Female,21,Mathematics,83.6,1.9,3.49,7.3,4,3.8,A+,Low Risk
ID02407,Male,21,Psychology,100.0,1.0,2.4,5.8,7,2.48,C+,High Risk
ID02408,Male,20,Mathematics,81.1,6.7,2.94,8.7,9,3.22,B+,Low Risk
ID02409,Female,24,Mathematics,100.0,3.8,3.15,7.8,4,3.61,A,Low Risk
ID02410,Male,24,Mathematics,83.4,10.0,2.86,6.8,10,3.61,A,Low Risk
ID02411,Female,24,Economics,72.1,2.8,3.01,9.6,4,2.72,B,Medium Risk
ID02412,Male,18,Mathematics,95.2,1.7,2.41,6.5,8,2.64,C+,Medium Risk
ID02413,Male,21,Economics,80.4,6.4,2.61,9.3,5,2.82,B,Low Risk
ID02414,Male,19,Computer Science,94.3,9.5,3.35,7.4,8,3.9,A+,Low Risk
ID02415,Male,21,Psychology,44.1,1.9,3.11,8.1,5,2.62,C+,Medium Risk
ID02416,Female,22,Economics,85.1,2.2,2.75,6.4,7,2.88,B,Medium Risk
ID02417,Male,18,Engineering,78.1,8.3,3.76,4.2,13,3.91,A+,Low Risk
ID02418,Male,24,Mathematics,69.1,11.7,2.49,7.7,4,3.01,B+,Medium Risk
ID02419,Male,23,Engineering,76.7,5.4,2.92,5.2,6,2.91,B,Low Risk
ID02420,Male,20,Computer Science,76.4,2.6,2.85,6.1,5,2.72,B,Medium Risk
ID02421,Male,18,Computer Science,84.3,7.9,3.41,7.1,10,3.92,A+,Low Risk
ID02422,Male,22,Business,64.5,3.4,3.12,6.0,7,3.18,B+,Low Risk
ID02423,Female,24,Mathematics,89.7,2.7,3.05,7.0,6,3.51,A,Low Risk
ID02424,Male,22,Business,100.0,2.9,2.18,7.3,8,2.47,C+,Medium Risk
ID02425,Male,22,Engineering,89.2,5.9,3.53,4.8,12,4.0,A+,Low Risk
ID02426,Female,24,Psychology,97.1,4.1,2.99,7.4,5,3.54,A,Low Risk
ID02427,Male,22,Business,100.0,5.2,3.16,6.1,4,3.59,A,Low Risk
ID02428,Female,19,Computer Science,100.0,6.5,2.73,5.4,7,2.96,B,Low Risk
ID02429,Male,20,Mathematics,100.0,3.5,2.65,4.0,10,3.03,B+,Low Risk
ID02430,Female,23,Engineering,77.5,6.9,3.85,4.7,12,4.0,A+,Low Risk
ID02431,Female,22,Economics,74.2,4.0,2.21,7.0,7,2.41,C+,Medium Risk
ID02432,Female,22,Computer Science,96.8,2.9,2.57,7.1,10,3.05,B+,Medium Risk
ID02433,Female,21,Economics,95.6,1.5,3.84,7.8,10,3.98,A+,Low Risk
ID02434,Male,20,Psychology,96.6,3.4,3.42,9.6,6,3.57,A,Low Risk
ID02435,Female,18,Mathematics,100.0,8.8,2.94,9.0,7,3.5,A,Low Risk
ID02436,Male,20,Psychology,85.2,6.3,3.72,8.5,13,4.0,A+,Low Risk
ID02437,Male,20,Psychology,91.4,5.2,3.32,8.8,6,3.78,A+,Low Risk
ID02438,Male,24,Mathematics,70.3,2.0,3.22,7.3,6,3.07,B+,Medium Risk
ID02439,Male,24,Mathematics,100.0,2.9,3.21,7.2,10,3.57,A,Low Risk
ID02440,Male,24,Economics,80.0,5.8,3.33,9.3,4,3.85,A+,Low Risk
ID02441,Female,23,Psychology,80.4,6.6,3.35,7.3,10,3.72,A+,Low Risk
ID02442,Male,20,Engineering,79.8,6.3,4.0,7.4,10,4.0,A+,Low Risk
ID02443,Female,23,Economics,75.3,4.7,3.0,8.7,6,2.95,B,Low Risk
ID02444,Female,22,Mathematics,74.1,2.4,3.02,6.6,7,2.82,B,Medium Risk
ID02445,Male,24,Computer Science,77.1,6.6,2.48,6.8,5,2.53,C+,Medium Risk
ID02446,Male,22,Economics,64.5,2.9,3.07,5.0,4,2.92,B,Medium Risk
ID02447,Male,24,Business,73.2,6.7,4.0,6.3,5,4.0,A+,Low Risk
ID02448,Male,19,Engineering,100.0,3.4,3.59,6.5,13,3.86,A+,Low Risk
ID02449,Male,23,Economics,96.0,9.7,2.83,6.6,10,3.36,A,Low Risk
ID02450,Male,23,Mathematics,98.9,3.2,3.12,8.2,8,3.48,A,Low Risk
ID02451,Male,18,Mathematics,100.0,3.1,2.45,5.5,8,2.7,B,Medium Risk
ID02452,Female,21,Engineering,100.0,3.8,2.62,9.2,7,3.02,B+,Low Risk
ID02453,Female,20,Business,58.4,2.5,3.17,4.0,8,2.63,C+,Medium Risk
ID02454,Male,18,Economics,66.6,2.2,2.85,7.9,9,2.64,C+,Medium Risk
ID02455,Female,23,Economics,72.9,2.4,2.58,8.2,9,2.39,C+,Medium Risk
ID02456,Male,18,Psychology,78.0,8.1,3.34,8.0,7,3.42,A,Low Risk
ID02457,Male,19,Computer Science,80.5,2.3,3.06,8.6,13,3.38,A,Low Risk
ID02458,Female,21,Mathematics,78.3,3.2,2.32,6.7,8,2.21,C,Medium Risk
ID02459,Male,23,Economics,88.3,12.3,2.06,8.9,6,2.58,C+,Medium Risk
ID02460,Male,23,Economics,85.5,6.8,2.81,6.0,2,3.42,A,Low Risk
ID02461,Female,20,Economics,74.2,6.7,2.31,6.1,10,2.58,C+,Medium Risk
ID02462,Female,24,Business,52.4,11.3,2.17,10.0,9,2.01,C,High Risk
ID02463,Female,21,Computer Science,70.1,3.8,3.66,7.3,10,3.7,A+,Low Risk
ID02464,Female,19,Economics,76.8,1.1,3.05,8.4,9,2.83,B,Medium Risk
ID02465,Female,22,Engineering,81.3,6.4,2.97,7.7,8,3.39,A,Low Risk
ID02466,Male,18,Mathematics,68.1,3.5,3.01,8.1,10,2.79,B,Low Risk
ID02467,Male,20,Psychology,77.6,12.4,2.53,4.0,11,3.01,B+,Low Risk
ID02468,Male,23,Engineering,68.0,1.0,3.31,7.6,10,3.11,B+,Medium Risk
ID02469,Male,22,Mathematics,83.1,2.2,3.03,7.0,11,3.27,B+,Low Risk
ID02470,Male,19,Business,68.9,2.8,2.72,8.5,8,2.76,B,Medium Risk
ID02471,Male,21,Computer Science,72.3,3.8,2.8,5.8,11,2.67,C+,Medium Risk
ID02472,Female,18,Computer Science,65.4,1.6,2.49,8.8,7,2.13,C,High Risk
ID02473,Female,20,Mathematics,82.7,4.9,2.9,5.2,6,3.35,A,Low Risk
ID02474,Female,23,Engineering,72.0,2.7,2.98,6.3,7,2.96,B,Medium Risk
ID02475,Male,23,Psychology,98.6,7.0,2.88,4.6,11,3.28,B+,Low Risk
ID02476,Female,22,Business,91.1,8.5,3.13,5.4,7,3.63,A,Low Risk
ID02477,Male,22,Mathematics,84.0,3.3,3.06,7.0,7,3.25,B+,Low Risk
ID02478,Female,18,Business,73.0,5.4,3.22,9.1,8,3.33,A,Low Risk
ID02479,Male,21,Computer Science,90.7,4.0,3.57,7.1,12,3.81,A+,Low Risk
ID02480,Female,19,Economics,95.4,3.8,3.4,5.1,10,3.56,A,Low Risk
ID02481,Male,24,Economics,87.1,1.6,3.58,4.0,8,3.76,A+,Low Risk
ID02482,Female,21,Psychology,100.0,3.7,2.68,8.0,6,3.11,B+,Low Risk
ID02483,Female,21,Business,91.9,6.6,2.85,6.0,5,3.42,A,Low Risk
ID02484,Male,21,Mathematics,98.7,5.0,3.43,6.2,5,3.66,A,Low Risk
ID02485,Male,24,Psychology,87.0,2.2,3.44,8.6,14,3.7,A+,Low Risk
ID02486,Female,18,Engineering,95.1,1.6,2.76,6.8,11,3.06,B+,Medium Risk
ID02487,Male,24,Economics,73.0,3.6,3.41,6.6,5,3.48,A,Low Risk
ID02488,Female,18,Mathematics,78.1,2.5,2.63,7.2,7,2.79,B,Medium Risk
ID02489,Female,24,Business,90.2,2.7,3.34,9.2,3,3.46,A,Low Risk
ID02490,Male,19,Psychology,90.1,2.5,3.09,7.4,11,3.44,A,Low Risk
ID02491,Male,21,Mathematics,92.6,4.0,2.41,4.0,4,2.69,C+,Medium Risk
ID02492,Male,18,Psychology,100.0,5.6,2.88,5.8,16,2.87,B,Low Risk
ID02493,Female,24,Psychology,63.6,2.4,4.0,6.6,12,4.0,A+,Medium Risk
ID02494,Male,19,Psychology,70.4,2.4,3.2,8.3,4,3.03,B+,Medium Risk
ID02495,Male,24,Business,88.4,1.7,4.0,5.1,5,4.0,A+,Low Risk
ID02496,Male,23,Mathematics,74.1,4.4,2.38,7.2,9,2.47,C+,Medium Risk
ID02497,Female,19,Computer Science,100.0,6.6,3.48,6.9,7,3.96,A+,Low Risk
ID02498,Female,21,Computer Science,92.7,3.7,1.83,8.5,7,2.05,C,Medium Risk
ID02499,Female,20,Business,83.8,5.7,3.1,5.5,6,3.3,A,Low Risk
ID02500,Male,21,Business,77.3,7.6,3.42,7.3,6,3.55,A,Low Risk
ID02501,Female,20,Economics,77.8,4.6,3.52,9.3,8,3.35,A,Low Risk
ID02502,Female,19,Psychology,85.5,2.2,2.7,8.3,8,2.95,B,Medium Risk
ID02503,Female,23,Mathematics,86.7,2.1,3.62,7.9,10,3.97,A+,Low Risk
ID02504,Female,23,Mathematics,78.1,2.3,2.83,6.5,12,2.85,B,Medium Risk
ID02505,Male,18,Engineering,80.9,10.4,3.02,7.2,8,3.86,A+,Low Risk
ID02506,Male,23,Engineering,100.0,12.0,2.88,6.8,11,3.54,A,Low Risk
ID02507,Female,22,Computer Science,100.0,3.2,2.53,8.3,11,2.87,B,Low Risk
ID02508,Male,19,Engineering,88.8,7.4,3.88,7.8,8,4.0,A+,Low Risk
ID02509,Female,18,Engineering,64.9,8.1,3.12,6.1,10,3.2,B+,Low Risk
ID02510,Female,23,Computer Science,93.1,1.6,3.64,9.6,10,3.57,A,Low Risk
ID02511,Male,19,Economics,100.0,10.0,3.62,8.8,9,4.0,A+,Low Risk
ID02512,Female,21,Computer Science,100.0,3.4,2.62,5.7,7,2.95,B,Low Risk
ID02513,Male,23,Engineering,96.0,3.3,3.71,6.5,4,4.0,A+,Low Risk
ID02514,Male,24,Mathematics,100.0,1.8,3.35,6.8,7,3.58,A,Low Risk
ID02515,Female,20,Engineering,85.8,10.4,2.58,8.2,7,2.97,B,Low Risk
ID02516,Female,19,Psychology,94.4,4.2,3.32,5.8,8,3.39,A,Low Risk
ID02517,Male,18,Psychology,74.8,9.8,2.59,6.0,6,3.1,B+,Medium Risk
ID02518,Male,21,Psychology,89.4,7.8,3.9,8.3,9,4.0,A+,Low Risk
ID02519,Female,22,Economics,100.0,3.2,3.51,7.8,8,3.93,A+,Low Risk
ID02520,Female,21,Business,76.2,4.3,3.06,4.1,6,2.85,B,Low Risk
ID02521,Female,23,Psychology,72.1,2.6,3.73,8.0,9,3.58,A,Medium Risk
ID02522,Male,20,Mathematics,86.5,2.8,2.31,4.8,9,2.37,C+,Medium Risk
ID02523,Male,21,Economics,81.6,5.2,2.73,6.0,5,3.05,B+,Low Risk
ID02524,Male,22,Business,94.7,6.2,2.97,6.5,12,3.39,A,Low Risk
ID02525,Female,24,Business,78.2,1.1,4.0,6.3,10,3.75,A+,Medium Risk
ID02526,Male,18,Psychology,100.0,1.1,2.56,6.0,5,2.95,B,Medium Risk
ID02527,Male,19,Engineering,65.7,2.9,2.25,5.4,6,1.95,D,High Risk
ID02528,Female,20,Computer Science,100.0,4.7,2.38,7.8,14,2.87,B,Medium Risk
ID02529,Male,22,Engineering,73.5,8.2,3.55,4.6,8,3.72,A+,Low Risk
ID02530,Female,23,Engineering,58.1,4.1,2.8,6.2,5,2.39,C+,High Risk
ID02531,Female,23,Business,88.6,3.4,3.02,8.2,12,3.09,B+,Low Risk
ID02532,Female,23,Business,81.2,5.6,3.48,7.6,10,3.95,A+,Low Risk
ID02533,Male,20,Economics,68.4,2.2,3.02,4.9,4,2.81,B,Medium Risk
ID02534,Male,21,Economics,59.8,4.2,3.2,4.1,7,2.84,B,Medium Risk
ID02535,Female,20,Business,84.9,3.7,3.37,5.4,10,3.62,A,Low Risk
ID02536,Female,23,Mathematics,99.6,4.4,2.88,4.0,9,3.18,B+,Low Risk
ID02537,Female,24,Mathematics,93.8,7.6,3.02,7.1,14,3.58,A,Low Risk
ID02538,Male,22,Computer Science,85.9,1.2,3.22,6.3,7,3.26,B+,Medium Risk
ID02539,Female,19,Business,92.2,3.8,3.53,6.4,8,3.97,A+,Low Risk
ID02540,Female,19,Psychology,84.6,6.1,2.7,7.8,5,3.07,B+,Low Risk
ID02541,Female,20,Economics,63.6,5.4,1.59,8.3,5,1.46,F,High Risk
ID02542,Female,23,Business,63.7,1.3,3.44,7.4,7,3.2,B+,Medium Risk
ID02543,Female,18,Mathematics,82.0,1.1,3.56,6.7,9,3.66,A,Medium Risk
ID02544,Female,24,Business,82.6,5.9,3.2,5.9,5,3.6,A,Low Risk
ID02545,Male,20,Mathematics,97.8,1.3,3.23,6.5,6,3.43,A,Medium Risk
ID02546,Male,23,Business,96.4,4.3,2.82,7.3,7,3.03,B+,Low Risk
ID02547,Male,21,Psychology,94.1,7.3,3.35,8.4,5,3.58,A,Low Risk
ID02548,Male,19,Computer Science,80.8,1.5,3.53,4.9,5,3.46,A,Low Risk
ID02549,Male,19,Psychology,64.3,9.9,3.13,5.3,5,3.34,A,Low Risk
ID02550,Male,24,Mathematics,91.2,5.8,4.0,7.0,10,4.0,A+,Low Risk
ID02551,Male,19,Economics,92.9,14.0,2.32,4.0,9,3.1,B+,Medium Risk
ID02552,Male,18,Economics,49.2,3.0,3.18,7.4,9,3.0,B+,Medium Risk
ID02553,Female,23,Engineering,72.5,8.4,2.51,8.6,6,2.61,C+,Medium Risk
ID02554,Female,23,Psychology,74.6,3.2,3.54,10.0,7,3.31,A,Low Risk
ID02555,Male,24,Business,86.8,4.1,2.31,7.1,11,2.79,B,Medium Risk
ID02556,Female,23,Computer Science,72.9,2.6,2.43,8.3,6,2.4,C+,High Risk
ID02557,Male,24,Business,84.4,4.0,2.78,7.0,4,3.17,B+,Low Risk
ID02558,Male,23,Business,81.8,6.8,3.23,9.4,10,3.78,A+,Low Risk
ID02559,Male,18,Psychology,82.6,10.0,2.8,6.4,10,3.5,A,Low Risk
ID02560,Male,22,Computer Science,74.3,2.3,2.81,7.5,14,2.79,B,Medium Risk
ID02561,Female,20,Engineering,75.4,4.5,3.01,7.9,11,3.09,B+,Low Risk
ID02562,Female,20,Business,68.8,2.8,2.98,7.6,6,3.02,B+,Medium Risk
ID02563,Male,23,Computer Science,90.7,4.6,3.84,5.8,10,4.0,A+,Low Risk
ID02564,Male,21,Engineering,93.6,7.4,3.44,4.9,8,3.77,A+,Low Risk
ID02565,Male,19,Business,73.4,3.0,2.94,8.5,9,3.02,B+,Medium Risk
ID02566,Male,18,Computer Science,100.0,5.2,4.0,7.4,7,4.0,A+,Low Risk
ID02567,Male,21,Psychology,80.3,2.2,3.35,7.1,12,3.48,A,Low Risk
ID02568,Male,21,Economics,100.0,7.7,2.62,8.3,13,3.07,B+,Low Risk
ID02569,Female,23,Economics,75.4,6.3,3.23,8.3,8,3.41,A,Low Risk
ID02570,Female,18,Business,54.6,2.4,3.37,7.5,12,2.86,B,Medium Risk
ID02571,Male,20,Business,91.0,2.4,2.76,8.0,7,2.88,B,Medium Risk
ID02572,Female,19,Computer Science,88.7,8.7,2.57,6.2,10,3.17,B+,Low Risk
ID02573,Male,20,Economics,85.5,11.7,3.14,7.8,9,3.69,A,Low Risk
ID02574,Male,21,Business,75.4,2.5,2.92,4.6,4,2.93,B,Medium Risk
ID02575,Male,19,Engineering,84.5,6.8,3.84,7.0,5,4.0,A+,Low Risk
ID02576,Female,22,Business,77.3,3.2,3.47,8.1,8,3.47,A,Low Risk
ID02577,Female,21,Economics,80.5,8.7,2.78,5.9,6,3.39,A,Low Risk
ID02578,Female,20,Mathematics,97.6,3.4,3.31,7.2,7,3.7,A+,Low Risk
ID02579,Male,20,Economics,87.8,6.0,3.73,7.5,5,4.0,A+,Low Risk
ID02580,Female,23,Engineering,94.1,4.4,2.4,5.7,1,2.48,C+,Medium Risk
ID02581,Male,20,Computer Science,81.5,0.8,2.59,8.7,4,2.82,B,Medium Risk
ID02582,Female,18,Engineering,79.9,2.3,3.09,7.5,8,3.14,B+,Low Risk
ID02583,Male,21,Mathematics,67.7,5.9,3.12,4.5,4,3.12,B+,Low Risk
ID02584,Male,24,Mathematics,79.4,5.5,3.07,7.1,7,3.31,A,Low Risk
ID02585,Female,24,Business,35.2,4.7,2.94,9.2,2,2.45,C+,High Risk
ID02586,Female,19,Business,76.1,10.2,2.94,7.0,5,3.23,B+,Low Risk
ID02587,Male,20,Economics,83.8,6.5,3.29,6.0,11,3.7,A+,Low Risk
ID02588,Female,23,Psychology,93.5,6.1,3.67,6.2,9,3.97,A+,Low Risk
ID02589,Male,23,Engineering,81.0,0.8,2.86,6.8,9,3.15,B+,Medium Risk
ID02590,Female,20,Economics,90.2,6.7,4.0,5.2,3,4.0,A+,Low Risk
ID02591,Female,18,Psychology,52.3,1.4,4.0,9.1,12,3.55,A,High Risk
ID02592,Female,23,Economics,84.1,4.0,3.76,8.4,7,3.98,A+,Low Risk
ID02593,Female,24,Mathematics,59.8,1.4,3.41,8.6,9,2.97,B,High Risk
ID02594,Male,19,Business,66.9,5.3,4.0,4.7,7,4.0,A+,Low Risk
ID02595,Male,21,Business,82.2,7.5,2.95,7.2,13,3.42,A,Low Risk
ID02596,Female,22,Economics,100.0,3.8,2.68,8.6,10,2.85,B,Low Risk
ID02597,Male,18,Business,90.6,3.9,2.84,5.6,8,3.13,B+,Low Risk
ID02598,Male,23,Computer Science,85.3,2.1,2.6,6.9,9,2.93,B,Medium Risk
ID02599,Male,21,Economics,84.7,7.5,3.16,5.4,8,3.57,A,Low Risk
ID02600,Male,22,Mathematics,74.3,1.5,3.25,8.3,9,3.22,B+,Medium Risk
ID02601,Female,20,Economics,76.8,4.4,3.2,6.7,10,3.21,B+,Low Risk
ID02602,Male,20,Economics,91.4,3.8,3.09,6.9,6,3.49,A,Low Risk
ID02603,Female,19,Business,64.2,5.0,3.17,5.3,12,3.24,B+,Low Risk
ID02604,Male,22,Mathematics,93.9,6.4,3.97,9.3,8,4.0,A+,Low Risk
ID02605,Male,20,Economics,79.2,3.6,3.41,7.1,5,3.25,B+,Low Risk
ID02606,Male,20,Business,97.4,6.8,3.56,8.2,12,4.0,A+,Low Risk
ID02607,Male,24,Engineering,99.4,3.9,3.2,7.6,11,3.54,A,Low Risk
ID02608,Male,23,Mathematics,59.9,4.9,2.29,5.6,9,1.82,D,High Risk
ID02609,Female,19,Psychology,76.3,1.9,2.19,4.5,6,2.22,C,Medium Risk
ID02610,Male,21,Computer Science,72.2,3.1,4.0,6.7,5,3.92,A+,Low Risk
ID02611,Female,20,Psychology,57.8,1.3,2.83,8.7,12,2.33,C+,High Risk
ID02612,Male,24,Mathematics,69.5,4.2,2.79,4.0,7,2.74,B,Medium Risk
ID02613,Male,18,Economics,100.0,6.2,3.22,9.9,10,3.53,A,Low Risk
ID02614,Female,18,Business,94.1,3.5,3.38,8.3,8,3.47,A,Low Risk
ID02615,Male,21,Mathematics,100.0,3.8,3.44,7.3,5,3.86,A+,Low Risk
ID02616,Male,22,Computer Science,97.4,5.1,3.99,6.8,9,4.0,A+,Low Risk
ID02617,Male,19,Mathematics,73.9,5.4,3.85,8.3,12,3.94,A+,Low Risk
ID02618,Male,24,Business,79.3,1.2,2.69,5.2,7,2.62,C+,Medium Risk
ID02619,Female,23,Psychology,93.8,2.7,3.58,7.7,9,3.67,A,Low Risk
ID02620,Male,24,Engineering,91.6,1.4,2.91,7.5,10,3.22,B+,Medium Risk
ID02621,Female,18,Psychology,76.3,3.1,3.03,9.7,13,2.99,B,Low Risk
ID02622,Female,18,Business,62.4,9.2,2.55,6.5,8,2.74,B,Medium Risk
ID02623,Male,21,Business,100.0,6.2,2.25,7.1,7,2.76,B,Medium Risk
ID02624,Female,22,Computer Science,82.9,4.0,3.08,6.9,9,3.4,A,Low Risk
ID02625,Male,22,Mathematics,80.1,10.7,2.62,6.2,6,3.14,B+,Low Risk
ID02626,Female,21,Mathematics,86.7,4.8,3.56,9.2,3,3.86,A+,Low Risk
ID02627,Male,24,Psychology,81.4,13.9,2.96,5.5,5,3.89,A+,Low Risk
ID02628,Female,18,Engineering,86.8,4.3,3.25,4.7,7,3.57,A,Low Risk
ID02629,Male,24,Engineering,100.0,2.7,3.78,7.4,7,4.0,A+,Low Risk
ID02630,Male,24,Computer Science,83.1,1.8,2.36,5.9,10,2.53,C+,Medium Risk
ID02631,Female,19,Business,67.6,5.8,2.74,7.4,6,2.98,B,Medium Risk
ID02632,Female,18,Computer Science,82.6,3.1,3.19,8.0,9,3.36,A,Low Risk
ID02633,Male,22,Mathematics,78.0,4.3,3.26,7.2,9,3.34,A,Low Risk
ID02634,Male,23,Economics,100.0,5.3,3.65,7.0,8,4.0,A+,Low Risk
ID02635,Female,24,Economics,100.0,2.3,3.53,4.0,4,3.65,A,Low Risk
ID02636,Female,18,Economics,86.6,4.7,3.15,7.8,8,3.63,A,Low Risk
ID02637,Female,24,Business,65.8,3.6,3.25,7.3,7,3.31,A,Low Risk
ID02638,Female,19,Computer Science,66.6,1.4,3.27,9.8,8,3.17,B+,Medium Risk
ID02639,Female,20,Psychology,85.2,5.5,2.37,8.7,10,2.73,B,Medium Risk
ID02640,Female,18,Mathematics,90.0,5.9,3.02,4.8,7,3.48,A,Low Risk
ID02641,Male,21,Economics,79.4,8.2,3.22,8.6,11,3.43,A,Low Risk
ID02642,Male,20,Engineering,77.8,1.8,3.33,5.1,9,3.24,B+,Low Risk
ID02643,Female,24,Computer Science,76.1,11.8,2.64,8.3,7,2.87,B,Low Risk
ID02644,Female,21,Mathematics,84.6,2.4,2.47,9.2,4,2.78,B,Medium Risk
ID02645,Male,21,Mathematics,49.3,0.9,2.98,9.8,7,2.34,C+,High Risk
ID02646,Male,21,Engineering,68.5,4.1,4.0,6.4,7,3.99,A+,Low Risk
ID02647,Female,18,Engineering,75.6,5.0,2.69,8.1,8,2.85,B,Low Risk
ID02648,Male,22,Engineering,100.0,3.6,3.69,8.5,9,3.76,A+,Low Risk
ID02649,Male,24,Economics,72.8,1.8,3.89,7.7,6,3.98,A+,Medium Risk
ID02650,Male,20,Economics,87.7,3.0,3.12,4.5,15,3.31,A,Low Risk
ID02651,Male,19,Computer Science,88.4,4.8,2.76,7.2,7,3.02,B+,Low Risk
ID02652,Male,22,Engineering,100.0,12.8,3.36,7.9,6,4.0,A+,Low Risk
ID02653,Male,24,Psychology,100.0,1.9,3.2,7.0,12,3.36,A,Low Risk
ID02654,Male,18,Mathematics,84.1,2.7,2.67,5.7,8,2.93,B,Medium Risk
ID02655,Female,21,Engineering,77.9,1.6,2.77,6.7,10,2.82,B,Medium Risk
ID02656,Male,19,Mathematics,75.0,3.1,3.33,8.4,11,3.26,B+,Low Risk
ID02657,Female,24,Business,81.4,3.8,3.57,7.6,11,4.0,A+,Low Risk
ID02658,Female,20,Business,78.5,7.0,2.94,7.7,7,3.31,A,Low Risk
ID02659,Male,24,Engineering,93.3,4.9,3.07,6.6,11,3.49,A,Low Risk
ID02660,Female,22,Mathematics,91.3,9.0,3.43,7.6,8,3.89,A+,Low Risk
ID02661,Male,23,Business,93.9,3.9,3.01,4.0,13,3.34,A,Low Risk
ID02662,Female,22,Engineering,100.0,0.3,2.95,6.9,8,3.08,B+,Medium Risk
ID02663,Male,24,Mathematics,100.0,5.0,2.72,6.4,8,3.13,B+,Low Risk
ID02664,Female,19,Engineering,86.9,1.1,2.71,7.0,14,2.97,B,Medium Risk
ID02665,Female,24,Economics,100.0,6.9,4.0,5.2,13,4.0,A+,Low Risk
ID02666,Male,24,Mathematics,79.7,3.9,3.0,7.6,8,3.1,B+,Low Risk
ID02667,Male,18,Business,100.0,2.6,3.78,9.9,10,3.85,A+,Low Risk
ID02668,Female,20,Engineering,100.0,1.7,3.94,7.1,6,4.0,A+,Low Risk
ID02669,Female,19,Business,100.0,2.9,3.01,7.1,8,3.43,A,Low Risk
ID02670,Male,24,Engineering,86.4,3.8,3.28,10.0,8,3.34,A,Low Risk
ID02671,Female,21,Computer Science,75.0,10.9,3.15,5.6,9,3.37,A,Low Risk
ID02672,Male,20,Business,64.1,3.6,2.29,7.7,5,2.51,C+,Medium Risk
ID02673,Female,22,Business,84.4,4.6,2.32,9.4,6,2.47,C+,Medium Risk
ID02674,Male,19,Psychology,100.0,3.7,3.12,6.4,7,3.33,A,Low Risk
ID02675,Female,22,Economics,80.4,4.6,2.89,8.3,9,3.21,B+,Low Risk
ID02676,Male,24,Business,96.8,4.4,4.0,7.3,8,4.0,A+,Low Risk
ID02677,Male,22,Mathematics,97.7,4.0,2.98,5.4,10,3.29,B+,Low Risk
ID02678,Male,22,Engineering,80.7,2.6,4.0,6.8,9,4.0,A+,Low Risk
ID02679,Male,18,Computer Science,100.0,6.0,2.86,7.0,13,3.28,B+,Low Risk
ID02680,Male,22,Mathematics,41.4,1.9,4.0,6.0,8,3.84,A+,Medium Risk
ID02681,Male,21,Mathematics,66.7,5.3,3.35,4.6,8,3.31,A,Low Risk
ID02682,Female,21,Mathematics,71.3,6.0,3.38,6.4,9,3.36,A,Low Risk
ID02683,Male,20,Mathematics,72.7,1.0,2.84,4.8,9,2.74,B,Medium Risk
ID02684,Male,24,Computer Science,90.0,1.8,3.39,7.8,6,3.67,A,Low Risk
ID02685,Male,23,Psychology,89.4,1.1,3.95,7.8,5,4.0,A+,Medium Risk
ID02686,Male,22,Economics,90.9,8.0,3.03,5.1,5,3.64,A,Low Risk
ID02687,Male,22,Business,93.9,2.8,2.93,7.1,7,3.08,B+,Medium Risk
ID02688,Male,19,Mathematics,70.7,7.8,2.98,5.0,7,3.12,B+,Medium Risk
ID02689,Male,18,Business,66.7,3.2,3.91,6.5,9,3.8,A+,Low Risk
ID02690,Male,23,Business,90.9,2.0,3.53,6.0,5,3.61,A,Low Risk
ID02691,Male,20,Mathematics,75.5,2.5,3.82,7.7,10,3.77,A+,Low Risk
ID02692,Female,23,Psychology,61.4,4.4,3.26,4.6,5,3.41,A,Low Risk
ID02693,Male,22,Business,99.6,6.0,3.12,8.5,7,3.56,A,Low Risk
ID02694,Male,19,Engineering,100.0,4.0,3.31,8.8,7,3.45,A,Low Risk
ID02695,Female,24,Business,100.0,6.8,3.64,6.8,8,4.0,A+,Low Risk
ID02696,Male,18,Economics,87.8,3.6,2.98,5.0,4,3.33,A,Low Risk
ID02697,Female,24,Mathematics,94.4,3.8,3.78,4.0,7,3.9,A+,Low Risk
ID02698,Male,20,Computer Science,100.0,2.4,3.28,8.6,13,3.33,A,Low Risk
ID02699,Female,23,Business,75.4,2.2,1.9,10.0,8,1.63,D,High Risk
ID02700,Female,20,Psychology,100.0,6.2,3.54,7.1,9,4.0,A+,Low Risk
ID02701,Male,22,Engineering,89.1,1.9,2.46,5.3,7,2.42,C+,Medium Risk
ID02702,Female,20,Engineering,98.7,3.2,3.53,5.4,4,3.78,A+,Low Risk
ID02703,Male,24,Computer Science,87.8,6.4,3.55,8.8,11,4.0,A+,Low Risk
ID02704,Male,19,Economics,100.0,1.2,3.26,7.3,8,3.58,A,Medium Risk
ID02705,Female,20,Computer Science,88.4,8.2,3.37,5.5,10,3.9,A+,Low Risk
ID02706,Female,21,Economics,62.7,2.0,3.65,10.0,8,3.39,A,Medium Risk
ID02707,Male,19,Business,100.0,8.2,2.85,8.6,8,3.44,A,Low Risk
ID02708,Male,23,Mathematics,70.8,1.9,3.5,7.8,7,3.63,A,Medium Risk
ID02709,Male,18,Psychology,100.0,6.2,3.68,6.2,6,4.0,A+,Low Risk
ID02710,Male,18,Engineering,83.6,2.8,3.98,8.9,8,4.0,A+,Low Risk
ID02711,Female,22,Computer Science,100.0,11.1,2.55,8.3,14,3.3,A,Low Risk
ID02712,Male,22,Psychology,100.0,3.4,3.3,6.8,7,3.81,A+,Low Risk
ID02713,Male,21,Economics,91.5,1.7,2.62,8.6,10,2.68,C+,Medium Risk
ID02714,Male,23,Mathematics,92.6,5.3,2.6,8.6,9,3.09,B+,Low Risk
ID02715,Male,24,Engineering,91.3,3.0,3.28,7.4,5,3.45,A,Low Risk
ID02716,Male,18,Engineering,54.8,5.7,3.14,5.3,9,2.75,B,Medium Risk
ID02717,Female,18,Economics,86.8,8.1,3.67,5.5,8,3.97,A+,Low Risk
ID02718,Female,18,Mathematics,68.3,6.3,2.93,4.6,2,2.97,B,Medium Risk
ID02719,Female,24,Engineering,87.6,1.2,3.03,9.0,6,2.94,B,Medium Risk
ID02720,Male,18,Mathematics,67.9,1.9,3.21,4.8,11,3.01,B+,Medium Risk
ID02721,Female,20,Engineering,67.2,4.6,2.67,7.1,4,2.8,B,Medium Risk
ID02722,Female,23,Business,100.0,4.9,2.74,4.6,9,2.87,B,Low Risk
ID02723,Female,19,Economics,100.0,0.5,3.66,9.5,1,3.86,A+,Medium Risk
ID02724,Male,19,Mathematics,84.9,1.6,2.83,5.3,7,2.88,B,Medium Risk
ID02725,Male,21,Psychology,87.8,2.0,3.69,7.5,12,3.76,A+,Low Risk
ID02726,Male,20,Business,81.3,8.4,3.4,4.6,8,3.82,A+,Low Risk
ID02727,Male,18,Psychology,93.5,2.5,2.33,8.3,9,2.36,C+,Medium Risk
ID02728,Male,18,Economics,74.9,6.0,3.37,8.6,5,3.54,A,Low Risk
ID02729,Male,22,Engineering,99.9,7.4,3.36,7.0,4,3.81,A+,Low Risk
ID02730,Male,22,Psychology,81.2,2.5,3.31,6.9,3,3.43,A,Low Risk
ID02731,Female,21,Business,78.7,3.7,3.03,8.2,5,2.95,B,Low Risk
ID02732,Male,18,Mathematics,85.3,6.0,2.63,6.1,6,3.06,B+,Low Risk
ID02733,Male,21,Computer Science,76.1,1.2,3.77,8.6,6,3.49,A,Medium Risk
ID02734,Female,20,Psychology,89.9,3.3,3.05,7.4,4,3.3,A,Low Risk
ID02735,Female,19,Computer Science,76.9,7.9,2.66,4.6,8,2.91,B,Low Risk
ID02736,Female,18,Economics,92.0,4.9,3.33,9.8,8,3.68,A,Low Risk
ID02737,Female,23,Psychology,100.0,4.9,2.73,7.3,6,3.01,B+,Low Risk
ID02738,Male,24,Psychology,74.2,6.8,2.63,6.5,9,3.0,B+,Medium Risk
ID02739,Female,20,Mathematics,83.0,2.7,2.91,7.2,7,3.12,B+,Medium Risk
ID02740,Male,18,Engineering,91.9,1.9,2.77,5.9,9,2.93,B,Medium Risk
ID02741,Male,24,Business,78.5,4.7,2.64,6.8,9,2.75,B,Low Risk
ID02742,Male,23,Business,92.0,2.9,3.5,8.2,6,3.58,A,Low Risk
ID02743,Male,22,Business,93.3,2.7,3.04,8.0,8,3.24,B+,Low Risk
ID02744,Male,21,Economics,100.0,1.9,3.73,7.9,8,3.97,A+,Low Risk
ID02745,Female,22,Engineering,75.9,5.3,2.67,6.1,7,2.69,C+,Low Risk
ID02746,Female,19,Computer Science,70.9,3.5,2.24,5.7,8,2.09,C,Medium Risk
ID02747,Female,22,Business,80.4,1.9,3.17,7.6,7,3.46,A,Low Risk
ID02748,Male,18,Computer Science,70.5,7.0,4.0,8.2,7,4.0,A+,Low Risk
ID02749,Female,23,Engineering,93.5,3.2,3.37,5.9,7,3.7,A+,Low Risk
ID02750,Female,22,Economics,67.6,5.4,4.0,6.7,8,3.97,A+,Low Risk
ID02751,Male,18,Engineering,100.0,9.6,3.27,7.6,7,3.99,A+,Low Risk
ID02752,Female,19,Mathematics,100.0,6.9,3.22,6.9,12,3.89,A+,Low Risk
ID02753,Male,24,Business,85.2,9.0,2.02,8.7,9,2.55,C+,Medium Risk
ID02754,Male,23,Economics,98.0,6.9,3.31,5.0,7,3.75,A+,Low Risk
ID02755,Female,22,Mathematics,60.4,3.3,3.18,4.8,8,3.28,B+,Low Risk
ID02756,Male,21,Business,100.0,2.3,2.9,8.6,7,3.21,B+,Medium Risk
ID02757,Male,21,Engineering,76.1,3.2,3.03,7.9,9,3.06,B+,Low Risk
ID02758,Female,23,Engineering,83.2,3.3,3.07,7.1,7,3.49,A,Low Risk
ID02759,Female,21,Psychology,57.2,8.1,3.01,6.5,11,2.84,B,Medium Risk
ID02760,Male,22,Psychology,92.3,2.9,4.0,7.7,5,4.0,A+,Low Risk
ID02761,Male,22,Engineering,68.4,1.6,2.91,7.3,9,2.93,B,Medium Risk
ID02762,Male,23,Engineering,86.5,4.5,3.18,7.4,6,3.47,A,Low Risk
ID02763,Female,22,Computer Science,76.8,4.1,2.9,6.9,8,2.94,B,Low Risk
ID02764,Male,24,Computer Science,68.8,2.4,3.49,7.8,8,3.33,A,Medium Risk
ID02765,Male,18,Mathematics,72.9,3.1,3.19,8.4,7,3.25,B+,Low Risk
ID02766,Female,19,Psychology,88.4,9.2,2.96,8.4,7,3.63,A,Low Risk
ID02767,Male,24,Psychology,65.8,5.3,2.14,7.7,5,2.25,C,Medium Risk
ID02768,Male,24,Engineering,73.8,3.2,3.22,7.0,8,3.11,B+,Low Risk
ID02769,Male,21,Engineering,94.9,2.3,2.95,7.7,4,3.29,B+,Medium Risk
ID02770,Female,18,Mathematics,100.0,11.9,3.07,8.8,13,3.6,A,Low Risk
ID02771,Male,23,Economics,92.2,10.3,2.51,6.8,8,3.07,B+,Low Risk
ID02772,Male,21,Economics,71.2,6.6,3.82,6.6,14,4.0,A+,Low Risk
ID02773,Female,18,Economics,79.5,3.4,3.53,7.7,7,3.39,A,Low Risk
ID02774,Male,22,Psychology,85.5,2.3,3.82,8.1,11,3.94,A+,Low Risk
ID02775,Male,23,Computer Science,79.8,2.3,3.67,6.8,6,3.66,A,Low Risk
ID02776,Male,23,Economics,98.5,3.4,3.4,7.7,6,3.56,A,Low Risk
ID02777,Male,21,Business,88.3,2.9,2.53,5.7,5,2.54,C+,Medium Risk
ID02778,Male,22,Mathematics,98.6,3.9,4.0,7.0,8,4.0,A+,Low Risk
ID02779,Male,21,Economics,80.3,3.8,2.64,9.3,8,2.73,B,Low Risk
ID02780,Male,20,Business,100.0,2.0,2.97,7.9,9,3.12,B+,Medium Risk
ID02781,Male,18,Economics,82.5,2.1,3.45,6.0,6,3.7,A+,Low Risk
ID02782,Female,20,Computer Science,70.4,3.2,3.48,6.2,9,3.43,A,Low Risk
ID02783,Female,18,Computer Science,100.0,3.7,3.39,5.1,5,3.71,A+,Low Risk
ID02784,Female,19,Economics,57.6,8.7,2.9,9.4,8,2.97,B,Medium Risk
ID02785,Female,24,Business,73.9,4.7,2.8,5.5,9,2.89,B,Medium Risk
ID02786,Male,23,Mathematics,75.6,4.6,4.0,4.0,9,4.0,A+,Low Risk
ID02787,Female,21,Business,100.0,4.8,3.08,4.9,6,3.33,A,Low Risk
ID02788,Male,19,Mathematics,100.0,7.6,3.02,7.1,11,3.47,A,Low Risk
ID02789,Female,19,Economics,100.0,14.0,2.74,5.9,7,3.38,A,Low Risk
ID02790,Female,23,Mathematics,80.0,2.8,3.22,7.2,9,3.66,A,Low Risk
ID02791,Female,23,Engineering,100.0,11.4,3.2,7.5,8,3.88,A+,Low Risk
ID02792,Female,18,Psychology,90.5,1.4,3.09,6.1,10,3.39,A,Medium Risk
ID02793,Female,20,Psychology,99.7,3.3,3.29,5.6,7,3.57,A,Low Risk
ID02794,Male,22,Computer Science,87.7,1.9,3.98,8.4,2,3.95,A+,Low Risk
ID02795,Male,18,Engineering,84.3,5.9,2.8,7.4,11,3.4,A,Low Risk
ID02796,Female,22,Psychology,81.2,6.8,3.12,4.0,11,3.5,A,Low Risk
ID02797,Male,19,Economics,81.9,1.6,2.78,4.7,4,2.8,B,Medium Risk
ID02798,Female,22,Mathematics,94.1,7.3,3.25,4.3,9,3.86,A+,Low Risk
ID02799,Female,20,Mathematics,90.5,4.9,2.82,6.8,9,3.32,A,Low Risk
ID02800,Male,18,Business,84.5,6.4,2.84,7.3,6,3.36,A,Low Risk
ID02801,Female,23,Business,100.0,8.0,2.37,6.7,10,3.12,B+,Medium Risk
ID02802,Female,20,Mathematics,40.5,6.0,3.15,6.1,6,3.1,B+,Medium Risk
ID02803,Female,24,Economics,92.6,1.4,3.31,8.5,8,3.28,B+,Medium Risk
ID02804,Female,20,Mathematics,95.8,3.1,4.0,7.5,8,4.0,A+,Low Risk
ID02805,Male,24,Business,100.0,1.5,3.33,5.6,5,3.49,A,Low Risk
ID02806,Female,18,Psychology,84.0,0.9,2.88,5.7,4,2.89,B,Medium Risk
ID02807,Female,23,Computer Science,88.1,1.8,2.42,5.9,6,2.69,C+,Medium Risk
ID02808,Male,20,Business,99.8,3.2,2.49,6.5,13,2.62,C+,Medium Risk
ID02809,Male,24,Economics,100.0,10.9,2.45,7.1,9,3.21,B+,Medium Risk
ID02810,Female,23,Psychology,80.5,3.9,4.0,7.6,4,4.0,A+,Low Risk
ID02811,Male,21,Psychology,89.0,4.9,3.24,5.8,11,3.37,A,Low Risk
ID02812,Female,21,Psychology,100.0,2.8,2.81,5.0,18,2.64,C+,Medium Risk
ID02813,Female,21,Engineering,53.1,3.5,2.62,7.6,9,2.29,C,High Risk
ID02814,Male,22,Engineering,74.6,4.1,2.67,8.2,8,2.67,C+,Medium Risk
ID02815,Female,20,Psychology,100.0,3.3,2.8,9.6,7,3.04,B+,Low Risk
ID02816,Female,18,Economics,100.0,5.5,3.76,7.6,13,4.0,A+,Low Risk
ID02817,Male,18,Mathematics,92.8,2.6,3.09,5.9,7,3.14,B+,Low Risk
ID02818,Male,22,Economics,78.3,1.5,2.38,7.9,7,2.45,C+,Medium Risk
ID02819,Male,18,Engineering,71.8,1.2,4.0,6.8,6,4.0,A+,Medium Risk
ID02820,Male,24,Business,76.1,6.5,2.53,5.0,4,2.49,C+,Medium Risk
ID02821,Female,21,Engineering,100.0,0.5,2.8,6.9,10,2.96,B,Medium Risk
ID02822,Male,20,Mathematics,75.6,3.4,3.76,7.4,11,3.78,A+,Low Risk
ID02823,Female,18,Computer Science,86.5,1.9,3.31,9.2,9,3.62,A,Low Risk
ID02824,Male,18,Engineering,73.7,5.6,2.87,7.1,6,3.16,B+,Medium Risk
ID02825,Male,19,Economics,97.6,4.0,2.48,5.8,7,2.56,C+,Medium Risk
ID02826,Female,19,Economics,76.9,4.0,2.62,4.2,11,2.75,B,Low Risk
ID02827,Female,19,Psychology,83.5,4.2,2.65,5.2,6,2.74,B,Low Risk
ID02828,Male,20,Psychology,59.7,4.1,3.1,5.5,8,2.77,B,Medium Risk
ID02829,Male,21,Psychology,60.8,1.5,3.2,9.5,7,2.95,B,Medium Risk
ID02830,Male,23,Computer Science,85.1,2.9,3.03,6.7,8,3.28,B+,Low Risk
ID02831,Male,21,Mathematics,65.1,2.2,3.08,6.9,5,3.09,B+,Medium Risk
ID02832,Female,21,Business,100.0,2.5,2.57,8.7,9,2.78,B,Medium Risk
ID02833,Male,20,Economics,54.1,4.2,3.25,7.9,4,2.88,B,Medium Risk
ID02834,Male,24,Economics,73.0,6.6,3.74,6.6,11,4.0,A+,Low Risk
ID02835,Male,24,Mathematics,85.3,6.4,3.02,8.7,11,3.2,B+,Low Risk
ID02836,Female,20,Computer Science,79.5,4.6,3.01,6.0,11,3.03,B+,Low Risk
ID02837,Female,19,Psychology,68.4,3.0,3.14,7.4,5,3.26,B+,Low Risk
ID02838,Male,18,Mathematics,70.6,4.0,3.66,5.1,9,3.75,A+,Low Risk
ID02839,Female,22,Business,70.1,6.0,2.65,7.4,6,2.92,B,Medium Risk
ID02840,Male,22,Psychology,80.7,2.5,3.83,8.5,9,3.95,A+,Low Risk
ID02841,Male,23,Business,100.0,3.9,3.31,8.3,9,3.62,A,Low Risk
ID02842,Female,18,Engineering,86.2,2.8,3.11,8.4,12,3.41,A,Low Risk
ID02843,Female,23,Business,100.0,2.4,3.71,10.0,10,3.91,A+,Low Risk
ID02844,Female,19,Psychology,92.6,3.8,2.51,6.6,17,2.62,C+,Low Risk
ID02845,Female,23,Engineering,100.0,3.0,3.36,5.6,8,3.58,A,Low Risk
ID02846,Male,18,Psychology,43.0,4.7,3.32,7.7,12,2.93,B,Medium Risk
ID02847,Female,18,Economics,80.4,3.1,2.63,5.7,8,2.74,B,Low Risk
ID02848,Male,22,Psychology,100.0,3.6,3.33,5.3,9,3.64,A,Low Risk
ID02849,Female,24,Engineering,76.4,1.5,3.24,6.6,3,3.06,B+,Low Risk
ID02850,Male,19,Business,100.0,6.1,3.01,10.0,10,3.35,A,Low Risk
ID02851,Female,20,Economics,100.0,6.2,3.53,8.0,7,4.0,A+,Low Risk
ID02852,Male,23,Computer Science,78.0,2.2,2.81,7.6,3,2.84,B,Medium Risk
ID02853,Male,22,Computer Science,77.5,2.3,3.24,4.5,6,3.01,B+,Low Risk
ID02854,Female,23,Computer Science,69.8,4.3,3.03,6.1,6,3.13,B+,Low Risk
ID02855,Male,23,Computer Science,75.6,2.9,2.79,9.1,8,2.72,B,Medium Risk
ID02856,Male,20,Mathematics,66.5,4.6,3.35,6.6,8,3.57,A,Low Risk
ID02857,Male,19,Computer Science,91.4,8.3,3.0,10.0,5,3.49,A,Low Risk
ID02858,Male,18,Engineering,63.2,2.3,2.36,7.7,11,2.24,C,High Risk
ID02859,Male,21,Computer Science,94.1,6.4,2.2,6.8,4,2.68,C+,Medium Risk
ID02860,Male,23,Psychology,94.4,2.0,3.49,6.5,5,3.58,A,Low Risk
ID02861,Female,21,Computer Science,60.1,2.5,2.49,6.9,8,2.51,C+,Medium Risk
ID02862,Male,19,Business,100.0,4.3,3.24,4.8,12,3.67,A,Low Risk
ID02863,Female,21,Engineering,92.7,5.5,3.13,8.5,6,3.47,A,Low Risk
ID02864,Female,23,Engineering,96.2,8.2,2.92,7.7,8,3.4,A,Low Risk
ID02865,Male,20,Economics,73.6,9.8,4.0,6.6,10,4.0,A+,Low Risk
ID02866,Female,21,Mathematics,94.3,3.2,3.19,6.8,11,3.66,A,Low Risk
ID02867,Male,19,Psychology,100.0,3.9,3.48,8.2,6,3.85,A+,Low Risk
ID02868,Female,19,Engineering,83.5,4.7,3.24,10.0,4,3.65,A,Low Risk
ID02869,Male,24,Business,100.0,3.8,2.98,9.3,9,3.25,B+,Low Risk
ID02870,Male,24,Computer Science,85.7,3.2,3.09,7.3,4,3.36,A,Low Risk
ID02871,Female,20,Engineering,100.0,2.7,3.83,5.8,7,3.87,A+,Low Risk
ID02872,Female,21,Business,89.4,5.5,3.64,4.7,9,4.0,A+,Low Risk
ID02873,Female,21,Computer Science,93.8,8.2,4.0,7.2,8,4.0,A+,Low Risk
ID02874,Male,24,Mathematics,59.9,1.3,3.21,5.8,19,2.33,C+,High Risk
ID02875,Female,18,Engineering,90.6,3.4,2.66,7.2,7,3.09,B+,Low Risk
ID02876,Male,22,Engineering,74.0,1.4,2.88,7.4,10,2.74,B,Medium Risk
ID02877,Male,19,Business,72.3,5.3,2.51,8.1,2,2.56,C+,Medium Risk
ID02878,Male,18,Economics,100.0,2.4,3.48,5.2,11,3.75,A+,Low Risk
ID02879,Female,19,Psychology,81.8,7.6,2.81,5.7,14,3.26,B+,Low Risk
ID02880,Male,18,Mathematics,70.0,3.6,1.57,6.5,6,1.6,D,High Risk
ID02881,Male,24,Psychology,79.6,5.4,4.0,7.4,13,3.94,A+,Low Risk
ID02882,Female,24,Engineering,65.5,2.2,2.81,7.3,7,2.77,B,Medium Risk
ID02883,Male,22,Psychology,100.0,4.2,2.81,10.0,7,3.05,B+,Low Risk
ID02884,Male,18,Computer Science,74.6,4.2,3.94,4.0,8,4.0,A+,Low Risk
ID02885,Male,19,Mathematics,92.9,4.9,2.5,8.7,7,2.77,B,Low Risk
ID02886,Female,21,Psychology,100.0,2.6,3.67,8.6,10,3.9,A+,Low Risk
ID02887,Male,19,Computer Science,77.5,7.2,2.81,5.6,12,3.03,B+,Low Risk
ID02888,Male,23,Business,93.0,4.7,2.44,6.3,12,2.81,B,Medium Risk
ID02889,Female,24,Psychology,69.5,8.0,3.95,9.6,9,4.0,A+,Low Risk
ID02890,Female,20,Mathematics,100.0,1.5,3.56,6.1,8,3.94,A+,Low Risk
ID02891,Male,20,Computer Science,99.0,4.2,3.56,6.1,7,4.0,A+,Low Risk
ID02892,Female,24,Psychology,82.1,3.5,3.28,7.2,9,3.76,A+,Low Risk
ID02893,Female,23,Business,73.4,9.9,3.4,7.8,10,3.65,A,Low Risk
ID02894,Female,20,Psychology,83.3,5.6,2.48,8.5,13,2.74,B,Medium Risk
ID02895,Male,24,Computer Science,79.9,3.8,3.16,8.6,6,3.27,B+,Low Risk
ID02896,Female,20,Psychology,100.0,5.4,2.64,8.2,9,2.81,B,Low Risk
ID02897,Male,24,Mathematics,66.6,3.0,2.41,4.1,5,2.37,C+,Medium Risk
ID02898,Male,22,Engineering,87.0,5.0,3.31,6.9,7,3.63,A,Low Risk
ID02899,Male,21,Computer Science,84.7,13.0,3.68,8.0,7,4.0,A+,Low Risk
ID02900,Male,21,Computer Science,83.2,2.7,2.91,8.0,5,3.33,A,Medium Risk
ID02901,Male,19,Computer Science,83.4,4.2,2.99,5.9,4,3.21,B+,Low Risk
ID02902,Female,23,Computer Science,83.3,2.4,2.53,5.5,9,2.56,C+,Medium Risk
ID02903,Male,24,Psychology,98.1,2.1,3.1,5.4,12,3.35,A,Low Risk
ID02904,Male,18,Mathematics,94.1,6.4,3.48,7.7,10,3.77,A+,Low Risk
ID02905,Male,19,Business,91.3,1.8,3.5,8.5,9,3.45,A,Low Risk
ID02906,Male,19,Mathematics,39.5,5.0,3.37,7.2,5,3.32,A,Medium Risk
ID02907,Female,24,Computer Science,89.5,6.2,2.79,5.4,4,3.28,B+,Low Risk
ID02908,Male,24,Economics,60.2,3.0,2.77,7.3,6,2.8,B,Medium Risk
ID02909,Male,19,Psychology,94.7,7.8,3.5,5.6,7,4.0,A+,Low Risk
ID02910,Male,19,Economics,100.0,7.4,3.51,5.9,9,4.0,A+,Low Risk
ID02911,Male,21,Psychology,71.1,3.0,3.01,6.4,10,2.84,B,Low Risk
ID02912,Male,18,Computer Science,81.1,1.6,2.89,5.8,8,2.91,B,Medium Risk
ID02913,Female,19,Psychology,76.0,5.2,3.68,5.3,4,3.78,A+,Low Risk
ID02914,Female,21,Computer Science,100.0,3.7,2.92,9.3,7,3.06,B+,Low Risk
ID02915,Male,19,Mathematics,86.4,4.4,3.47,4.2,10,3.62,A,Low Risk
ID02916,Female,20,Engineering,100.0,5.2,3.03,6.1,9,3.42,A,Low Risk
ID02917,Female,19,Psychology,91.2,1.4,2.58,6.7,7,2.89,B,Medium Risk
ID02918,Female,24,Computer Science,88.6,2.9,3.91,8.8,8,3.99,A+,Low Risk
ID02919,Male,23,Economics,86.0,9.3,3.16,7.4,5,3.75,A+,Low Risk
ID02920,Male,23,Computer Science,97.3,4.4,2.74,6.6,4,3.12,B+,Low Risk
ID02921,Male,19,Economics,58.9,5.4,2.4,5.9,14,1.99,D,High Risk
ID02922,Female,22,Psychology,86.3,4.2,2.45,8.7,8,2.7,B,Medium Risk
ID02923,Female,20,Business,83.9,5.3,2.91,5.8,10,3.37,A,Low Risk
ID02924,Male,18,Economics,95.9,7.4,4.0,7.3,8,4.0,A+,Low Risk
ID02925,Male,19,Computer Science,82.2,0.9,2.81,6.7,6,3.01,B+,Medium Risk
ID02926,Female,18,Psychology,69.4,6.0,3.82,7.7,11,3.82,A+,Low Risk
ID02927,Female,20,Computer Science,85.1,3.8,3.03,9.4,5,3.08,B+,Low Risk
ID02928,Female,19,Business,68.8,6.6,2.51,8.1,10,2.42,C+,Medium Risk
ID02929,Female,22,Engineering,56.1,3.1,2.86,6.8,9,2.67,C+,Medium Risk
ID02930,Male,21,Business,95.9,3.0,2.46,9.5,8,2.74,B,Medium Risk
ID02931,Female,22,Mathematics,93.7,1.7,2.67,9.4,11,2.9,B,Medium Risk
ID02932,Female,24,Psychology,92.0,3.8,2.66,8.7,7,2.82,B,Low Risk
ID02933,Male,22,Business,100.0,1.7,2.15,7.4,10,2.22,C,Medium Risk
ID02934,Male,21,Engineering,75.0,3.6,3.86,5.8,11,3.88,A+,Low Risk
ID02935,Female,24,Computer Science,63.5,4.4,3.21,4.0,9,3.35,A,Low Risk
ID02936,Male,21,Psychology,83.9,2.5,2.76,7.3,10,3.02,B+,Medium Risk
ID02937,Female,23,Economics,79.8,1.3,3.21,8.2,15,3.13,B+,Medium Risk
ID02938,Female,21,Business,72.4,1.1,2.68,5.0,8,2.58,C+,Medium Risk
ID02939,Female,19,Engineering,83.8,2.1,1.76,7.6,5,2.16,C,High Risk
ID02940,Male,18,Business,75.8,1.0,4.0,6.3,12,3.71,A+,Medium Risk
ID02941,Male,23,Mathematics,57.5,4.3,3.19,7.8,6,3.14,B+,Medium Risk
ID02942,Female,23,Psychology,78.4,13.2,2.81,6.1,7,3.47,A,Low Risk
ID02943,Male,18,Computer Science,68.0,1.7,2.13,5.9,11,2.12,C,High Risk
ID02944,Female,23,Engineering,88.5,14.0,2.35,6.9,8,3.4,A,Medium Risk
ID02945,Female,21,Business,75.2,4.2,3.93,5.2,9,3.95,A+,Low Risk
ID02946,Male,22,Psychology,100.0,4.7,3.85,8.4,9,3.97,A+,Low Risk
ID02947,Male,20,Business,100.0,1.4,3.48,7.0,10,3.83,A+,Medium Risk
ID02948,Male,21,Psychology,95.2,4.4,2.54,5.3,9,2.66,C+,Low Risk
ID02949,Male,24,Mathematics,61.7,2.8,3.85,6.1,10,3.94,A+,Medium Risk
ID02950,Female,24,Business,100.0,9.0,3.32,7.9,9,3.89,A+,Low Risk
ID02951,Female,22,Mathematics,100.0,1.1,3.43,6.5,9,3.44,A,Medium Risk
ID02952,Female,22,Economics,85.3,2.9,3.32,8.1,7,3.49,A,Low Risk
ID02953,Female,23,Economics,100.0,2.3,2.35,5.5,7,2.63,C+,Medium Risk
ID02954,Male,19,Engineering,76.7,4.8,2.5,6.6,4,2.42,C+,Medium Risk
ID02955,Female,19,Mathematics,57.0,0.6,2.84,6.9,3,2.22,C,High Risk
ID02956,Female,23,Psychology,73.6,8.8,3.42,10.0,9,3.59,A,Low Risk
ID02957,Female,23,Engineering,100.0,4.7,2.41,5.9,10,2.5,C+,Medium Risk
ID02958,Female,18,Business,62.6,4.5,3.01,7.9,4,3.26,B+,Low Risk
ID02959,Male,18,Business,85.0,1.8,3.01,7.7,4,3.38,A,Low Risk
ID02960,Female,20,Psychology,85.5,6.2,3.5,9.6,11,3.91,A+,Low Risk
ID02961,Male,20,Computer Science,77.3,5.8,3.44,9.0,7,3.29,B+,Low Risk
ID02962,Male,20,Computer Science,78.3,7.7,2.59,6.3,9,2.85,B,Low Risk
ID02963,Male,20,Business,86.1,3.3,3.82,5.4,6,4.0,A+,Low Risk
ID02964,Female,22,Psychology,76.6,1.3,2.52,4.9,9,2.37,C+,Medium Risk
ID02965,Female,22,Computer Science,63.7,2.6,3.65,7.4,12,3.81,A+,Medium Risk
ID02966,Female,18,Mathematics,88.2,6.7,2.82,8.5,8,3.34,A,Low Risk
ID02967,Female,19,Business,100.0,2.9,3.18,8.7,8,3.32,A,Low Risk
ID02968,Female,23,Economics,98.0,11.1,3.21,6.6,6,3.99,A+,Low Risk
ID02969,Female,24,Mathematics,72.9,6.3,3.2,7.1,5,3.35,A,Low Risk
ID02970,Male,19,Psychology,66.2,10.2,3.44,9.1,8,3.87,A+,Low Risk
ID02971,Male,21,Economics,80.7,3.0,3.3,5.9,12,3.55,A,Low Risk
ID02972,Male,22,Mathematics,100.0,5.1,3.49,4.0,7,3.83,A+,Low Risk
ID02973,Female,20,Computer Science,94.7,2.1,3.33,8.7,9,3.49,A,Low Risk
ID02974,Female,20,Computer Science,95.6,6.4,2.47,5.3,5,2.79,B,Medium Risk
ID02975,Male,21,Economics,98.3,5.3,3.23,6.6,7,3.5,A,Low Risk
ID02976,Male,19,Engineering,91.3,6.0,2.82,7.7,8,3.18,B+,Low Risk
ID02977,Female,20,Business,86.8,3.1,2.55,6.3,8,2.79,B,Low Risk
ID02978,Male,19,Economics,94.9,4.3,2.96,8.6,11,3.09,B+,Low Risk
ID02979,Female,23,Psychology,76.8,4.2,3.19,10.0,13,3.28,B+,Low Risk
ID02980,Female,21,Business,63.8,3.1,3.22,5.8,2,2.93,B,Low Risk
ID02981,Male,24,Mathematics,95.8,4.4,3.63,7.2,5,4.0,A+,Low Risk
ID02982,Male,19,Psychology,100.0,4.9,3.75,7.0,5,4.0,A+,Low Risk
ID02983,Female,23,Psychology,68.2,5.4,3.27,7.5,10,3.21,B+,Low Risk
ID02984,Female,19,Computer Science,97.3,3.1,3.36,6.1,9,3.86,A+,Low Risk
ID02985,Male,19,Mathematics,100.0,6.2,3.15,6.0,7,3.81,A+,Low Risk
ID02986,Female,20,Computer Science,85.0,6.0,3.48,6.1,7,3.81,A+,Low Risk
ID02987,Male,18,Computer Science,72.7,5.5,3.34,6.3,9,3.32,A,Low Risk
ID02988,Male,22,Engineering,86.8,6.5,3.07,6.3,10,3.42,A,Low Risk
ID02989,Female,19,Computer Science,76.7,3.6,4.0,4.0,10,3.93,A+,Low Risk
ID02990,Female,19,Business,75.7,1.9,2.83,7.1,5,2.7,B,Medium Risk
ID02991,Male,19,Psychology,91.5,6.0,3.83,6.5,11,4.0,A+,Low Risk
ID02992,Female,18,Computer Science,60.9,2.8,2.42,5.9,8,2.43,C+,High Risk
ID02993,Female,23,Economics,63.3,1.3,3.51,7.1,5,3.58,A,Medium Risk
ID02994,Male,24,Business,85.3,2.8,3.82,7.0,8,4.0,A+,Low Risk
ID02995,Male,24,Mathematics,84.7,4.4,2.15,6.4,8,2.53,C+,Medium Risk
ID02996,Female,21,Psychology,90.2,8.4,3.17,7.0,6,3.64,A,Low Risk
ID02997,Male,20,Economics,100.0,4.9,3.46,6.1,10,3.88,A+,Low Risk
ID02998,Male,18,Economics,86.6,6.5,3.23,5.2,8,3.75,A+,Low Risk
ID02999,Male,23,Mathematics,94.0,6.0,3.29,9.9,10,3.45,A,Low Risk
ID03000,Female,19,Economics,70.4,4.8,3.17,6.3,9,3.42,A,Low Risk
ID03001,Female,23,Business,96.5,3.4,2.55,7.4,4,2.76,B,Low Risk
ID03002,Female,18,Mathematics,77.1,2.1,4.0,10.0,5,3.78,A+,Low Risk
ID03003,Male,18,Economics,86.1,11.8,2.85,6.4,7,3.54,A,Low Risk
ID03004,Female,18,Mathematics,83.4,2.9,3.32,7.7,6,3.78,A+,Low Risk
ID03005,Female,21,Mathematics,100.0,3.4,2.78,10.0,14,2.87,B,Low Risk
ID03006,Female,22,Computer Science,65.4,3.7,1.96,4.5,7,1.78,D,High Risk
ID03007,Female,20,Computer Science,50.8,2.8,2.64,9.0,4,2.32,C+,High Risk
ID03008,Male,21,Computer Science,81.8,5.4,2.38,7.3,7,2.97,B,Medium Risk
ID03009,Female,21,Economics,92.0,2.9,3.65,6.2,10,3.79,A+,Low Risk
ID03010,Male,22,Psychology,87.3,3.3,2.8,7.1,13,3.12,B+,Low Risk
ID03011,Male,21,Business,100.0,2.7,2.84,6.5,8,3.29,B+,Medium Risk
ID03012,Male,18,Economics,91.6,3.3,2.57,9.4,8,2.94,B,Low Risk
ID03013,Male,18,Computer Science,76.5,1.8,3.15,7.0,6,3.27,B+,Low Risk
ID03014,Male,23,Mathematics,50.1,1.5,2.74,8.0,9,2.53,C+,High Risk
ID03015,Female,19,Economics,81.4,9.5,3.6,6.2,5,4.0,A+,Low Risk
ID03016,Male,21,Mathematics,100.0,6.5,3.25,7.4,12,3.61,A,Low Risk
ID03017,Female,19,Mathematics,79.1,8.6,2.81,6.4,9,3.25,B+,Low Risk
ID03018,Male,20,Mathematics,85.4,9.1,3.53,4.9,8,4.0,A+,Low Risk
ID03019,Male,24,Engineering,91.3,2.2,3.1,9.0,6,3.21,B+,Low Risk
ID03020,Female,18,Psychology,69.8,8.4,3.11,7.5,8,3.47,A,Low Risk
ID03021,Male,23,Business,94.3,7.2,2.37,8.2,4,2.7,B,Medium Risk
ID03022,Male,20,Business,100.0,3.2,3.06,5.9,8,3.3,A,Low Risk
ID03023,Female,23,Computer Science,82.4,4.9,3.26,8.8,5,3.45,A,Low Risk
ID03024,Male,24,Engineering,68.1,6.4,3.77,7.7,6,3.96,A+,Low Risk
ID03025,Male,24,Economics,84.0,5.6,2.72,7.2,12,3.32,A,Low Risk
ID03026,Male,22,Economics,51.6,3.7,4.0,8.5,4,3.74,A+,Medium Risk
ID03027,Female,18,Business,90.1,4.4,3.38,6.5,5,3.81,A+,Low Risk
ID03028,Female,20,Psychology,91.8,5.2,2.34,8.9,16,2.25,C,Medium Risk
ID03029,Female,22,Mathematics,100.0,3.2,2.68,6.0,10,2.82,B,Low Risk
ID03030,Female,24,Computer Science,82.1,5.6,3.81,7.0,9,4.0,A+,Low Risk
ID03031,Male,20,Psychology,91.1,2.6,3.72,5.6,10,3.93,A+,Low Risk
ID03032,Male,23,Business,72.1,8.6,3.11,5.3,7,3.18,B+,Low Risk
ID03033,Female,22,Engineering,79.7,7.0,3.17,6.3,15,3.54,A,Low Risk
ID03034,Male,22,Computer Science,62.1,6.5,2.52,6.8,9,2.72,B,Medium Risk
ID03035,Male,18,Business,82.1,5.0,3.76,7.8,8,4.0,A+,Low Risk
ID03036,Male,19,Economics,80.4,4.6,2.61,6.0,8,2.91,B,Low Risk
ID03037,Male,23,Computer Science,89.5,7.1,3.52,7.9,10,4.0,A+,Low Risk
ID03038,Female,23,Business,75.6,1.9,3.78,6.5,5,3.88,A+,Low Risk
ID03039,Male,22,Economics,86.3,2.4,3.12,6.3,9,3.48,A,Low Risk
ID03040,Male,22,Economics,80.0,5.7,3.58,7.9,14,3.85,A+,Low Risk
ID03041,Male,18,Mathematics,80.0,3.9,4.0,6.2,8,4.0,A+,Low Risk
ID03042,Female,19,Engineering,86.2,2.8,3.23,9.7,8,3.41,A,Low Risk
ID03043,Male,23,Mathematics,85.6,7.4,3.01,7.6,8,3.39,A,Low Risk
ID03044,Male,24,Business,96.4,4.4,3.07,4.9,10,3.27,B+,Low Risk
ID03045,Female,21,Psychology,83.2,4.9,2.73,6.8,9,2.99,B,Low Risk
ID03046,Female,21,Mathematics,79.8,7.5,2.72,6.0,6,2.87,B,Low Risk
ID03047,Male,19,Psychology,82.3,3.7,3.32,4.5,8,3.73,A+,Low Risk
ID03048,Male,20,Economics,74.3,11.2,3.02,8.6,4,3.43,A,Low Risk
ID03049,Male,18,Business,79.6,2.1,3.26,8.6,10,2.97,B,Low Risk
ID03050,Male,19,Engineering,100.0,7.4,2.36,5.9,8,2.85,B,Medium Risk
ID03051,Male,21,Psychology,71.3,2.9,3.05,8.1,6,2.76,B,Medium Risk
ID03052,Male,22,Business,80.8,6.8,3.62,8.3,15,4.0,A+,Low Risk
ID03053,Male,21,Psychology,79.2,2.6,2.54,7.0,6,2.53,C+,Medium Risk
ID03054,Male,22,Mathematics,81.3,1.5,3.11,8.4,8,3.24,B+,Low Risk
ID03055,Female,18,Business,80.0,6.8,2.17,7.4,3,2.56,C+,Medium Risk
ID03056,Female,22,Mathematics,89.2,3.3,2.45,8.7,4,2.65,C+,Medium Risk
ID03057,Female,19,Computer Science,59.3,1.6,3.5,5.2,12,3.04,B+,Medium Risk
ID03058,Male,22,Business,100.0,7.0,2.95,7.2,11,3.51,A,Low Risk
ID03059,Male,20,Psychology,94.5,4.6,4.0,7.3,10,4.0,A+,Low Risk
ID03060,Female,19,Computer Science,66.4,3.3,3.32,5.3,14,3.17,B+,Low Risk
ID03061,Male,18,Mathematics,51.0,5.0,3.37,5.4,6,3.02,B+,Medium Risk
ID03062,Male,19,Mathematics,70.3,3.7,2.56,4.6,5,2.35,C+,Medium Risk
ID03063,Female,20,Psychology,81.4,3.4,2.91,7.1,9,3.13,B+,Low Risk
ID03064,Female,18,Computer Science,100.0,6.4,2.73,6.3,8,3.09,B+,Low Risk
ID03065,Female,21,Economics,93.1,4.6,2.57,5.1,8,2.97,B,Low Risk
ID03066,Male,20,Engineering,57.9,2.5,3.43,8.8,10,3.08,B+,Medium Risk
ID03067,Male,18,Psychology,74.7,4.0,3.53,7.6,6,3.75,A+,Low Risk
ID03068,Female,24,Mathematics,84.2,6.3,3.3,5.9,5,3.59,A,Low Risk
ID03069,Male,22,Business,88.8,2.0,2.69,7.3,4,3.09,B+,Medium Risk
ID03070,Female,19,Computer Science,65.3,7.8,3.27,6.6,12,3.66,A,Low Risk
ID03071,Female,18,Economics,83.0,4.5,2.14,4.7,7,2.39,C+,Medium Risk
ID03072,Female,19,Engineering,74.2,4.3,3.76,7.4,12,3.88,A+,Low Risk
ID03073,Male,22,Business,68.4,4.5,2.45,9.5,5,2.46,C+,Medium Risk
ID03074,Male,18,Computer Science,88.9,9.7,2.54,9.1,7,3.0,B+,Low Risk
ID03075,Female,21,Economics,96.6,4.0,3.16,7.2,10,3.41,A,Low Risk
ID03076,Female,24,Psychology,97.6,3.3,3.2,6.3,11,3.38,A,Low Risk
ID03077,Female,24,Economics,93.6,3.7,3.06,7.8,7,3.53,A,Low Risk
ID03078,Male,20,Psychology,77.5,6.8,2.54,7.4,6,2.74,B,Low Risk
ID03079,Male,18,Computer Science,95.7,5.8,3.67,6.8,10,4.0,A+,Low Risk
ID03080,Female,22,Economics,89.6,4.1,2.26,9.8,2,2.52,C+,Medium Risk
ID03081,Female,18,Engineering,87.0,12.4,2.36,6.4,7,2.96,B,Medium Risk
ID03082,Female,19,Economics,75.8,5.5,3.05,8.4,8,2.92,B,Low Risk
ID03083,Male,23,Computer Science,77.5,2.3,2.47,7.2,6,2.54,C+,Medium Risk
ID03084,Female,18,Business,86.1,1.0,3.71,7.2,11,4.0,A+,Medium Risk
ID03085,Female,24,Business,100.0,5.8,2.51,4.5,6,2.78,B,Low Risk
ID03086,Female,24,Economics,89.5,3.4,3.88,8.7,6,4.0,A+,Low Risk
ID03087,Male,24,Economics,75.8,1.5,3.62,8.3,5,3.39,A,Low Risk
ID03088,Male,21,Psychology,72.5,3.8,3.72,7.3,10,3.75,A+,Low Risk
ID03089,Female,18,Computer Science,77.6,6.1,4.0,8.6,15,4.0,A+,Low Risk
ID03090,Male,20,Psychology,100.0,3.6,3.14,7.6,9,3.42,A,Low Risk
ID03091,Male,18,Engineering,79.0,4.0,2.59,5.1,6,2.6,C+,Low Risk
ID03092,Female,23,Business,98.6,0.9,3.05,5.5,10,3.05,B+,Medium Risk
ID03093,Male,24,Mathematics,79.4,5.8,2.82,6.9,13,3.14,B+,Low Risk
ID03094,Female,19,Mathematics,88.9,1.3,2.75,4.5,8,2.79,B,Medium Risk
ID03095,Male,24,Computer Science,96.9,2.8,3.18,8.7,6,3.26,B+,Low Risk
ID03096,Female,18,Computer Science,76.4,4.8,2.94,6.7,12,3.22,B+,Low Risk
ID03097,Female,21,Mathematics,75.4,2.5,2.72,7.2,6,2.59,C+,Medium Risk
ID03098,Male,22,Computer Science,100.0,2.8,2.98,5.5,6,3.18,B+,Medium Risk
ID03099,Male,18,Business,99.8,4.6,3.37,8.0,10,3.68,A,Low Risk
ID03100,Male,18,Engineering,96.9,4.9,3.58,6.8,3,3.81,A+,Low Risk
ID03101,Male,20,Engineering,96.8,4.1,2.3,6.5,5,2.84,B,Medium Risk
ID03102,Female,21,Psychology,91.9,0.8,2.95,9.1,9,2.99,B,Medium Risk
ID03103,Female,23,Business,100.0,1.1,3.03,9.0,10,3.19,B+,Medium Risk
ID03104,Male,22,Computer Science,85.7,6.8,2.51,8.1,8,3.04,B+,Low Risk
ID03105,Male,24,Computer Science,93.7,3.2,3.04,7.3,6,3.37,A,Low Risk
ID03106,Male,19,Psychology,63.2,13.6,3.17,6.2,6,3.79,A+,Low Risk
ID03107,Female,18,Psychology,72.6,4.7,3.36,6.6,7,3.56,A,Low Risk
ID03108,Male,23,Computer Science,67.0,11.0,3.14,6.5,9,3.49,A,Low Risk
ID03109,Female,22,Computer Science,100.0,3.6,2.66,7.6,7,3.04,B+,Low Risk
ID03110,Female,19,Business,46.7,3.0,4.0,7.0,7,3.58,A,Medium Risk
ID03111,Female,23,Psychology,79.0,5.9,3.51,7.0,12,3.48,A,Low Risk
ID03112,Male,21,Business,40.1,7.6,3.38,9.3,6,3.4,A,Medium Risk
ID03113,Female,21,Economics,72.5,3.6,3.6,8.7,9,3.37,A,Low Risk
ID03114,Male,22,Computer Science,77.6,5.8,3.22,5.8,3,3.23,B+,Low Risk
ID03115,Male,24,Mathematics,100.0,1.3,3.74,7.4,8,3.78,A+,Medium Risk
ID03116,Female,19,Mathematics,90.9,2.3,3.13,5.8,7,3.46,A,Low Risk
ID03117,Female,21,Economics,72.5,5.1,3.1,7.9,8,3.05,B+,Low Risk
ID03118,Male,22,Computer Science,100.0,3.2,3.42,9.9,9,3.74,A+,Low Risk
ID03119,Male,21,Psychology,85.3,4.8,3.89,6.5,6,4.0,A+,Low Risk
ID03120,Male,21,Mathematics,85.6,5.2,3.86,8.2,8,3.99,A+,Low Risk
ID03121,Male,23,Psychology,67.0,5.7,3.4,9.4,5,3.52,A,Low Risk
ID03122,Male,23,Mathematics,70.1,6.7,3.36,6.8,8,3.73,A+,Low Risk
ID03123,Male,21,Psychology,72.6,6.8,3.45,7.7,3,3.65,A,Low Risk
ID03124,Male,20,Mathematics,85.7,2.0,3.59,9.6,8,3.66,A,Low Risk
ID03125,Female,23,Psychology,86.2,3.7,3.75,5.6,10,4.0,A+,Low Risk
ID03126,Female,19,Economics,100.0,3.6,2.98,5.4,12,3.06,B+,Low Risk
ID03127,Female,22,Business,90.8,3.9,3.76,5.1,6,4.0,A+,Low Risk
ID03128,Male,22,Psychology,44.4,3.4,3.27,8.1,8,2.84,B,Medium Risk
ID03129,Female,24,Business,88.9,4.1,3.43,5.5,5,3.67,A,Low Risk
ID03130,Female,19,Business,63.2,2.7,3.79,7.8,5,3.74,A+,Medium Risk
ID03131,Female,19,Computer Science,70.5,6.5,3.47,9.0,7,3.36,A,Low Risk
ID03132,Female,19,Economics,72.8,5.2,3.56,6.0,6,3.48,A,Low Risk
ID03133,Female,24,Business,75.0,2.7,2.91,5.9,10,2.82,B,Medium Risk
ID03134,Male,19,Engineering,64.4,4.1,3.85,8.0,10,3.91,A+,Low Risk
ID03135,Male,18,Business,88.1,10.4,3.45,7.1,10,4.0,A+,Low Risk
ID03136,Female,24,Psychology,63.8,2.0,3.16,4.0,10,2.92,B,Medium Risk
ID03137,Female,22,Business,90.4,2.3,3.65,9.3,13,3.76,A+,Low Risk
ID03138,Female,18,Psychology,100.0,6.6,4.0,7.8,7,4.0,A+,Low Risk
ID03139,Male,24,Psychology,65.1,9.2,2.52,6.4,7,2.65,C+,Medium Risk
ID03140,Male,21,Engineering,80.7,4.9,2.7,6.4,7,3.15,B+,Low Risk
ID03141,Male,21,Business,47.1,4.3,4.0,8.1,11,3.51,A,Medium Risk
ID03142,Female,22,Business,80.5,1.8,3.31,6.9,10,3.73,A+,Low Risk
ID03143,Female,21,Mathematics,94.6,3.1,3.2,7.1,10,3.42,A,Low Risk
ID03144,Male,19,Mathematics,95.8,3.0,3.04,7.2,14,3.47,A,Low Risk
ID03145,Male,24,Computer Science,86.2,3.1,3.7,5.8,6,4.0,A+,Low Risk
ID03146,Male,18,Psychology,98.3,2.5,4.0,6.5,6,4.0,A+,Low Risk
ID03147,Female,19,Engineering,100.0,1.7,2.77,6.7,3,3.03,B+,Medium Risk
ID03148,Female,21,Mathematics,100.0,5.9,3.05,5.9,8,3.58,A,Low Risk
ID03149,Female,23,Business,77.2,5.0,2.92,7.4,7,3.09,B+,Low Risk
ID03150,Male,18,Computer Science,63.2,1.7,3.47,7.7,3,3.52,A,Medium Risk
ID03151,Female,19,Engineering,78.9,4.1,3.71,9.5,6,3.56,A,Low Risk
ID03152,Male,24,Economics,70.8,3.3,3.91,5.9,6,3.79,A+,Low Risk
ID03153,Female,22,Business,91.8,9.8,3.48,8.3,5,4.0,A+,Low Risk
ID03154,Male,19,Business,67.3,8.0,4.0,9.1,8,4.0,A+,Low Risk
ID03155,Male,23,Economics,83.9,9.8,2.81,8.4,5,3.54,A,Low Risk
ID03156,Female,21,Psychology,97.6,3.0,2.68,6.3,3,2.82,B,Low Risk
ID03157,Female,18,Psychology,83.5,1.2,3.83,6.5,4,4.0,A+,Medium Risk
ID03158,Male,22,Mathematics,70.8,1.9,3.16,9.3,4,2.83,B,Medium Risk
ID03159,Female,18,Mathematics,100.0,3.1,2.41,6.7,6,2.56,C+,Medium Risk
ID03160,Male,22,Business,56.8,3.5,2.94,7.0,10,2.71,B,Medium Risk
ID03161,Male,24,Business,80.1,9.9,3.23,6.3,6,3.86,A+,Low Risk
ID03162,Male,18,Mathematics,84.4,6.5,2.78,8.2,11,2.96,B,Low Risk
ID03163,Male,21,Economics,85.2,5.1,2.59,4.0,7,2.85,B,Low Risk
ID03164,Male,24,Mathematics,87.7,8.0,3.0,5.8,10,3.35,A,Low Risk
ID03165,Male,24,Business,94.2,5.6,2.57,5.5,10,3.05,B+,Low Risk
ID03166,Male,22,Engineering,84.5,6.2,3.42,9.4,9,3.86,A+,Low Risk
ID03167,Female,20,Business,79.5,3.3,2.13,7.3,6,2.24,C,Medium Risk
ID03168,Male,18,Engineering,78.9,1.5,3.15,6.7,9,3.26,B+,Low Risk
ID03169,Female,18,Engineering,75.8,1.3,3.36,6.7,7,3.36,A,Medium Risk
ID03170,Male,19,Business,96.8,1.3,3.05,4.9,7,3.03,B+,Medium Risk
ID03171,Female,22,Computer Science,75.3,5.9,3.65,9.0,8,3.87,A+,Low Risk
ID03172,Male,23,Mathematics,97.7,2.4,2.41,6.5,8,2.53,C+,Medium Risk
ID03173,Male,20,Psychology,85.3,3.3,2.75,7.9,10,2.94,B,Low Risk
ID03174,Male,21,Business,77.2,1.6,2.93,6.0,7,2.77,B,Medium Risk
ID03175,Male,19,Engineering,94.3,7.5,3.46,6.9,5,3.86,A+,Low Risk
ID03176,Male,20,Business,74.1,4.0,3.21,5.6,11,2.97,B,Low Risk
ID03177,Female,22,Mathematics,94.6,4.6,4.0,6.6,5,4.0,A+,Low Risk
ID03178,Female,20,Economics,88.2,4.9,2.7,8.6,4,3.07,B+,Low Risk
ID03179,Female,24,Engineering,76.1,5.3,2.4,7.2,5,2.48,C+,Medium Risk
ID03180,Female,18,Psychology,92.9,7.7,3.99,7.6,13,4.0,A+,Low Risk
ID03181,Male,24,Psychology,93.2,6.0,2.38,7.1,9,2.98,B,Medium Risk
ID03182,Male,18,Psychology,100.0,2.1,3.44,9.4,6,3.55,A,Low Risk
ID03183,Male,19,Economics,99.5,2.3,2.61,5.8,10,2.91,B,Medium Risk
ID03184,Male,22,Computer Science,92.4,14.0,2.07,6.8,9,2.79,B,Medium Risk
ID03185,Male,22,Engineering,68.1,6.9,2.91,7.3,12,3.04,B+,Medium Risk
ID03186,Male,20,Economics,100.0,12.6,3.55,5.5,8,4.0,A+,Low Risk
ID03187,Male,19,Engineering,63.9,3.5,2.49,7.2,9,2.33,C+,Medium Risk
ID03188,Male,22,Economics,99.2,9.2,3.39,7.0,9,4.0,A+,Low Risk
ID03189,Female,23,Economics,91.5,5.4,3.48,7.2,10,3.86,A+,Low Risk
ID03190,Female,23,Computer Science,67.4,4.8,2.46,7.2,5,2.74,B,Medium Risk
ID03191,Male,24,Engineering,83.1,4.1,2.99,6.0,11,3.43,A,Low Risk
ID03192,Female,18,Economics,83.8,6.4,3.89,4.6,9,4.0,A+,Low Risk
ID03193,Female,20,Computer Science,100.0,5.5,3.43,7.3,7,3.68,A,Low Risk
ID03194,Male,21,Business,74.3,3.6,2.97,5.7,11,2.99,B,Medium Risk
ID03195,Male,18,Mathematics,81.1,2.8,3.31,6.9,5,3.75,A+,Low Risk
ID03196,Male,19,Economics,50.0,3.7,2.76,5.9,5,2.59,C+,Medium Risk
ID03197,Female,22,Psychology,100.0,4.0,3.66,4.8,9,3.72,A+,Low Risk
ID03198,Female,18,Computer Science,68.9,3.2,3.66,7.5,9,3.5,A,Low Risk
ID03199,Male,21,Computer Science,89.9,2.3,3.16,8.1,3,3.42,A,Low Risk
ID03200,Male,21,Economics,83.5,4.2,3.22,8.7,5,3.3,A,Low Risk
ID03201,Female,23,Computer Science,83.5,5.1,2.6,6.3,9,2.81,B,Low Risk
ID03202,Male,19,Business,97.1,4.7,2.42,7.1,13,2.82,B,Medium Risk
ID03203,Male,18,Computer Science,100.0,1.9,2.91,7.5,5,3.17,B+,Medium Risk
ID03204,Female,20,Mathematics,88.8,9.8,3.06,8.5,7,3.65,A,Low Risk
ID03205,Female,18,Mathematics,94.8,11.1,3.63,4.4,11,4.0,A+,Low Risk
ID03206,Female,23,Psychology,89.9,5.8,3.56,4.8,5,3.9,A+,Low Risk
ID03207,Female,24,Business,100.0,6.5,3.19,9.1,6,3.48,A,Low Risk
ID03208,Female,21,Mathematics,78.1,4.6,3.7,4.5,8,3.78,A+,Low Risk
ID03209,Male,19,Economics,100.0,5.0,2.63,8.4,7,2.87,B,Low Risk
ID03210,Female,19,Engineering,100.0,1.2,3.64,9.0,6,3.69,A,Medium Risk
ID03211,Male,20,Engineering,100.0,3.8,2.7,8.2,9,3.0,B+,Low Risk
ID03212,Female,19,Engineering,75.1,3.9,3.72,5.5,5,3.73,A+,Low Risk
ID03213,Male,23,Economics,82.5,10.9,3.09,5.7,3,3.51,A,Low Risk
ID03214,Female,23,Computer Science,88.6,3.4,2.1,6.9,10,2.47,C+,Medium Risk
ID03215,Male,23,Economics,64.4,9.7,3.47,9.6,9,3.77,A+,Low Risk
ID03216,Male,19,Computer Science,100.0,4.1,3.5,9.6,9,3.74,A+,Low Risk
ID03217,Male,19,Engineering,84.8,3.1,2.87,7.4,9,3.31,A,Low Risk
ID03218,Male,23,Psychology,89.3,1.3,2.91,4.6,14,2.83,B,Medium Risk
ID03219,Female,19,Psychology,76.3,4.9,3.02,7.2,7,3.3,A,Low Risk
ID03220,Female,19,Computer Science,65.1,2.5,2.14,6.7,4,2.07,C,High Risk
ID03221,Male,21,Engineering,75.9,1.4,1.92,7.0,5,1.88,D,High Risk
ID03222,Male,18,Economics,88.3,5.8,3.75,4.5,10,3.9,A+,Low Risk
ID03223,Male,22,Psychology,95.1,5.0,2.69,7.4,7,3.17,B+,Low Risk
ID03224,Male,19,Computer Science,87.4,5.3,4.0,4.7,10,4.0,A+,Low Risk
ID03225,Male,22,Economics,90.2,4.1,3.79,4.0,6,4.0,A+,Low Risk
ID03226,Female,24,Engineering,79.9,2.6,3.88,7.3,12,3.83,A+,Low Risk
ID03227,Male,22,Business,92.4,2.1,2.77,9.9,6,3.01,B+,Medium Risk
ID03228,Male,21,Engineering,100.0,9.0,2.3,5.7,13,2.63,C+,Medium Risk
ID03229,Male,19,Engineering,95.6,6.1,2.56,6.3,7,2.84,B,Low Risk
ID03230,Male,23,Economics,97.1,7.0,2.88,8.3,8,3.46,A,Low Risk
ID03231,Male,22,Economics,89.4,3.7,1.91,8.7,8,2.05,C,Medium Risk
ID03232,Female,19,Mathematics,62.5,2.4,2.86,7.2,13,2.99,B,Medium Risk
ID03233,Male,20,Mathematics,69.3,2.3,3.0,5.9,9,2.7,B,Medium Risk
ID03234,Male,24,Economics,91.8,4.3,2.45,9.0,7,2.77,B,Medium Risk
ID03235,Male,23,Economics,84.8,2.5,2.58,5.2,5,2.78,B,Medium Risk
ID03236,Male,20,Business,91.6,1.1,2.99,6.2,9,3.38,A,Medium Risk
ID03237,Male,20,Business,100.0,5.6,3.28,7.9,8,3.67,A,Low Risk
ID03238,Female,22,Engineering,95.9,7.0,2.65,4.6,8,2.87,B,Low Risk
ID03239,Female,20,Psychology,100.0,2.9,3.25,7.6,8,3.53,A,Low Risk
ID03240,Female,21,Business,86.4,1.4,3.17,8.7,7,3.42,A,Medium Risk
ID03241,Male,21,Engineering,72.9,4.5,3.12,9.5,3,2.92,B,Low Risk
ID03242,Male,22,Computer Science,84.1,3.7,2.77,6.4,6,2.92,B,Low Risk
ID03243,Male,19,Mathematics,72.9,3.2,2.43,6.3,9,2.57,C+,Medium Risk
ID03244,Female,18,Psychology,100.0,5.2,3.95,8.1,6,4.0,A+,Low Risk
ID03245,Female,19,Engineering,96.9,4.4,3.42,6.1,6,3.67,A,Low Risk
ID03246,Male,19,Economics,92.8,5.1,3.6,6.5,5,4.0,A+,Low Risk
ID03247,Male,19,Computer Science,100.0,4.2,3.06,7.5,12,3.25,B+,Low Risk
ID03248,Male,19,Mathematics,54.7,2.5,3.02,7.6,7,2.8,B,Medium Risk
ID03249,Female,23,Computer Science,93.8,2.4,3.35,4.1,7,3.44,A,Low Risk
ID03250,Female,18,Engineering,65.3,4.1,2.18,5.3,10,2.03,C,Medium Risk
ID03251,Male,23,Business,84.9,6.7,2.54,4.3,10,3.0,B+,Low Risk
ID03252,Male,20,Mathematics,80.3,4.3,2.7,4.5,10,3.13,B+,Low Risk
ID03253,Female,24,Computer Science,94.9,2.7,2.87,5.3,11,2.87,B,Medium Risk
ID03254,Male,19,Business,88.4,4.5,2.66,6.7,12,2.89,B,Low Risk
ID03255,Male,24,Psychology,100.0,4.6,3.27,6.8,9,3.55,A,Low Risk
ID03256,Male,21,Engineering,76.0,2.5,3.14,4.0,8,3.19,B+,Low Risk
ID03257,Female,22,Engineering,95.6,11.0,3.8,5.6,13,4.0,A+,Low Risk
ID03258,Male,22,Mathematics,87.4,6.5,4.0,4.7,9,4.0,A+,Low Risk
ID03259,Male,23,Computer Science,60.5,3.7,2.47,6.7,7,2.46,C+,Medium Risk
ID03260,Female,23,Psychology,71.2,10.6,3.17,6.0,8,3.44,A,Low Risk
ID03261,Male,21,Economics,82.8,4.9,3.17,8.9,10,3.34,A,Low Risk
ID03262,Male,19,Mathematics,100.0,4.7,3.09,6.8,5,3.63,A,Low Risk
ID03263,Male,24,Economics,92.0,8.5,2.56,6.1,13,3.03,B+,Low Risk
ID03264,Male,24,Mathematics,67.5,6.5,2.64,6.6,14,2.83,B,Medium Risk
ID03265,Female,18,Computer Science,82.9,5.3,3.22,6.0,7,3.57,A,Low Risk
ID03266,Male,20,Psychology,100.0,3.2,2.63,9.0,11,2.84,B,Low Risk
ID03267,Male,22,Computer Science,86.7,4.1,3.18,6.5,6,3.47,A,Low Risk
ID03268,Female,20,Engineering,80.1,3.7,2.98,7.7,4,3.23,B+,Low Risk
ID03269,Female,18,Economics,92.4,2.7,3.17,8.2,6,3.33,A,Low Risk
ID03270,Female,23,Business,96.5,13.0,2.62,6.0,4,3.35,A,Low Risk
ID03271,Male,24,Engineering,78.2,6.6,3.18,4.3,13,3.4,A,Low Risk
ID03272,Male,22,Engineering,92.5,3.6,2.66,6.3,3,3.02,B+,Low Risk
ID03273,Female,20,Economics,80.1,5.0,3.18,8.0,11,3.45,A,Low Risk
ID03274,Male,23,Mathematics,95.8,3.7,3.77,4.5,8,3.9,A+,Low Risk
ID03275,Female,18,Engineering,87.5,2.5,3.23,7.4,7,3.33,A,Low Risk
ID03276,Female,20,Psychology,92.2,1.1,3.26,8.3,2,3.28,B+,Medium Risk
ID03277,Female,24,Engineering,73.6,5.3,3.51,9.1,4,3.59,A,Low Risk
ID03278,Male,19,Psychology,72.7,4.1,2.4,8.0,11,2.33,C+,Medium Risk
ID03279,Male,23,Computer Science,99.2,7.6,3.96,7.4,6,4.0,A+,Low Risk
ID03280,Female,18,Mathematics,83.8,2.9,2.57,7.3,12,2.79,B,Medium Risk
ID03281,Male,20,Psychology,89.3,7.6,3.54,5.2,9,4.0,A+,Low Risk
ID03282,Male,24,Engineering,80.4,8.1,3.47,5.6,11,3.91,A+,Low Risk
ID03283,Female,19,Mathematics,98.5,1.5,2.65,4.4,9,2.71,B,Medium Risk
ID03284,Female,19,Mathematics,75.9,7.0,3.6,7.1,8,3.95,A+,Low Risk
ID03285,Male,18,Psychology,83.0,6.4,3.35,7.7,10,3.81,A+,Low Risk
ID03286,Male,21,Psychology,96.8,3.9,4.0,7.2,4,4.0,A+,Low Risk
ID03287,Male,24,Business,100.0,7.5,3.2,7.4,6,3.54,A,Low Risk
ID03288,Female,24,Business,77.1,6.8,3.05,8.1,12,3.2,B+,Low Risk
ID03289,Female,22,Mathematics,100.0,4.4,2.84,5.0,6,3.09,B+,Low Risk
ID03290,Male,18,Economics,89.7,1.4,2.23,7.1,6,2.31,C+,High Risk
ID03291,Male,19,Economics,69.4,3.5,2.94,7.4,12,2.86,B,Medium Risk
ID03292,Female,19,Business,90.5,7.1,2.96,6.3,6,3.35,A,Low Risk
ID03293,Male,18,Engineering,79.3,4.9,3.23,4.0,11,3.07,B+,Low Risk
ID03294,Male,21,Computer Science,91.5,3.1,2.39,5.5,8,2.57,C+,Medium Risk
ID03295,Female,22,Mathematics,84.4,4.2,2.98,6.2,10,3.29,B+,Low Risk
ID03296,Male,20,Computer Science,86.1,4.4,3.39,7.2,3,3.7,A+,Low Risk
ID03297,Female,18,Business,71.3,2.4,3.44,7.1,11,3.31,A,Medium Risk
ID03298,Male,22,Psychology,99.9,3.0,2.17,9.9,10,2.34,C+,Medium Risk
ID03299,Male,24,Mathematics,67.7,12.5,3.45,8.4,7,3.84,A+,Low Risk
ID03300,Female,22,Business,68.4,0.6,2.98,7.0,11,2.9,B,Medium Risk
ID03301,Male,23,Engineering,90.5,4.2,3.01,7.2,8,3.26,B+,Low Risk
ID03302,Female,19,Mathematics,100.0,7.1,1.92,8.9,5,2.42,C+,Medium Risk
ID03303,Female,20,Mathematics,79.7,4.1,3.85,9.0,4,3.62,A,Low Risk
ID03304,Male,18,Economics,95.5,2.8,3.19,7.5,6,3.58,A,Low Risk
ID03305,Male,19,Psychology,100.0,3.3,2.33,9.6,13,2.46,C+,Medium Risk
ID03306,Male,23,Mathematics,97.2,10.7,3.29,5.7,9,3.82,A+,Low Risk
ID03307,Male,23,Psychology,80.3,6.0,3.27,7.0,14,3.75,A+,Low Risk
ID03308,Male,19,Business,68.6,5.7,3.71,10.0,10,3.79,A+,Low Risk
ID03309,Male,21,Engineering,51.9,3.9,2.95,8.1,6,2.56,C+,Medium Risk
ID03310,Male,22,Engineering,81.1,4.7,3.11,6.8,8,3.67,A,Low Risk
ID03311,Female,18,Mathematics,100.0,2.1,2.78,7.2,7,3.18,B+,Medium Risk
ID03312,Female,18,Mathematics,68.1,11.1,3.4,7.3,8,3.7,A+,Low Risk
ID03313,Female,18,Business,95.5,6.2,2.71,9.5,8,3.11,B+,Low Risk
ID03314,Male,19,Economics,70.7,4.2,2.65,8.2,10,2.7,B,Medium Risk
ID03315,Male,24,Economics,86.6,4.5,3.07,6.9,9,3.33,A,Low Risk
ID03316,Female,21,Economics,95.6,5.5,2.49,4.5,5,2.62,C+,Medium Risk
ID03317,Male,20,Psychology,75.1,2.1,3.9,5.9,8,3.95,A+,Low Risk
ID03318,Male,23,Economics,87.6,3.4,4.0,7.1,6,4.0,A+,Low Risk
ID03319,Female,19,Engineering,78.8,2.2,2.87,6.8,13,2.76,B,Medium Risk
ID03320,Female,24,Psychology,95.6,6.2,2.41,8.6,4,2.67,C+,Medium Risk
ID03321,Male,20,Business,88.5,1.7,3.27,6.7,9,3.37,A,Low Risk
ID03322,Male,23,Engineering,85.8,2.3,2.86,8.3,10,3.1,B+,Medium Risk
ID03323,Female,23,Engineering,100.0,6.6,3.69,4.8,4,4.0,A+,Low Risk
ID03324,Female,21,Computer Science,94.9,4.7,2.71,6.2,6,3.06,B+,Low Risk
ID03325,Female,22,Business,74.6,10.1,3.37,8.0,8,3.62,A,Low Risk
ID03326,Female,18,Business,83.7,3.4,3.16,10.0,4,3.36,A,Low Risk
ID03327,Female,20,Computer Science,83.9,3.8,2.76,6.8,11,3.11,B+,Low Risk
ID03328,Male,19,Psychology,86.2,8.9,3.22,8.2,16,3.43,A,Low Risk
ID03329,Male,20,Economics,100.0,7.6,3.54,9.0,8,3.95,A+,Low Risk
ID03330,Female,22,Economics,90.6,6.7,3.14,8.4,9,3.33,A,Low Risk
ID03331,Female,18,Economics,54.5,2.6,3.15,8.1,3,2.72,B,Medium Risk
ID03332,Female,20,Economics,76.9,2.7,2.66,6.5,6,2.58,C+,Medium Risk
ID03333,Male,22,Economics,56.0,4.0,3.67,9.3,7,3.34,A,Medium Risk
ID03334,Male,19,Computer Science,80.1,3.9,3.62,5.0,5,3.69,A,Low Risk
ID03335,Female,21,Business,55.2,2.6,2.89,5.1,9,2.62,C+,High Risk
ID03336,Female,24,Psychology,71.9,3.3,3.04,9.8,9,3.11,B+,Low Risk
ID03337,Female,23,Engineering,62.2,4.0,3.81,7.5,9,3.89,A+,Low Risk
ID03338,Female,19,Economics,90.8,7.4,2.53,5.1,7,3.04,B+,Low Risk
ID03339,Female,18,Computer Science,85.0,8.5,3.4,4.8,5,3.85,A+,Low Risk
ID03340,Female,23,Psychology,89.5,6.0,2.82,4.8,9,3.21,B+,Low Risk
ID03341,Female,24,Psychology,83.4,1.5,3.99,10.0,7,4.0,A+,Low Risk
ID03342,Female,19,Psychology,64.1,7.9,3.13,6.9,9,3.32,A,Low Risk
ID03343,Female,19,Computer Science,92.7,6.0,3.73,6.2,6,4.0,A+,Low Risk
ID03344,Male,19,Engineering,100.0,6.8,2.72,9.4,4,3.15,B+,Low Risk
ID03345,Male,19,Economics,91.1,2.7,2.48,7.4,9,2.96,B,Medium Risk
ID03346,Female,23,Psychology,78.6,9.1,2.98,6.5,8,3.26,B+,Low Risk
ID03347,Male,18,Computer Science,63.6,3.7,3.23,8.6,7,2.98,B,Low Risk
ID03348,Male,24,Business,71.4,2.6,2.84,7.9,9,2.74,B,Medium Risk
ID03349,Male,22,Computer Science,91.8,6.3,3.48,7.9,9,4.0,A+,Low Risk
ID03350,Male,20,Computer Science,100.0,4.0,3.0,6.6,7,3.51,A,Low Risk
ID03351,Male,21,Computer Science,88.9,5.9,2.06,5.7,7,2.45,C+,Medium Risk
ID03352,Male,24,Psychology,97.0,3.3,3.38,5.5,9,3.58,A,Low Risk
ID03353,Female,20,Computer Science,95.6,2.0,2.66,7.2,4,2.74,B,Medium Risk
ID03354,Male,20,Business,92.6,3.3,2.92,7.0,6,3.09,B+,Low Risk
ID03355,Male,21,Psychology,75.1,1.7,3.88,7.7,8,3.64,A,Low Risk
ID03356,Male,24,Business,87.6,6.1,3.99,6.4,17,4.0,A+,Low Risk
ID03357,Female,23,Mathematics,72.3,0.7,2.81,8.9,10,2.73,B,Medium Risk
ID03358,Male,18,Computer Science,85.3,7.7,3.39,5.0,6,3.69,A,Low Risk
ID03359,Female,21,Economics,90.0,1.8,2.82,7.6,11,2.99,B,Medium Risk
ID03360,Female,18,Economics,100.0,7.1,2.96,5.6,8,3.36,A,Low Risk
ID03361,Female,23,Psychology,65.4,5.6,2.8,6.6,7,2.79,B,Medium Risk
ID03362,Male,20,Economics,92.2,1.0,2.24,5.6,14,2.31,C+,High Risk
ID03363,Female,18,Psychology,100.0,4.6,3.15,6.4,5,3.72,A+,Low Risk
ID03364,Male,23,Computer Science,96.4,1.7,3.24,5.4,8,3.46,A,Low Risk
ID03365,Female,23,Engineering,97.5,4.7,2.76,5.5,10,2.91,B,Low Risk
ID03366,Female,22,Engineering,93.8,2.8,3.64,8.4,8,3.67,A,Low Risk
ID03367,Male,21,Business,100.0,1.0,2.88,4.9,10,2.96,B,Medium Risk
ID03368,Male,22,Computer Science,68.7,5.5,2.78,8.0,14,3.1,B+,Medium Risk
ID03369,Male,20,Economics,64.2,3.9,3.36,8.3,5,3.42,A,Low Risk
ID03370,Female,21,Computer Science,84.9,4.2,2.33,8.1,6,2.51,C+,Medium Risk
ID03371,Male,20,Mathematics,52.6,1.1,3.55,7.0,10,2.97,B,High Risk
ID03372,Female,22,Engineering,100.0,1.0,2.9,5.4,8,2.96,B,Medium Risk
ID03373,Male,24,Economics,100.0,3.5,3.59,4.7,7,3.68,A,Low Risk
ID03374,Female,23,Engineering,78.5,7.0,3.74,5.2,10,3.71,A+,Low Risk
ID03375,Female,20,Computer Science,79.4,6.1,3.42,5.2,10,3.34,A,Low Risk
ID03376,Female,21,Economics,83.9,5.4,2.69,7.4,9,3.2,B+,Low Risk
ID03377,Female,21,Business,85.8,8.3,2.47,4.9,6,2.75,B,Medium Risk
ID03378,Male,20,Computer Science,86.9,2.8,2.38,6.7,2,2.7,B,Medium Risk
ID03379,Male,21,Business,93.4,5.6,3.65,7.1,6,4.0,A+,Low Risk
ID03380,Female,23,Economics,82.4,1.3,3.03,6.5,10,3.11,B+,Medium Risk
ID03381,Male,24,Engineering,99.1,12.9,2.8,6.6,6,3.75,A+,Low Risk
ID03382,Male,23,Mathematics,91.7,2.5,3.03,8.9,8,3.04,B+,Low Risk
ID03383,Male,21,Psychology,75.9,5.3,3.64,7.7,6,3.83,A+,Low Risk
ID03384,Male,20,Engineering,100.0,10.0,3.49,8.1,7,3.91,A+,Low Risk
ID03385,Male,22,Business,64.6,3.3,3.32,6.4,9,3.46,A,Low Risk
ID03386,Female,21,Computer Science,83.6,5.3,3.42,8.2,9,3.76,A+,Low Risk
ID03387,Male,21,Economics,99.5,4.6,3.19,7.5,11,3.61,A,Low Risk
ID03388,Female,21,Engineering,74.2,3.2,3.25,7.3,10,3.2,B+,Low Risk
ID03389,Male,21,Mathematics,89.6,2.7,3.21,6.4,6,3.41,A,Low Risk
ID03390,Female,20,Economics,93.2,1.8,3.1,7.4,8,3.33,A,Low Risk
ID03391,Male,22,Business,72.1,0.4,3.48,10.0,7,3.35,A,Medium Risk
ID03392,Female,22,Economics,83.9,3.7,3.28,7.9,5,3.48,A,Low Risk
ID03393,Female,18,Economics,82.7,2.6,2.66,9.6,8,2.97,B,Medium Risk
ID03394,Male,21,Computer Science,76.7,2.5,3.36,4.2,8,3.23,B+,Low Risk
ID03395,Female,21,Psychology,100.0,5.8,3.22,7.1,10,3.64,A,Low Risk
ID03396,Female,18,Business,73.6,4.4,3.41,8.2,11,3.19,B+,Low Risk
ID03397,Female,22,Computer Science,100.0,7.3,3.05,7.6,8,3.41,A,Low Risk
ID03398,Female,19,Psychology,79.1,3.1,3.51,7.8,5,3.49,A,Low Risk
ID03399,Male,23,Computer Science,68.7,1.9,3.07,6.4,12,3.21,B+,Medium Risk
ID03400,Female,19,Psychology,86.5,5.8,3.46,8.8,8,3.7,A+,Low Risk
ID03401,Male,22,Psychology,94.7,6.0,2.87,4.6,5,3.02,B+,Low Risk
ID03402,Male,24,Psychology,98.8,4.9,2.91,6.8,7,3.28,B+,Low Risk
ID03403,Female,21,Computer Science,100.0,2.4,3.4,7.2,12,3.48,A,Low Risk
ID03404,Male,19,Economics,100.0,4.2,2.93,6.1,7,3.22,B+,Low Risk
ID03405,Female,20,Psychology,88.8,1.9,4.0,7.0,8,4.0,A+,Low Risk
ID03406,Female,20,Economics,75.1,2.6,3.38,4.1,10,3.06,B+,Low Risk
ID03407,Female,18,Business,91.8,7.8,3.11,5.1,12,3.66,A,Low Risk
ID03408,Female,22,Mathematics,81.0,3.0,3.51,8.9,6,3.88,A+,Low Risk
ID03409,Male,22,Economics,98.9,6.8,2.86,7.4,9,3.55,A,Low Risk
ID03410,Male,19,Mathematics,65.5,5.0,3.56,6.4,12,3.66,A,Low Risk
ID03411,Male,21,Psychology,100.0,9.8,3.55,8.5,4,4.0,A+,Low Risk
ID03412,Male,22,Mathematics,97.8,4.9,3.73,9.1,9,4.0,A+,Low Risk
ID03413,Male,19,Mathematics,59.7,4.7,2.88,9.7,9,2.66,C+,Medium Risk
ID03414,Male,19,Psychology,74.4,1.3,2.49,4.2,5,2.26,C,High Risk
ID03415,Female,23,Economics,97.2,2.6,2.79,9.1,11,3.0,B+,Medium Risk
ID03416,Female,23,Psychology,100.0,3.5,2.96,5.3,4,3.31,A,Low Risk
ID03417,Male,22,Business,65.9,12.0,3.93,7.5,6,4.0,A+,Low Risk
ID03418,Female,19,Engineering,95.7,2.7,4.0,7.9,8,4.0,A+,Low Risk
ID03419,Male,18,Computer Science,55.8,1.9,3.27,9.4,12,2.83,B,Medium Risk
ID03420,Male,18,Psychology,83.7,1.5,3.1,7.7,4,3.39,A,Low Risk
ID03421,Female,23,Psychology,100.0,1.3,2.93,7.4,6,3.17,B+,Medium Risk
ID03422,Female,22,Mathematics,76.7,12.2,3.51,5.7,2,3.91,A+,Low Risk
ID03423,Female,21,Business,62.4,4.5,4.0,4.5,10,3.93,A+,Low Risk
ID03424,Male,24,Mathematics,87.2,2.1,3.99,5.7,11,4.0,A+,Low Risk
ID03425,Female,18,Economics,75.9,8.4,3.67,9.1,7,3.66,A,Low Risk
ID03426,Female,18,Psychology,94.4,10.6,3.66,7.0,7,4.0,A+,Low Risk
ID03427,Female,23,Psychology,71.7,2.2,3.52,9.5,8,3.36,A,Medium Risk
ID03428,Female,23,Mathematics,73.4,3.1,3.08,5.9,8,3.16,B+,Low Risk
ID03429,Female,22,Psychology,54.7,7.7,2.73,8.2,9,2.62,C+,Medium Risk
ID03430,Female,23,Economics,87.5,6.1,3.09,7.3,10,3.49,A,Low Risk
ID03431,Female,20,Engineering,82.6,3.7,3.31,8.9,7,3.53,A,Low Risk
ID03432,Female,24,Computer Science,67.2,7.8,2.37,6.7,6,2.75,B,Medium Risk
ID03433,Female,19,Computer Science,87.9,1.3,3.02,6.8,13,3.25,B+,Medium Risk
ID03434,Male,18,Computer Science,100.0,1.9,2.69,8.8,10,2.65,C+,Medium Risk
ID03435,Female,20,Engineering,81.8,2.5,3.61,4.0,8,3.75,A+,Low Risk
ID03436,Male,21,Psychology,89.0,2.3,2.83,6.8,9,3.05,B+,Medium Risk
ID03437,Male,20,Mathematics,89.1,0.8,3.26,4.5,9,3.51,A,Medium Risk
ID03438,Female,22,Business,66.9,3.2,2.75,7.0,7,2.68,C+,Medium Risk
ID03439,Female,21,Psychology,100.0,5.6,3.9,6.4,9,4.0,A+,Low Risk
ID03440,Female,21,Engineering,77.9,6.6,2.25,7.9,10,2.37,C+,Medium Risk
ID03441,Male,23,Economics,94.8,6.3,3.34,7.7,11,3.62,A,Low Risk
ID03442,Male,20,Engineering,96.5,7.4,2.46,6.6,7,3.11,B+,Medium Risk
ID03443,Male,22,Computer Science,82.9,5.2,2.85,5.6,4,3.2,B+,Low Risk
ID03444,Female,18,Psychology,94.1,2.8,3.2,7.1,6,3.48,A,Low Risk
ID03445,Female,24,Computer Science,88.7,1.1,3.23,9.0,9,3.28,B+,Medium Risk
ID03446,Female,23,Business,63.7,1.1,3.21,5.5,7,2.98,B,Medium Risk
ID03447,Female,20,Economics,80.0,4.3,3.18,4.7,10,3.56,A,Low Risk
ID03448,Female,18,Computer Science,75.8,2.2,2.78,4.2,12,2.51,C+,Medium Risk
ID03449,Female,20,Business,78.1,4.2,3.02,4.7,8,2.81,B,Low Risk
ID03450,Male,23,Engineering,65.4,1.8,3.12,7.0,9,3.08,B+,Medium Risk
ID03451,Male,18,Computer Science,100.0,8.2,3.2,4.9,8,3.8,A+,Low Risk
ID03452,Female,23,Computer Science,100.0,3.3,3.07,6.4,12,3.41,A,Low Risk
ID03453,Female,20,Mathematics,99.7,3.4,3.46,7.7,16,3.6,A,Low Risk
ID03454,Male,21,Economics,100.0,3.6,3.15,4.0,3,3.54,A,Low Risk
ID03455,Female,24,Economics,79.8,0.3,3.2,8.5,17,2.5,C+,Medium Risk
ID03456,Male,19,Engineering,75.5,7.7,2.91,9.1,3,3.08,B+,Low Risk
ID03457,Male,24,Mathematics,73.3,1.9,2.57,9.8,3,2.55,C+,Medium Risk
ID03458,Female,21,Business,94.7,3.7,3.18,9.2,12,3.47,A,Low Risk
ID03459,Female,23,Business,88.4,4.1,3.7,10.0,7,3.99,A+,Low Risk
ID03460,Female,24,Engineering,83.8,2.4,3.32,7.3,9,3.71,A+,Low Risk
ID03461,Male,23,Economics,100.0,5.7,2.69,8.2,6,3.11,B+,Low Risk
ID03462,Male,23,Business,91.1,7.2,3.51,6.6,7,4.0,A+,Low Risk
ID03463,Female,18,Engineering,72.4,1.1,2.93,8.0,8,2.65,C+,Medium Risk
ID03464,Female,22,Business,74.8,6.0,3.46,7.2,12,3.66,A,Low Risk
ID03465,Male,23,Psychology,95.2,0.9,2.92,4.5,9,2.9,B,Medium Risk
ID03466,Female,24,Computer Science,100.0,2.4,3.28,4.7,9,3.35,A,Low Risk
ID03467,Male,24,Economics,93.3,2.8,2.84,9.7,9,3.1,B+,Medium Risk
ID03468,Female,24,Psychology,100.0,2.9,2.85,7.2,6,3.13,B+,Medium Risk
ID03469,Female,21,Engineering,100.0,7.9,2.32,9.1,5,2.85,B,Medium Risk
ID03470,Male,19,Engineering,91.6,3.0,3.36,6.1,8,3.62,A,Low Risk
ID03471,Male,23,Psychology,72.4,3.0,3.29,5.7,7,3.34,A,Low Risk
ID03472,Female,23,Computer Science,65.4,1.6,3.31,6.9,10,3.21,B+,Medium Risk
ID03473,Female,23,Computer Science,79.2,4.8,3.24,8.2,8,3.23,B+,Low Risk
ID03474,Female,18,Mathematics,96.3,3.5,2.72,9.1,6,2.8,B,Low Risk
ID03475,Female,23,Business,100.0,5.3,3.58,7.3,6,4.0,A+,Low Risk
ID03476,Female,21,Mathematics,91.3,1.6,3.6,8.0,8,3.73,A+,Low Risk
ID03477,Female,20,Computer Science,100.0,10.0,2.71,6.8,10,3.47,A,Low Risk
ID03478,Male,22,Psychology,81.3,6.2,3.37,9.2,10,3.82,A+,Low Risk
ID03479,Male,24,Business,94.3,14.0,3.54,9.2,8,4.0,A+,Low Risk
ID03480,Male,23,Psychology,97.4,4.1,2.86,5.8,7,3.11,B+,Low Risk
ID03481,Male,18,Mathematics,55.3,7.0,2.95,7.6,16,2.37,C+,High Risk
ID03482,Female,21,Engineering,78.8,10.1,3.37,5.5,8,3.65,A,Low Risk
ID03483,Male,23,Psychology,99.2,4.8,2.34,8.2,9,2.79,B,Medium Risk
ID03484,Female,18,Mathematics,89.1,3.6,2.56,6.4,12,3.04,B+,Low Risk
ID03485,Female,20,Mathematics,67.1,2.9,2.61,5.8,9,2.4,C+,Medium Risk
ID03486,Female,19,Mathematics,48.5,3.3,2.2,4.0,7,1.67,D,High Risk
ID03487,Male,23,Engineering,79.5,4.4,3.64,8.6,6,3.73,A+,Low Risk
ID03488,Male,21,Engineering,83.9,3.5,2.11,7.3,5,2.45,C+,Medium Risk
ID03489,Male,18,Engineering,71.7,5.9,3.27,7.4,3,3.38,A,Low Risk
ID03490,Male,18,Business,87.1,8.7,3.51,8.2,8,4.0,A+,Low Risk
ID03491,Male,23,Engineering,92.6,1.8,2.95,5.9,9,2.99,B,Medium Risk
ID03492,Female,18,Engineering,95.1,1.8,2.77,5.6,6,2.8,B,Medium Risk
ID03493,Female,19,Engineering,49.7,3.0,3.22,7.8,7,2.96,B,Medium Risk
ID03494,Female,18,Psychology,65.3,1.1,3.1,8.7,5,2.81,B,Medium Risk
ID03495,Female,24,Engineering,80.4,9.6,3.6,7.8,5,4.0,A+,Low Risk
ID03496,Male,22,Business,93.6,7.4,1.79,9.4,6,2.19,C,Medium Risk
ID03497,Female,24,Mathematics,92.3,3.5,2.64,7.8,7,2.85,B,Low Risk
ID03498,Female,22,Psychology,92.1,3.7,3.38,7.8,8,3.54,A,Low Risk
ID03499,Male,18,Computer Science,79.2,4.9,3.13,8.2,8,3.23,B+,Low Risk
ID03500,Female,23,Engineering,80.1,2.4,3.48,6.7,9,3.86,A+,Low Risk
ID03501,Male,22,Mathematics,74.1,3.2,3.23,5.1,4,3.18,B+,Low Risk
ID03502,Female,21,Mathematics,96.5,2.5,3.03,7.0,3,3.16,B+,Low Risk
ID03503,Female,22,Psychology,71.2,4.1,2.95,8.1,4,2.9,B,Medium Risk
ID03504,Male,24,Computer Science,97.8,4.2,4.0,5.7,5,4.0,A+,Low Risk
ID03505,Female,18,Economics,88.1,3.7,3.87,4.9,9,4.0,A+,Low Risk
ID03506,Female,23,Business,84.3,7.0,3.35,5.9,13,3.83,A+,Low Risk
ID03507,Female,20,Economics,75.1,3.7,3.14,9.0,10,2.89,B,Low Risk
ID03508,Male,23,Mathematics,64.7,3.9,3.37,7.7,16,2.92,B,Low Risk
ID03509,Female,23,Economics,75.3,1.4,3.51,6.8,11,3.62,A,Medium Risk
ID03510,Male,23,Mathematics,80.0,5.8,3.31,5.5,6,3.47,A,Low Risk
ID03511,Male,21,Economics,49.5,4.4,2.72,7.4,5,2.64,C+,Medium Risk
ID03512,Male,19,Mathematics,82.0,6.2,3.99,7.3,8,4.0,A+,Low Risk
ID03513,Female,24,Mathematics,98.9,2.2,3.22,7.7,6,3.4,A,Low Risk
ID03514,Female,18,Psychology,93.5,1.9,4.0,10.0,4,4.0,A+,Low Risk
ID03515,Female,19,Computer Science,77.6,3.4,3.19,7.7,8,3.27,B+,Low Risk
ID03516,Female,20,Mathematics,85.7,0.9,2.98,6.0,16,2.88,B,Medium Risk
ID03517,Male,19,Business,76.7,9.9,3.79,4.9,12,3.92,A+,Low Risk
ID03518,Male,18,Business,87.2,3.4,3.25,6.2,6,3.6,A,Low Risk
ID03519,Male,24,Engineering,100.0,0.6,3.17,6.3,6,3.25,B+,Medium Risk
ID03520,Male,24,Mathematics,99.5,2.9,2.5,8.2,7,2.56,C+,Medium Risk
ID03521,Male,18,Mathematics,92.8,3.6,3.43,6.1,4,3.76,A+,Low Risk
ID03522,Male,20,Mathematics,77.6,8.7,2.85,5.5,6,2.98,B,Low Risk
ID03523,Male,18,Economics,96.2,4.1,2.88,7.8,10,3.05,B+,Low Risk
ID03524,Male,20,Mathematics,59.7,1.5,2.85,6.1,17,2.35,C+,High Risk
ID03525,Male,20,Mathematics,81.2,4.9,3.32,7.9,4,3.53,A,Low Risk
ID03526,Male,18,Business,93.8,4.1,2.33,5.7,13,2.75,B,Medium Risk
ID03527,Female,22,Computer Science,96.1,3.5,2.99,6.3,8,3.19,B+,Low Risk
ID03528,Female,24,Computer Science,95.0,3.2,3.59,6.1,8,3.76,A+,Low Risk
ID03529,Female,20,Engineering,89.4,6.7,2.48,7.6,9,2.79,B,Medium Risk
ID03530,Male,18,Business,82.1,4.0,3.19,6.8,7,3.51,A,Low Risk
ID03531,Male,22,Mathematics,93.1,3.9,2.78,5.2,9,3.06,B+,Low Risk
ID03532,Female,24,Computer Science,70.7,7.6,2.9,5.0,8,3.19,B+,Medium Risk
ID03533,Male,20,Psychology,72.3,6.3,3.93,6.5,10,4.0,A+,Low Risk
ID03534,Male,24,Psychology,85.9,5.0,2.27,4.9,8,2.43,C+,Medium Risk
ID03535,Male,22,Psychology,87.6,2.5,3.48,6.4,9,3.62,A,Low Risk
ID03536,Male,24,Mathematics,57.6,3.3,2.86,7.4,5,2.38,C+,High Risk
ID03537,Male,21,Mathematics,91.8,3.8,2.84,5.2,10,3.16,B+,Low Risk
ID03538,Male,23,Engineering,96.6,1.6,2.54,8.3,10,2.48,C+,Medium Risk
ID03539,Female,21,Engineering,83.8,2.9,3.48,9.1,7,3.53,A,Low Risk
ID03540,Male,22,Engineering,100.0,4.1,3.0,8.6,12,3.31,A,Low Risk
ID03541,Male,20,Economics,74.8,5.6,2.94,8.0,6,2.93,B,Medium Risk
ID03542,Female,18,Psychology,79.6,5.4,3.15,7.6,10,3.13,B+,Low Risk
ID03543,Male,19,Mathematics,79.1,1.2,3.01,7.4,9,2.81,B,Medium Risk
ID03544,Male,18,Psychology,83.9,3.2,2.1,7.6,5,2.36,C+,Medium Risk
ID03545,Female,24,Engineering,80.1,2.3,2.85,6.1,8,2.92,B,Medium Risk
ID03546,Male,19,Mathematics,63.9,1.0,3.55,7.0,11,3.55,A,Medium Risk
ID03547,Male,19,Business,76.8,3.7,2.35,7.2,5,2.49,C+,Medium Risk
ID03548,Male,24,Computer Science,83.5,2.9,2.56,8.0,12,2.8,B,Medium Risk
ID03549,Male,24,Computer Science,100.0,4.0,2.89,4.6,5,3.26,B+,Low Risk
ID03550,Female,20,Engineering,100.0,5.5,2.74,7.3,8,3.08,B+,Low Risk
ID03551,Female,22,Psychology,100.0,4.9,3.09,8.6,12,3.58,A,Low Risk
ID03552,Male,18,Business,73.4,10.7,2.55,6.1,2,2.89,B,Medium Risk
ID03553,Female,22,Mathematics,74.6,4.4,2.91,6.8,7,3.05,B+,Medium Risk
ID03554,Male,21,Psychology,82.6,8.5,3.08,4.2,2,3.48,A,Low Risk
ID03555,Male,20,Engineering,100.0,1.9,3.42,7.1,6,3.65,A,Low Risk
ID03556,Female,20,Psychology,82.5,4.9,3.72,4.8,7,4.0,A+,Low Risk
ID03557,Male,21,Engineering,65.1,2.5,2.97,6.2,9,2.88,B,Medium Risk
ID03558,Male,18,Economics,77.5,3.4,4.0,6.9,11,4.0,A+,Low Risk
ID03559,Male,23,Computer Science,96.4,6.4,3.01,6.1,8,3.34,A,Low Risk
ID03560,Male,21,Computer Science,95.3,3.4,3.51,6.8,7,3.82,A+,Low Risk
ID03561,Male,18,Psychology,82.0,7.1,4.0,7.6,8,4.0,A+,Low Risk
ID03562,Female,19,Business,95.3,2.6,3.17,6.9,8,3.62,A,Low Risk
ID03563,Male,24,Mathematics,50.9,1.9,2.41,7.2,10,2.18,C,High Risk
ID03564,Male,20,Engineering,86.6,4.5,3.15,4.2,7,3.42,A,Low Risk
ID03565,Male,18,Mathematics,97.9,4.7,2.79,6.8,10,3.16,B+,Low Risk
ID03566,Female,22,Computer Science,72.5,3.3,2.96,4.0,6,3.01,B+,Medium Risk
ID03567,Female,24,Business,72.5,5.7,4.0,6.4,6,4.0,A+,Low Risk
ID03568,Female,22,Business,57.0,0.9,2.49,9.8,6,2.06,C,High Risk
ID03569,Female,24,Mathematics,100.0,2.1,3.25,8.4,9,3.42,A,Low Risk
ID03570,Female,20,Computer Science,74.2,5.1,2.66,4.9,7,2.81,B,Medium Risk
ID03571,Male,21,Mathematics,88.6,3.5,2.95,6.2,6,3.15,B+,Low Risk
ID03572,Male,23,Psychology,94.1,2.6,3.47,6.7,8,3.89,A+,Low Risk
ID03573,Female,21,Business,100.0,4.3,3.26,7.8,10,3.63,A,Low Risk
ID03574,Female,18,Business,82.7,6.8,2.99,8.3,8,3.43,A,Low Risk
ID03575,Female,21,Psychology,76.9,4.9,2.78,9.4,2,2.96,B,Low Risk
ID03576,Male,20,Computer Science,87.6,6.2,3.26,5.6,12,3.59,A,Low Risk
ID03577,Male,18,Business,100.0,5.0,3.95,7.3,13,4.0,A+,Low Risk
ID03578,Male,19,Economics,82.4,7.8,2.65,4.4,12,3.1,B+,Low Risk
ID03579,Female,21,Economics,70.7,2.9,4.0,7.6,6,4.0,A+,Medium Risk
ID03580,Male,21,Economics,61.9,7.0,3.7,7.7,10,3.9,A+,Low Risk
ID03581,Male,23,Engineering,66.7,1.2,3.78,7.0,7,3.59,A,Medium Risk
ID03582,Female,18,Engineering,98.0,1.8,3.25,8.0,3,3.48,A,Low Risk
ID03583,Male,22,Computer Science,80.2,5.6,3.69,5.7,10,4.0,A+,Low Risk
ID03584,Female,21,Psychology,75.9,1.7,2.6,5.0,6,2.44,C+,Medium Risk
ID03585,Male,20,Mathematics,74.3,3.3,2.77,5.6,10,2.54,C+,Medium Risk
ID03586,Male,21,Computer Science,86.3,7.7,3.48,7.6,7,4.0,A+,Low Risk
ID03587,Male,23,Mathematics,81.4,1.9,3.25,9.0,9,3.35,A,Low Risk
ID03588,Female,19,Computer Science,80.9,6.5,3.03,5.7,5,3.46,A,Low Risk
ID03589,Male,23,Engineering,100.0,3.2,1.85,6.0,9,2.06,C,Medium Risk
ID03590,Male,21,Economics,100.0,1.8,2.88,7.2,4,3.05,B+,Medium Risk
ID03591,Female,22,Psychology,60.8,4.0,2.51,10.0,10,2.47,C+,Medium Risk
ID03592,Male,24,Engineering,89.9,7.4,3.35,6.3,3,3.72,A+,Low Risk
ID03593,Female,21,Psychology,73.3,1.6,3.0,8.4,6,2.71,B,Medium Risk
ID03594,Female,18,Mathematics,81.3,1.6,2.79,6.7,6,3.14,B+,Medium Risk
ID03595,Male,21,Computer Science,89.6,5.5,4.0,6.2,9,4.0,A+,Low Risk
ID03596,Female,22,Business,81.8,2.8,3.62,5.0,7,4.0,A+,Low Risk
ID03597,Male,18,Business,88.5,10.7,3.63,6.5,9,4.0,A+,Low Risk
ID03598,Female,20,Psychology,95.1,4.7,4.0,8.3,9,4.0,A+,Low Risk
ID03599,Male,18,Economics,89.4,6.8,3.5,5.7,11,4.0,A+,Low Risk
ID03600,Female,23,Economics,75.3,4.6,2.71,7.1,3,2.88,B,Low Risk
ID03601,Male,19,Psychology,75.6,1.7,2.66,5.7,13,2.39,C+,Medium Risk
ID03602,Female,23,Engineering,63.4,2.2,3.58,6.4,11,3.52,A,Medium Risk
ID03603,Male,24,Business,72.2,2.4,2.07,4.7,12,1.9,D,High Risk
ID03604,Male,18,Engineering,100.0,5.2,3.06,10.0,2,3.46,A,Low Risk
ID03605,Male,20,Mathematics,73.1,3.9,2.01,7.5,12,2.05,C,Medium Risk
ID03606,Male,21,Business,67.1,1.1,3.15,6.5,14,3.0,B+,Medium Risk
ID03607,Female,18,Mathematics,89.8,5.8,3.53,8.9,9,4.0,A+,Low Risk
ID03608,Male,23,Computer Science,83.3,11.9,3.24,6.9,8,4.0,A+,Low Risk
ID03609,Female,18,Engineering,82.1,1.9,3.57,7.7,10,3.76,A+,Low Risk
ID03610,Female,18,Psychology,100.0,2.1,4.0,9.3,8,4.0,A+,Low Risk
ID03611,Female,18,Business,93.2,2.6,3.03,9.2,5,3.37,A,Low Risk
ID03612,Male,20,Engineering,77.1,3.6,4.0,5.3,6,4.0,A+,Low Risk
ID03613,Male,22,Psychology,78.6,2.0,3.21,7.0,8,3.24,B+,Low Risk
ID03614,Female,22,Computer Science,77.5,7.6,3.57,8.9,12,3.78,A+,Low Risk
ID03615,Male,18,Business,98.1,9.3,2.79,5.4,7,3.15,B+,Low Risk
ID03616,Male,20,Mathematics,80.4,4.2,3.91,6.6,2,4.0,A+,Low Risk
ID03617,Female,20,Computer Science,58.1,3.8,3.62,6.6,8,3.28,B+,Medium Risk
ID03618,Female,24,Economics,84.3,1.2,3.84,7.8,7,3.88,A+,Medium Risk
ID03619,Female,18,Psychology,61.9,1.8,3.13,8.2,7,3.06,B+,Medium Risk
ID03620,Male,23,Business,100.0,0.8,2.47,8.7,5,2.48,C+,High Risk
ID03621,Female,23,Business,70.5,2.7,3.33,7.1,8,3.24,B+,Medium Risk
ID03622,Male,19,Computer Science,82.6,3.0,2.25,5.4,15,2.51,C+,Medium Risk
ID03623,Male,18,Business,88.9,5.5,2.93,6.5,8,3.42,A,Low Risk
ID03624,Female,19,Psychology,80.7,4.2,3.2,5.4,7,3.45,A,Low Risk
ID03625,Male,23,Computer Science,80.6,2.3,4.0,6.0,5,4.0,A+,Low Risk
ID03626,Male,23,Mathematics,91.3,5.7,3.26,8.1,9,3.73,A+,Low Risk
ID03627,Male,18,Computer Science,100.0,12.9,3.17,4.8,3,3.71,A+,Low Risk
ID03628,Female,19,Computer Science,96.5,5.8,3.07,6.2,5,3.34,A,Low Risk
ID03629,Female,19,Mathematics,100.0,2.8,2.43,8.3,9,2.68,C+,Medium Risk
ID03630,Female,18,Economics,69.3,4.5,3.14,8.0,8,3.26,B+,Low Risk
ID03631,Female,24,Psychology,89.8,2.0,3.15,5.8,10,3.17,B+,Low Risk
ID03632,Male,19,Economics,87.3,1.8,2.62,5.7,5,2.77,B,Medium Risk
ID03633,Male,24,Economics,90.3,9.7,2.51,9.4,8,3.14,B+,Low Risk
ID03634,Male,21,Economics,100.0,4.6,2.86,7.6,5,3.33,A,Low Risk
ID03635,Male,23,Engineering,81.7,6.9,3.13,5.8,13,3.56,A,Low Risk
ID03636,Male,22,Economics,78.9,3.3,2.87,6.9,6,2.74,B,Low Risk
ID03637,Female,24,Engineering,93.0,1.8,2.57,8.6,10,2.63,C+,Medium Risk
ID03638,Male,24,Mathematics,58.3,1.6,3.24,5.7,7,2.73,B,Medium Risk
ID03639,Male,24,Psychology,81.4,2.2,3.37,5.6,7,3.65,A,Low Risk
ID03640,Male,20,Economics,83.0,4.9,3.16,7.3,9,3.57,A,Low Risk
ID03641,Male,19,Business,71.2,1.3,2.82,5.0,5,2.73,B,Medium Risk
ID03642,Female,19,Mathematics,100.0,4.0,3.4,6.0,8,3.92,A+,Low Risk
ID03643,Male,20,Engineering,69.1,5.3,3.0,6.3,7,3.16,B+,Low Risk
ID03644,Male,19,Psychology,83.0,1.8,2.51,4.0,10,2.54,C+,Medium Risk
ID03645,Female,20,Computer Science,89.4,12.9,3.62,7.1,6,4.0,A+,Low Risk
ID03646,Male,24,Psychology,100.0,6.4,3.28,7.9,9,3.55,A,Low Risk
ID03647,Male,18,Psychology,84.8,3.6,3.04,9.9,6,3.14,B+,Low Risk
ID03648,Male,21,Economics,99.0,2.4,2.31,7.9,8,2.49,C+,Medium Risk
ID03649,Female,24,Economics,95.5,4.7,2.73,5.5,5,2.92,B,Low Risk
ID03650,Female,21,Engineering,86.9,4.6,4.0,6.3,11,4.0,A+,Low Risk
ID03651,Female,23,Engineering,68.7,4.1,2.35,9.8,15,2.17,C,Medium Risk
ID03652,Male,24,Economics,63.5,4.8,2.97,7.7,6,3.03,B+,Medium Risk
ID03653,Female,22,Economics,86.6,2.0,3.09,8.6,7,3.04,B+,Low Risk
ID03654,Male,19,Business,76.9,5.8,3.26,6.1,11,3.3,A,Low Risk
ID03655,Male,22,Business,98.8,1.5,2.35,6.7,6,2.39,C+,Medium Risk
ID03656,Male,18,Mathematics,96.2,1.5,3.19,6.9,10,3.5,A,Low Risk
ID03657,Male,21,Economics,82.2,0.8,2.26,8.4,9,2.29,C,High Risk
ID03658,Male,24,Computer Science,67.6,5.5,3.15,6.4,9,3.27,B+,Low Risk
ID03659,Female,18,Business,92.7,4.8,2.77,7.9,10,3.26,B+,Low Risk
ID03660,Female,18,Engineering,69.7,3.8,2.67,7.0,7,2.86,B,Medium Risk
ID03661,Male,19,Psychology,73.6,2.6,3.52,5.2,7,3.41,A,Medium Risk
ID03662,Male,18,Mathematics,70.3,2.9,2.98,7.0,13,3.03,B+,Medium Risk
ID03663,Male,24,Business,82.9,2.0,3.34,8.7,5,3.58,A,Low Risk
ID03664,Male,24,Psychology,100.0,4.5,3.35,7.0,8,3.64,A,Low Risk
ID03665,Female,21,Psychology,84.9,0.7,3.73,6.5,10,4.0,A+,Medium Risk
ID03666,Male,24,Business,78.4,1.0,2.5,9.1,8,2.36,C+,Medium Risk
ID03667,Female,22,Computer Science,62.1,2.0,3.56,7.6,7,3.49,A,Medium Risk
ID03668,Male,21,Computer Science,93.3,4.2,3.11,4.9,7,3.31,A,Low Risk
ID03669,Male,19,Mathematics,73.3,3.7,2.91,6.6,10,3.13,B+,Medium Risk
ID03670,Male,21,Computer Science,86.8,8.0,2.53,7.4,7,3.27,B+,Low Risk
ID03671,Male,20,Mathematics,79.7,3.3,3.4,7.4,13,3.49,A,Low Risk
ID03672,Male,22,Engineering,97.6,6.1,2.64,7.8,9,3.05,B+,Low Risk
ID03673,Female,20,Business,82.6,4.1,3.36,6.8,9,3.82,A+,Low Risk
ID03674,Male,20,Psychology,84.1,0.8,4.0,6.7,6,4.0,A+,Medium Risk
ID03675,Female,23,Mathematics,92.3,1.8,3.59,7.0,12,3.85,A+,Low Risk
ID03676,Male,24,Computer Science,100.0,2.0,3.8,8.2,7,3.8,A+,Low Risk
ID03677,Male,19,Mathematics,98.3,2.3,2.74,6.0,7,3.18,B+,Medium Risk
ID03678,Male,18,Economics,83.7,3.1,3.48,6.9,5,3.68,A,Low Risk
ID03679,Female,20,Mathematics,85.0,7.0,2.53,7.4,11,2.99,B,Low Risk
ID03680,Male,21,Computer Science,77.1,3.4,2.98,6.2,10,2.94,B,Low Risk
ID03681,Female,18,Economics,70.8,2.5,3.97,7.7,6,3.81,A+,Medium Risk
ID03682,Male,21,Economics,76.7,6.3,2.8,7.5,8,2.77,B,Low Risk
ID03683,Female,21,Computer Science,73.4,6.3,3.66,4.0,13,3.9,A+,Low Risk
ID03684,Male,18,Economics,94.8,0.6,3.61,7.1,12,3.89,A+,Medium Risk
ID03685,Female,18,Business,68.9,3.6,3.64,9.1,5,3.38,A,Low Risk
ID03686,Female,24,Psychology,100.0,7.5,2.47,9.2,5,2.97,B,Medium Risk
ID03687,Female,21,Business,96.3,3.3,3.36,8.0,8,3.53,A,Low Risk
ID03688,Male,19,Business,85.3,1.9,3.02,8.9,7,3.25,B+,Low Risk
ID03689,Male,24,Computer Science,85.0,6.1,3.64,6.8,5,4.0,A+,Low Risk
ID03690,Male,22,Computer Science,76.6,1.7,2.27,7.9,9,2.4,C+,Medium Risk
ID03691,Female,23,Psychology,89.1,4.1,3.28,7.2,7,3.61,A,Low Risk
ID03692,Male,22,Mathematics,100.0,3.3,3.21,8.0,2,3.62,A,Low Risk
ID03693,Female,19,Business,74.5,1.2,2.1,9.8,16,1.43,F,High Risk
ID03694,Male,24,Economics,62.0,6.8,2.66,8.5,6,2.92,B,Medium Risk
ID03695,Male,23,Psychology,95.5,4.7,2.18,6.5,6,2.59,C+,Medium Risk
ID03696,Male,24,Business,89.9,8.1,2.74,9.4,9,3.12,B+,Low Risk
ID03697,Female,18,Mathematics,68.2,3.6,3.37,7.4,7,3.25,B+,Low Risk
ID03698,Female,23,Economics,74.0,2.0,3.2,8.0,4,3.21,B+,Medium Risk
ID03699,Female,21,Business,72.1,1.2,3.18,6.6,5,3.19,B+,Medium Risk
ID03700,Male,22,Engineering,74.1,6.4,2.58,8.1,11,2.48,C+,Medium Risk
ID03701,Female,23,Psychology,80.1,1.8,3.66,7.6,8,3.77,A+,Low Risk
ID03702,Female,21,Computer Science,81.0,12.9,3.09,8.7,7,3.74,A+,Low Risk
ID03703,Male,24,Business,75.2,9.9,3.12,6.2,6,3.61,A,Low Risk
ID03704,Female,19,Economics,73.6,3.9,3.57,8.4,10,3.71,A+,Low Risk
ID03705,Female,23,Economics,81.6,3.1,2.6,4.0,12,2.9,B,Low Risk
ID03706,Female,21,Psychology,87.5,2.3,3.21,6.1,7,3.28,B+,Low Risk
ID03707,Female,24,Psychology,80.3,2.5,3.31,5.0,5,3.65,A,Low Risk
ID03708,Male,24,Economics,100.0,11.6,2.83,7.5,5,3.37,A,Low Risk
ID03709,Male,24,Economics,92.6,2.8,3.43,8.4,7,3.78,A+,Low Risk
ID03710,Female,19,Economics,61.1,4.9,3.34,7.0,8,3.4,A,Low Risk
ID03711,Male,18,Business,92.9,5.1,3.05,9.0,13,3.45,A,Low Risk
ID03712,Female,19,Economics,94.1,6.6,3.03,5.8,5,3.24,B+,Low Risk
ID03713,Female,19,Computer Science,78.5,4.7,3.36,4.9,7,3.21,B+,Low Risk
ID03714,Female,22,Economics,62.6,3.7,3.49,8.1,13,3.41,A,Low Risk
ID03715,Female,24,Computer Science,85.1,2.2,3.13,8.8,4,3.11,B+,Low Risk
ID03716,Male,21,Business,84.9,5.1,3.66,7.2,6,4.0,A+,Low Risk
ID03717,Male,23,Psychology,68.2,4.5,3.43,9.7,11,3.51,A,Low Risk
ID03718,Male,22,Computer Science,63.2,2.8,2.21,7.8,11,2.26,C,High Risk
ID03719,Male,24,Business,83.7,4.8,2.4,7.6,8,2.73,B,Medium Risk
ID03720,Male,20,Economics,81.5,3.5,3.69,6.4,10,3.82,A+,Low Risk
ID03721,Male,19,Business,78.7,4.5,2.98,5.0,7,2.86,B,Low Risk
ID03722,Female,20,Economics,83.7,5.6,3.18,6.6,14,3.72,A+,Low Risk
ID03723,Female,24,Business,68.5,4.1,3.67,9.4,5,3.56,A,Low Risk
ID03724,Male,22,Psychology,78.5,6.0,3.1,7.3,4,3.2,B+,Low Risk
ID03725,Male,21,Computer Science,93.0,4.0,3.12,6.4,11,3.3,A,Low Risk
ID03726,Female,22,Psychology,79.8,6.6,2.67,5.6,8,2.79,B,Low Risk
ID03727,Male,21,Engineering,59.9,3.0,3.28,7.8,8,3.03,B+,Medium Risk
ID03728,Male,21,Economics,77.9,1.9,3.39,5.3,5,3.21,B+,Low Risk
ID03729,Male,24,Computer Science,68.9,4.3,2.81,7.5,7,2.98,B,Medium Risk
ID03730,Female,18,Psychology,89.0,9.1,2.64,6.3,8,3.4,A,Low Risk
ID03731,Male,24,Computer Science,89.8,6.2,4.0,6.6,10,4.0,A+,Low Risk
ID03732,Female,19,Engineering,60.1,9.1,3.05,8.0,6,3.37,A,Low Risk
ID03733,Male,22,Mathematics,96.4,2.8,2.76,5.6,11,3.12,B+,Medium Risk
ID03734,Male,21,Economics,68.3,3.7,3.45,7.0,7,3.44,A,Low Risk
ID03735,Male,24,Economics,100.0,1.9,3.07,4.7,5,3.28,B+,Low Risk
ID03736,Male,24,Business,84.3,1.6,2.56,6.8,13,2.82,B,Medium Risk
ID03737,Female,22,Economics,66.3,8.4,3.34,7.7,8,3.75,A+,Low Risk
ID03738,Female,22,Economics,67.9,7.9,2.67,8.2,7,2.81,B,Medium Risk
ID03739,Female,21,Psychology,90.2,5.4,3.89,8.7,12,4.0,A+,Low Risk
ID03740,Female,23,Economics,79.1,2.8,3.35,8.0,14,3.32,A,Low Risk
ID03741,Female,20,Economics,83.6,5.7,2.96,6.4,6,3.25,B+,Low Risk
ID03742,Female,19,Engineering,100.0,7.5,3.15,4.3,10,3.73,A+,Low Risk
ID03743,Female,19,Engineering,74.5,9.7,3.55,8.5,4,3.93,A+,Low Risk
ID03744,Male,23,Computer Science,85.9,1.3,3.19,6.2,8,3.49,A,Medium Risk
ID03745,Male,18,Computer Science,100.0,3.1,4.0,4.8,5,4.0,A+,Low Risk
ID03746,Male,23,Economics,89.1,2.9,3.67,9.8,6,3.81,A+,Low Risk
ID03747,Female,18,Economics,60.9,3.4,3.34,6.9,9,3.17,B+,Low Risk
ID03748,Male,18,Business,92.6,5.1,2.63,7.7,4,2.87,B,Low Risk
ID03749,Male,23,Computer Science,67.6,0.9,3.03,7.3,3,2.93,B,Medium Risk
ID03750,Female,19,Psychology,100.0,2.8,3.34,7.0,6,3.45,A,Low Risk
ID03751,Female,20,Economics,72.7,2.9,2.69,6.4,4,2.52,C+,Medium Risk
ID03752,Female,19,Psychology,100.0,4.0,3.75,6.1,8,4.0,A+,Low Risk
ID03753,Male,24,Economics,100.0,4.3,2.61,10.0,10,2.82,B,Low Risk
ID03754,Female,19,Psychology,73.1,3.3,2.78,4.8,8,2.69,C+,Medium Risk
ID03755,Male,19,Mathematics,85.3,10.8,2.82,6.4,12,3.44,A,Low Risk
ID03756,Male,23,Psychology,96.3,3.5,3.47,5.7,12,3.87,A+,Low Risk
ID03757,Male,23,Computer Science,96.8,5.1,2.7,7.8,7,3.29,B+,Low Risk
ID03758,Male,24,Economics,91.6,5.6,2.2,6.4,9,2.45,C+,Medium Risk
ID03759,Male,24,Computer Science,100.0,2.1,3.64,6.3,11,4.0,A+,Low Risk
ID03760,Female,23,Psychology,83.2,2.2,2.88,8.0,14,3.01,B+,Medium Risk
ID03761,Male,19,Engineering,79.5,5.7,2.57,9.9,6,2.54,C+,Low Risk
ID03762,Female,20,Engineering,79.8,7.9,2.72,5.8,5,3.0,B+,Low Risk
ID03763,Male,18,Engineering,97.9,9.7,3.96,4.7,5,4.0,A+,Low Risk
ID03764,Male,22,Economics,90.5,2.1,2.77,7.1,15,2.85,B,Medium Risk
ID03765,Male,18,Business,89.4,6.8,3.04,8.3,7,3.54,A,Low Risk
ID03766,Male,24,Mathematics,96.9,3.8,2.88,6.7,5,3.29,B+,Low Risk
ID03767,Female,24,Psychology,54.2,7.9,2.48,7.9,5,2.61,C+,High Risk
ID03768,Male,18,Business,89.7,4.8,2.73,6.2,7,3.28,B+,Low Risk
ID03769,Male,22,Engineering,88.3,5.4,2.45,10.0,8,2.96,B,Medium Risk
ID03770,Male,19,Psychology,100.0,8.7,3.58,7.9,6,4.0,A+,Low Risk
ID03771,Male,20,Business,62.1,9.2,3.15,6.3,5,3.54,A,Low Risk
ID03772,Female,20,Computer Science,100.0,4.2,4.0,5.9,7,4.0,A+,Low Risk
ID03773,Male,18,Engineering,86.1,1.2,2.75,7.4,11,2.76,B,Medium Risk
ID03774,Female,22,Business,92.3,2.4,2.67,8.0,6,3.06,B+,Medium Risk
ID03775,Female,24,Economics,100.0,11.7,3.87,5.0,9,4.0,A+,Low Risk
ID03776,Female,21,Computer Science,93.4,5.5,3.63,7.0,10,4.0,A+,Low Risk
ID03777,Female,19,Engineering,91.0,2.1,3.29,8.1,4,3.25,B+,Low Risk
ID03778,Female,18,Mathematics,88.6,2.7,2.54,7.5,9,2.85,B,Medium Risk
ID03779,Female,20,Engineering,77.7,7.2,3.97,7.9,7,4.0,A+,Low Risk
ID03780,Female,24,Economics,84.6,10.7,3.06,9.2,7,3.57,A,Low Risk
ID03781,Male,23,Mathematics,74.3,4.0,2.88,4.0,10,2.92,B,Medium Risk
ID03782,Male,23,Mathematics,84.3,7.9,3.67,7.3,13,4.0,A+,Low Risk
ID03783,Male,22,Mathematics,50.0,6.7,3.09,4.0,6,2.79,B,Medium Risk
ID03784,Female,22,Psychology,91.4,4.8,2.52,6.9,11,2.78,B,Low Risk
ID03785,Female,18,Psychology,83.2,6.0,3.12,8.9,8,3.56,A,Low Risk
ID03786,Male,21,Mathematics,80.0,4.7,2.71,6.8,12,2.96,B,Low Risk
ID03787,Female,20,Computer Science,88.3,8.1,1.6,5.6,6,2.21,C,Medium Risk
ID03788,Male,18,Mathematics,63.5,6.1,2.66,8.2,10,2.63,C+,Medium Risk
ID03789,Male,21,Business,100.0,1.3,2.84,7.2,11,3.06,B+,Medium Risk
ID03790,Female,24,Mathematics,83.5,3.5,2.52,7.3,9,2.84,B,Low Risk
ID03791,Male,22,Psychology,82.8,2.1,3.39,10.0,5,3.63,A,Low Risk
ID03792,Male,23,Psychology,70.5,4.3,2.71,4.7,12,2.57,C+,Medium Risk
ID03793,Female,19,Business,85.4,3.4,3.34,6.0,11,3.8,A+,Low Risk
ID03794,Female,24,Business,100.0,2.6,2.48,7.6,8,2.86,B,Medium Risk
ID03795,Male,23,Engineering,100.0,1.7,3.55,8.8,13,3.62,A,Low Risk
ID03796,Female,20,Computer Science,97.8,0.8,2.46,5.6,7,2.4,C+,High Risk
ID03797,Male,20,Computer Science,93.2,8.0,1.93,6.4,10,2.48,C+,Medium Risk
ID03798,Male,23,Computer Science,79.6,8.0,3.72,6.9,9,4.0,A+,Low Risk
ID03799,Male,24,Economics,63.2,1.6,2.67,6.8,6,2.41,C+,Medium Risk
ID03800,Female,23,Psychology,82.0,4.8,3.98,8.0,7,4.0,A+,Low Risk
ID03801,Male,21,Computer Science,81.5,1.1,3.38,6.9,6,3.66,A,Medium Risk
ID03802,Female,18,Engineering,100.0,2.3,3.5,8.0,8,3.64,A,Low Risk
ID03803,Female,22,Engineering,89.6,3.2,3.62,5.2,14,3.82,A+,Low Risk
ID03804,Female,21,Computer Science,100.0,2.5,3.16,7.2,13,3.49,A,Low Risk
ID03805,Male,19,Business,100.0,5.5,3.16,7.1,13,3.66,A,Low Risk
ID03806,Female,23,Engineering,78.2,0.4,3.74,8.3,8,3.68,A,Medium Risk
ID03807,Male,19,Business,58.1,2.3,3.16,10.0,5,2.87,B,Medium Risk
ID03808,Male,19,Psychology,100.0,6.4,2.74,8.4,8,3.04,B+,Low Risk
ID03809,Male,21,Economics,100.0,1.0,3.39,5.9,8,3.34,A,Medium Risk
ID03810,Male,22,Engineering,64.5,2.5,2.04,7.9,15,1.86,D,High Risk
ID03811,Female,24,Business,100.0,7.0,3.76,6.9,4,4.0,A+,Low Risk
ID03812,Male,20,Computer Science,90.7,11.4,3.77,6.5,8,4.0,A+,Low Risk
ID03813,Male,18,Psychology,87.4,8.0,3.7,6.2,9,4.0,A+,Low Risk
ID03814,Female,20,Mathematics,100.0,3.2,3.68,6.1,6,4.0,A+,Low Risk
ID03815,Male,22,Mathematics,100.0,11.3,3.06,5.3,10,3.58,A,Low Risk
ID03816,Female,20,Computer Science,94.8,6.6,3.05,5.1,9,3.56,A,Low Risk
ID03817,Male,23,Psychology,92.1,1.7,2.49,8.0,9,2.73,B,Medium Risk
ID03818,Female,23,Psychology,94.2,1.1,3.97,6.5,4,4.0,A+,Medium Risk
ID03819,Female,21,Psychology,79.0,6.2,2.86,7.3,4,3.06,B+,Low Risk
ID03820,Male,19,Psychology,84.2,3.6,3.27,5.7,11,3.64,A,Low Risk
ID03821,Male,22,Mathematics,71.5,1.6,3.23,7.9,9,3.12,B+,Medium Risk
ID03822,Male,22,Business,80.0,3.5,2.43,5.9,7,2.85,B,Medium Risk
ID03823,Female,20,Psychology,79.5,7.3,2.23,5.0,7,2.23,C,Medium Risk
ID03824,Male,21,Business,75.5,2.5,3.1,9.4,10,3.04,B+,Low Risk
ID03825,Male,20,Psychology,87.1,2.5,2.87,7.3,16,2.97,B,Medium Risk
ID03826,Male,20,Engineering,80.1,3.4,3.06,6.5,9,3.41,A,Low Risk
ID03827,Male,22,Economics,92.5,3.7,3.63,6.7,10,3.88,A+,Low Risk
ID03828,Male,20,Engineering,60.7,3.0,3.21,6.5,10,3.23,B+,Low Risk
ID03829,Female,19,Economics,83.3,5.6,3.48,7.7,16,3.61,A,Low Risk
ID03830,Male,20,Engineering,87.0,5.9,3.32,4.7,8,3.54,A,Low Risk
ID03831,Male,19,Psychology,80.3,3.7,2.94,4.3,3,3.28,B+,Low Risk
ID03832,Female,22,Business,82.4,2.4,2.6,7.2,3,2.78,B,Medium Risk
ID03833,Female,21,Economics,61.2,2.8,3.23,4.4,7,3.25,B+,Medium Risk
ID03834,Male,23,Mathematics,90.3,8.4,3.14,4.1,11,3.5,A,Low Risk
ID03835,Male,19,Computer Science,94.7,11.2,3.56,8.4,15,4.0,A+,Low Risk
ID03836,Male,21,Economics,92.4,1.4,3.02,7.3,9,3.32,A,Medium Risk
ID03837,Female,21,Economics,100.0,1.7,2.95,7.3,8,3.38,A,Medium Risk
ID03838,Male,19,Mathematics,88.0,2.7,2.99,5.3,7,3.08,B+,Medium Risk
ID03839,Female,22,Psychology,92.2,8.5,2.64,9.1,7,3.17,B+,Low Risk
ID03840,Female,18,Engineering,87.3,3.0,3.82,8.5,7,3.88,A+,Low Risk
ID03841,Male,21,Engineering,95.3,5.6,3.67,5.0,11,4.0,A+,Low Risk
ID03842,Male,21,Business,61.3,3.5,2.49,6.8,10,2.66,C+,Medium Risk
ID03843,Male,22,Psychology,71.6,2.8,3.5,6.4,5,3.65,A,Medium Risk
ID03844,Male,22,Mathematics,100.0,3.3,2.18,6.9,7,2.67,C+,Medium Risk
ID03845,Male,20,Psychology,48.1,1.6,3.59,8.6,8,3.06,B+,Medium Risk
ID03846,Female,22,Psychology,82.9,6.0,2.75,6.4,9,3.27,B+,Low Risk
ID03847,Female,21,Engineering,100.0,2.4,3.28,8.5,8,3.38,A,Low Risk
ID03848,Female,19,Mathematics,83.6,2.6,2.14,4.4,6,2.44,C+,Medium Risk
ID03849,Female,18,Computer Science,78.9,2.2,2.5,6.1,12,2.43,C+,Medium Risk
ID03850,Male,24,Economics,86.9,9.2,3.33,6.4,7,3.96,A+,Low Risk
ID03851,Male,20,Engineering,79.7,2.9,2.75,6.2,8,2.6,C+,Medium Risk
ID03852,Male,24,Mathematics,85.5,4.4,2.68,7.0,8,3.19,B+,Low Risk
ID03853,Female,19,Business,74.7,0.7,3.8,7.2,5,3.68,A,Medium Risk
ID03854,Female,18,Economics,100.0,0.4,4.0,7.3,6,4.0,A+,Medium Risk
ID03855,Female,18,Economics,100.0,1.7,3.57,8.3,11,3.77,A+,Low Risk
ID03856,Male,18,Engineering,83.0,6.9,2.55,8.1,8,2.85,B,Low Risk
ID03857,Male,23,Business,64.2,4.3,3.98,4.7,3,4.0,A+,Low Risk
ID03858,Female,19,Engineering,77.1,9.8,2.32,7.2,7,2.79,B,Medium Risk
ID03859,Male,20,Psychology,82.2,7.6,2.95,6.1,8,3.49,A,Low Risk
ID03860,Female,20,Mathematics,92.6,2.2,3.13,8.2,7,3.45,A,Low Risk
ID03861,Female,18,Business,69.9,3.5,4.0,8.9,5,3.79,A+,Low Risk
ID03862,Female,19,Economics,73.5,8.3,3.56,8.3,11,3.69,A,Low Risk
ID03863,Male,23,Engineering,92.7,3.2,2.87,9.9,10,2.9,B,Low Risk
ID03864,Male,18,Economics,99.1,5.8,2.63,8.1,6,2.93,B,Low Risk
ID03865,Male,22,Business,75.7,1.5,3.6,8.5,8,3.62,A,Low Risk
ID03866,Male,24,Economics,65.0,4.8,2.83,5.8,8,2.81,B,Medium Risk
ID03867,Male,20,Engineering,100.0,3.8,3.21,7.0,4,3.52,A,Low Risk
ID03868,Female,24,Engineering,96.7,2.2,2.42,8.0,3,2.76,B,Medium Risk
ID03869,Female,21,Computer Science,81.0,3.5,3.38,7.4,6,3.52,A,Low Risk
ID03870,Male,18,Economics,98.0,4.7,3.34,5.6,2,3.57,A,Low Risk
ID03871,Male,22,Computer Science,83.1,6.8,2.48,5.6,6,2.88,B,Medium Risk
ID03872,Male,20,Computer Science,98.0,9.4,3.62,4.3,10,4.0,A+,Low Risk
ID03873,Male,24,Economics,87.4,6.3,3.38,7.6,9,3.9,A+,Low Risk
ID03874,Female,23,Business,86.4,7.8,3.47,5.5,8,3.77,A+,Low Risk
ID03875,Male,19,Psychology,83.3,2.0,2.91,8.0,6,3.12,B+,Medium Risk
ID03876,Male,20,Engineering,63.3,1.8,3.19,8.1,8,3.08,B+,Medium Risk
ID03877,Male,24,Mathematics,100.0,5.4,3.13,7.3,9,3.47,A,Low Risk
ID03878,Female,19,Computer Science,70.9,1.5,3.03,7.6,10,3.0,B+,Medium Risk
ID03879,Female,24,Business,64.6,3.3,3.19,8.5,3,3.29,B+,Low Risk
ID03880,Male,19,Economics,81.8,6.2,3.73,8.7,10,4.0,A+,Low Risk
ID03881,Male,23,Business,70.6,8.6,3.64,4.0,7,3.91,A+,Low Risk
ID03882,Female,23,Business,84.2,4.8,2.51,8.1,5,2.67,C+,Low Risk
ID03883,Female,18,Economics,95.3,1.9,3.59,7.7,4,3.95,A+,Low Risk
ID03884,Male,18,Mathematics,99.9,3.9,3.7,7.4,9,4.0,A+,Low Risk
ID03885,Female,20,Economics,97.2,4.2,3.02,7.7,4,3.56,A,Low Risk
ID03886,Female,23,Mathematics,80.4,2.4,3.35,6.5,8,3.66,A,Low Risk
ID03887,Female,22,Economics,85.7,1.2,3.35,4.0,7,3.35,A,Medium Risk
ID03888,Female,24,Computer Science,91.1,6.3,2.68,6.1,8,3.07,B+,Low Risk
ID03889,Female,24,Mathematics,58.6,3.4,2.91,4.3,6,2.46,C+,High Risk
ID03890,Male,24,Computer Science,93.6,5.8,3.48,4.5,6,3.73,A+,Low Risk
ID03891,Female,20,Mathematics,63.1,4.6,2.85,8.6,5,2.94,B,Medium Risk
ID03892,Male,24,Mathematics,100.0,3.4,3.59,6.2,9,3.84,A+,Low Risk
ID03893,Female,21,Economics,78.9,3.1,3.75,7.4,10,3.63,A,Low Risk
ID03894,Male,19,Mathematics,82.2,3.7,3.67,7.0,11,4.0,A+,Low Risk
ID03895,Female,24,Computer Science,73.5,5.4,4.0,9.0,6,4.0,A+,Low Risk
ID03896,Female,19,Economics,75.6,0.6,3.05,7.1,6,2.74,B,Medium Risk
ID03897,Male,18,Engineering,100.0,5.3,3.19,6.1,5,3.52,A,Low Risk
ID03898,Female,24,Computer Science,99.1,5.1,3.26,9.2,6,3.38,A,Low Risk
ID03899,Male,22,Engineering,61.8,6.3,3.07,6.3,11,3.34,A,Low Risk
ID03900,Female,23,Business,100.0,8.8,3.37,7.6,7,4.0,A+,Low Risk
ID03901,Male,23,Economics,100.0,2.5,2.24,7.7,6,2.52,C+,Medium Risk
ID03902,Male,18,Business,80.8,1.4,3.2,5.1,9,3.34,A,Medium Risk
ID03903,Female,21,Economics,89.6,4.4,2.41,8.4,12,2.82,B,Medium Risk
ID03904,Male,20,Economics,84.8,4.2,2.62,9.0,6,2.69,C+,Low Risk
ID03905,Female,20,Computer Science,100.0,3.1,3.47,5.3,16,3.24,B+,Low Risk
ID03906,Male,22,Engineering,73.1,5.1,3.0,7.0,3,3.17,B+,Low Risk
ID03907,Male,18,Economics,87.2,2.6,3.45,9.0,6,3.73,A+,Low Risk
ID03908,Male,18,Engineering,78.6,3.4,2.99,4.6,9,2.96,B,Low Risk
ID03909,Female,21,Economics,63.5,5.3,3.65,7.9,6,3.94,A+,Low Risk
ID03910,Male,24,Engineering,100.0,3.2,2.98,5.1,5,3.15,B+,Low Risk
ID03911,Male,20,Business,67.3,4.2,2.12,6.5,7,2.2,C,Medium Risk
ID03912,Male,24,Computer Science,88.3,3.2,3.21,6.7,8,3.7,A+,Low Risk
ID03913,Male,18,Economics,58.9,1.9,2.02,5.2,4,1.72,D,High Risk
ID03914,Female,24,Psychology,79.0,6.2,2.37,5.6,7,2.24,C,Medium Risk
ID03915,Female,23,Engineering,91.3,5.9,2.66,6.9,6,3.05,B+,Low Risk
ID03916,Male,22,Engineering,72.6,5.8,2.6,9.1,10,2.74,B,Medium Risk
ID03917,Female,20,Psychology,93.8,3.6,2.83,7.7,8,2.96,B,Low Risk
ID03918,Male,21,Computer Science,81.0,6.5,2.58,4.5,4,3.1,B+,Low Risk
ID03919,Female,22,Engineering,100.0,6.6,2.4,7.7,9,2.88,B,Medium Risk
ID03920,Female,19,Computer Science,100.0,8.2,3.87,7.1,9,4.0,A+,Low Risk
ID03921,Female,23,Engineering,76.2,3.6,2.76,6.1,6,2.77,B,Low Risk
ID03922,Male,21,Mathematics,86.2,4.4,1.98,6.3,7,2.35,C+,Medium Risk
ID03923,Female,22,Engineering,87.8,1.9,2.92,7.7,6,3.11,B+,Medium Risk
ID03924,Male,18,Mathematics,94.3,8.8,2.54,4.6,6,3.01,B+,Low Risk
ID03925,Female,19,Economics,85.2,3.2,2.66,6.0,7,3.13,B+,Low Risk
ID03926,Male,21,Computer Science,87.9,1.6,3.46,5.3,6,3.52,A,Low Risk
ID03927,Female,18,Engineering,81.3,8.3,2.88,5.8,13,3.53,A,Low Risk
ID03928,Female,23,Business,86.7,3.5,2.52,7.5,15,2.92,B,Low Risk
ID03929,Female,19,Business,100.0,10.7,3.32,7.1,9,4.0,A+,Low Risk
ID03930,Male,20,Psychology,94.7,4.0,3.67,8.0,15,3.9,A+,Low Risk
ID03931,Female,18,Business,95.5,2.4,3.37,4.0,11,3.54,A,Low Risk
ID03932,Male,22,Mathematics,95.8,6.3,1.87,6.6,7,2.36,C+,Medium Risk
ID03933,Female,24,Business,82.7,3.4,2.54,6.8,5,2.69,C+,Low Risk
ID03934,Male,21,Business,89.8,5.7,3.12,4.5,10,3.45,A,Low Risk
ID03935,Male,19,Business,68.7,2.5,2.98,6.0,8,3.1,B+,Medium Risk
ID03936,Male,18,Engineering,100.0,5.3,2.94,7.0,12,3.18,B+,Low Risk
ID03937,Male,20,Psychology,43.3,3.1,2.61,7.5,4,2.37,C+,High Risk
ID03938,Male,24,Computer Science,83.7,6.1,2.4,7.5,9,3.05,B+,Medium Risk
ID03939,Male,21,Psychology,100.0,3.7,4.0,4.0,11,4.0,A+,Low Risk
ID03940,Male,21,Mathematics,64.5,4.4,3.11,6.1,3,3.1,B+,Low Risk
ID03941,Female,18,Engineering,91.0,3.4,3.42,4.7,8,3.67,A,Low Risk
ID03942,Female,20,Economics,74.8,3.8,3.1,7.0,8,3.16,B+,Low Risk
ID03943,Male,23,Engineering,79.5,6.0,3.12,6.4,12,3.11,B+,Low Risk
ID03944,Male,24,Business,99.2,1.9,3.07,6.1,11,3.2,B+,Low Risk
ID03945,Male,23,Business,88.0,4.7,2.54,10.0,5,2.89,B,Low Risk
ID03946,Male,19,Mathematics,54.5,13.9,2.34,5.4,6,2.52,C+,High Risk
ID03947,Female,18,Economics,70.4,7.7,3.29,7.0,9,3.46,A,Low Risk
ID03948,Female,24,Engineering,99.6,3.6,3.19,7.7,6,3.71,A+,Low Risk
ID03949,Male,19,Economics,91.7,4.2,3.57,7.5,13,3.99,A+,Low Risk
ID03950,Male,23,Computer Science,100.0,2.9,3.47,7.9,8,3.66,A,Low Risk
ID03951,Male,24,Psychology,100.0,5.5,2.7,7.5,11,3.11,B+,Low Risk
ID03952,Female,21,Engineering,79.9,1.6,3.67,6.5,5,3.68,A,Low Risk
ID03953,Female,19,Economics,100.0,3.1,3.48,7.0,8,3.85,A+,Low Risk
ID03954,Male,20,Computer Science,85.4,2.4,3.45,6.0,3,3.62,A,Low Risk
ID03955,Male,22,Computer Science,70.6,3.0,4.0,5.9,11,3.96,A+,Low Risk
ID03956,Female,23,Psychology,75.5,4.5,4.0,5.0,6,3.91,A+,Low Risk
ID03957,Female,23,Computer Science,51.1,0.6,3.44,8.2,12,2.9,B,High Risk
ID03958,Male,20,Mathematics,100.0,3.3,3.38,8.7,5,3.66,A,Low Risk
ID03959,Male,24,Computer Science,100.0,2.9,3.64,6.1,8,3.97,A+,Low Risk
ID03960,Male,24,Economics,69.8,6.8,2.81,6.9,5,3.09,B+,Medium Risk
ID03961,Female,24,Mathematics,81.6,2.1,2.82,9.4,10,2.93,B,Medium Risk
ID03962,Male,19,Computer Science,86.4,4.6,3.44,8.7,9,3.82,A+,Low Risk
ID03963,Male,18,Business,70.6,3.6,2.67,8.3,8,2.41,C+,Medium Risk
ID03964,Female,21,Computer Science,58.7,7.1,3.4,7.4,13,3.18,B+,Medium Risk
ID03965,Male,22,Mathematics,81.8,6.5,3.18,6.1,12,3.84,A+,Low Risk
ID03966,Female,18,Computer Science,80.2,9.7,2.67,6.2,12,3.14,B+,Low Risk
ID03967,Male,18,Computer Science,79.2,7.2,3.11,7.4,6,3.38,A,Low Risk
ID03968,Male,20,Computer Science,88.3,4.8,3.75,7.7,10,4.0,A+,Low Risk
ID03969,Female,19,Mathematics,100.0,6.3,3.14,5.5,8,3.65,A,Low Risk
ID03970,Male,23,Computer Science,80.5,3.4,3.14,8.9,9,3.53,A,Low Risk
ID03971,Female,23,Psychology,87.6,4.3,3.26,9.1,5,3.72,A+,Low Risk
ID03972,Male,20,Economics,95.9,4.4,3.33,8.2,5,3.54,A,Low Risk
ID03973,Male,19,Psychology,93.3,2.2,2.93,9.3,4,3.02,B+,Medium Risk
ID03974,Female,20,Mathematics,75.8,7.0,3.28,8.0,6,3.33,A,Low Risk
ID03975,Male,23,Business,86.4,8.5,2.58,7.4,7,3.04,B+,Low Risk
ID03976,Female,18,Psychology,93.2,3.6,2.7,7.1,6,3.09,B+,Low Risk
ID03977,Male,21,Economics,68.1,3.8,2.76,6.5,14,2.73,B,Medium Risk
ID03978,Male,24,Engineering,100.0,2.6,3.33,7.0,7,3.55,A,Low Risk
ID03979,Male,19,Economics,100.0,1.8,3.18,5.4,7,3.38,A,Low Risk
ID03980,Male,22,Psychology,74.2,5.9,3.03,6.9,8,3.02,B+,Low Risk
ID03981,Female,22,Engineering,87.9,1.9,3.45,5.2,10,3.42,A,Low Risk
ID03982,Female,18,Mathematics,94.6,1.8,3.29,5.8,13,3.55,A,Low Risk
ID03983,Male,20,Economics,76.8,5.7,2.96,8.8,6,3.11,B+,Low Risk
ID03984,Male,20,Business,92.2,4.4,2.58,8.8,11,2.8,B,Low Risk
ID03985,Female,23,Engineering,87.4,5.9,2.69,5.7,7,3.07,B+,Low Risk
ID03986,Female,18,Engineering,63.0,2.4,2.37,8.3,6,2.14,C,High Risk
ID03987,Male,23,Economics,91.9,10.3,3.17,6.1,10,3.78,A+,Low Risk
ID03988,Male,23,Psychology,68.5,2.2,2.67,6.0,6,2.44,C+,Medium Risk
ID03989,Male,22,Engineering,99.1,2.9,2.85,9.1,5,2.95,B,Medium Risk
ID03990,Female,23,Mathematics,74.9,2.5,3.04,5.4,9,2.72,B,Medium Risk
ID03991,Male,24,Economics,82.6,10.2,3.62,4.3,9,4.0,A+,Low Risk
ID03992,Male,23,Mathematics,100.0,3.1,3.56,6.0,8,3.87,A+,Low Risk
ID03993,Female,22,Economics,92.4,2.0,3.07,6.1,12,3.32,A,Low Risk
ID03994,Male,24,Mathematics,68.8,13.4,3.73,6.4,8,4.0,A+,Low Risk
ID03995,Male,20,Psychology,69.8,9.3,2.09,4.4,14,2.19,C,Medium Risk
ID03996,Male,19,Economics,76.0,7.8,4.0,7.5,11,4.0,A+,Low Risk
ID03997,Male,21,Business,90.9,9.0,3.45,9.8,10,4.0,A+,Low Risk
ID03998,Male,23,Psychology,90.4,2.1,3.15,7.5,4,3.6,A,Low Risk
ID03999,Male,24,Mathematics,72.4,9.7,2.65,6.7,6,2.91,B,Medium Risk
ID04000,Male,19,Economics,67.5,3.5,2.88,8.0,10,3.09,B+,Medium Risk
ID04001,Female,22,Psychology,89.2,4.9,3.4,7.1,7,3.77,A+,Low Risk
ID04002,Female,19,Mathematics,82.3,3.9,3.42,7.1,11,3.81,A+,Low Risk
ID04003,Female,21,Computer Science,100.0,8.4,3.43,6.9,11,4.0,A+,Low Risk
ID04004,Male,19,Computer Science,85.5,0.6,2.74,7.3,9,2.86,B,Medium Risk
ID04005,Male,24,Engineering,100.0,1.9,2.64,6.4,6,2.77,B,Medium Risk
ID04006,Male,19,Business,67.4,9.0,3.2,4.6,6,3.31,A,Low Risk
ID04007,Male,19,Computer Science,61.4,2.6,3.48,9.8,8,3.5,A,Medium Risk
ID04008,Male,19,Mathematics,68.2,8.2,3.1,7.8,6,3.53,A,Low Risk
ID04009,Female,18,Psychology,100.0,2.5,3.84,5.9,9,3.87,A+,Low Risk
ID04010,Male,23,Economics,100.0,3.4,3.12,7.5,7,3.52,A,Low Risk
ID04011,Male,22,Psychology,73.3,10.8,3.1,5.3,4,3.2,B+,Low Risk
ID04012,Male,21,Engineering,78.1,6.3,3.44,7.6,8,3.75,A+,Low Risk
ID04013,Female,22,Psychology,67.5,4.5,3.71,8.1,5,3.83,A+,Low Risk
ID04014,Male,18,Computer Science,57.8,5.4,2.43,8.5,7,2.26,C,High Risk
ID04015,Female,18,Psychology,95.8,7.3,2.54,7.9,12,3.18,B+,Low Risk
ID04016,Male,24,Computer Science,88.3,4.3,2.94,6.7,5,3.35,A,Low Risk
ID04017,Female,18,Computer Science,85.2,5.7,4.0,8.5,11,4.0,A+,Low Risk
ID04018,Female,23,Business,64.0,13.5,2.97,6.2,15,3.66,A,Medium Risk
ID04019,Male,18,Engineering,100.0,2.0,3.04,7.4,9,3.15,B+,Low Risk
ID04020,Male,19,Mathematics,77.4,4.4,3.41,5.9,7,3.27,B+,Low Risk
ID04021,Male,22,Computer Science,93.0,2.9,3.59,7.3,6,3.86,A+,Low Risk
ID04022,Male,20,Economics,63.2,2.2,3.18,9.2,14,3.04,B+,Medium Risk
ID04023,Female,21,Engineering,82.1,4.4,3.68,8.2,10,3.79,A+,Low Risk
ID04024,Female,18,Mathematics,89.4,2.3,2.5,8.4,10,2.77,B,Medium Risk
ID04025,Female,22,Economics,89.9,2.1,2.72,8.7,6,2.73,B,Medium Risk
ID04026,Female,24,Psychology,87.3,3.8,3.68,6.9,6,4.0,A+,Low Risk
ID04027,Male,18,Engineering,92.4,5.6,3.11,5.7,5,3.42,A,Low Risk
ID04028,Male,23,Economics,68.0,5.3,2.47,4.2,7,2.61,C+,Medium Risk
ID04029,Female,18,Engineering,88.0,3.8,2.44,5.4,12,2.6,C+,Medium Risk
ID04030,Male,18,Engineering,86.7,1.6,2.69,7.2,10,3.05,B+,Medium Risk
ID04031,Female,18,Psychology,88.5,1.5,3.1,4.0,3,3.13,B+,Low Risk
ID04032,Male,24,Psychology,86.1,5.0,3.33,7.3,6,3.76,A+,Low Risk
ID04033,Male,18,Engineering,65.9,2.7,2.94,7.7,14,2.92,B,Medium Risk
ID04034,Female,21,Economics,65.2,4.6,3.29,4.7,8,3.21,B+,Low Risk
ID04035,Male,22,Business,51.8,4.2,2.88,8.3,3,2.34,C+,High Risk
ID04036,Female,23,Computer Science,97.3,1.0,3.71,6.4,10,3.87,A+,Medium Risk
ID04037,Female,18,Psychology,97.4,9.1,4.0,4.5,10,4.0,A+,Low Risk
ID04038,Female,18,Business,97.7,1.5,2.9,4.5,4,2.92,B,Medium Risk
ID04039,Female,18,Psychology,89.6,3.5,3.34,6.9,5,3.74,A+,Low Risk
ID04040,Female,18,Engineering,53.0,1.7,3.3,7.1,9,2.96,B,Medium Risk
ID04041,Female,19,Business,69.6,2.6,3.17,7.0,11,3.16,B+,Medium Risk
ID04042,Male,19,Economics,87.6,2.8,3.43,8.6,9,3.65,A,Low Risk
ID04043,Male,20,Economics,87.0,3.0,3.34,7.1,8,3.49,A,Low Risk
ID04044,Female,18,Mathematics,81.7,3.5,2.86,6.1,9,3.05,B+,Low Risk
ID04045,Male,20,Computer Science,90.5,10.2,3.76,6.5,11,4.0,A+,Low Risk
ID04046,Male,21,Computer Science,85.2,2.2,3.2,8.6,8,3.32,A,Low Risk
ID04047,Male,20,Psychology,86.8,5.7,2.91,5.3,11,3.23,B+,Low Risk
ID04048,Female,22,Computer Science,75.4,7.7,4.0,7.2,9,4.0,A+,Low Risk
ID04049,Female,19,Mathematics,99.7,5.4,3.04,7.3,4,3.33,A,Low Risk
ID04050,Male,19,Economics,78.5,8.6,3.23,8.5,5,3.57,A,Low Risk
ID04051,Female,18,Business,65.0,5.4,3.19,7.2,10,3.45,A,Low Risk
ID04052,Female,18,Business,73.4,5.3,3.04,5.6,10,3.22,B+,Low Risk
ID04053,Female,21,Economics,79.8,7.9,3.32,7.3,9,3.62,A,Low Risk
ID04054,Female,23,Engineering,99.9,4.9,2.68,8.1,12,3.12,B+,Low Risk
ID04055,Female,21,Economics,84.4,7.8,3.4,7.2,9,4.0,A+,Low Risk
ID04056,Male,22,Business,82.2,4.8,2.22,8.6,8,2.5,C+,Medium Risk
ID04057,Female,18,Psychology,66.3,7.7,2.45,5.0,9,2.73,B,Medium Risk
ID04058,Male,18,Mathematics,96.8,9.6,4.0,6.8,8,4.0,A+,Low Risk
ID04059,Female,21,Economics,75.2,3.2,2.47,7.0,9,2.4,C+,Medium Risk
ID04060,Female,21,Engineering,83.5,2.9,2.12,8.2,12,2.29,C,Medium Risk
ID04061,Male,21,Psychology,100.0,8.6,2.48,8.3,6,2.99,B,Medium Risk
ID04062,Male,19,Economics,92.6,7.6,3.97,7.0,9,4.0,A+,Low Risk
ID04063,Female,20,Psychology,60.6,1.1,2.2,6.5,6,2.03,C,High Risk
ID04064,Male,20,Economics,58.5,4.6,2.62,7.3,7,2.35,C+,High Risk
ID04065,Female,18,Psychology,84.0,10.8,2.37,5.3,7,2.93,B,Medium Risk
ID04066,Male,19,Computer Science,66.8,1.9,2.96,6.3,4,2.81,B,Medium Risk
ID04067,Male,21,Psychology,94.7,1.7,2.88,7.9,12,3.1,B+,Medium Risk
ID04068,Female,18,Computer Science,85.6,2.6,2.86,7.5,6,3.25,B+,Medium Risk
ID04069,Female,19,Business,87.5,3.1,4.0,6.0,5,4.0,A+,Low Risk
ID04070,Female,22,Computer Science,74.4,1.3,2.5,5.8,9,2.27,C,High Risk
ID04071,Male,23,Psychology,100.0,1.9,3.05,5.8,7,3.06,B+,Low Risk
ID04072,Female,19,Mathematics,100.0,1.2,3.27,5.9,8,3.51,A,Medium Risk
ID04073,Female,24,Mathematics,80.8,4.5,2.61,7.2,8,2.99,B,Low Risk
ID04074,Female,18,Business,90.3,4.5,3.34,8.8,10,3.8,A+,Low Risk
ID04075,Female,20,Psychology,86.5,8.7,2.9,9.0,9,3.29,B+,Low Risk
ID04076,Female,24,Computer Science,81.1,4.7,3.29,5.6,4,3.45,A,Low Risk
ID04077,Male,21,Mathematics,72.5,5.6,3.05,7.5,10,2.98,B,Low Risk
ID04078,Male,23,Economics,68.7,6.0,2.07,7.4,12,2.05,C,Medium Risk
ID04079,Female,22,Engineering,68.0,2.1,3.75,7.3,4,3.66,A,Medium Risk
ID04080,Male,23,Psychology,91.1,2.0,4.0,5.5,11,4.0,A+,Low Risk
ID04081,Female,23,Economics,77.2,1.8,3.01,5.9,8,2.67,C+,Low Risk
ID04082,Male,19,Economics,46.3,3.0,2.65,7.5,12,2.24,C,High Risk
ID04083,Female,18,Psychology,91.7,2.9,3.85,6.4,5,4.0,A+,Low Risk
ID04084,Female,18,Engineering,84.4,4.2,4.0,7.1,8,4.0,A+,Low Risk
ID04085,Male,23,Mathematics,100.0,6.3,3.02,5.5,8,3.24,B+,Low Risk
ID04086,Male,21,Engineering,90.6,5.6,2.99,6.3,10,3.59,A,Low Risk
ID04087,Male,18,Business,62.8,2.9,3.06,5.0,7,2.82,B,Medium Risk
ID04088,Female,23,Computer Science,51.6,2.6,2.26,7.4,7,1.78,D,High Risk
ID04089,Female,18,Computer Science,74.2,2.8,2.95,6.5,6,2.81,B,Medium Risk
ID04090,Male,21,Economics,75.6,3.0,3.96,7.4,10,3.82,A+,Low Risk
ID04091,Female,22,Mathematics,99.1,1.4,3.02,6.5,12,3.29,B+,Medium Risk
ID04092,Male,24,Engineering,84.9,4.8,2.58,7.4,8,2.83,B,Low Risk
ID04093,Male,23,Economics,100.0,10.8,3.35,9.7,10,3.99,A+,Low Risk
ID04094,Female,20,Psychology,65.1,4.0,2.77,6.2,6,2.73,B,Medium Risk
ID04095,Male,20,Economics,99.5,4.2,3.07,7.7,9,3.33,A,Low Risk
ID04096,Male,23,Psychology,95.8,5.2,2.47,6.0,13,3.04,B+,Medium Risk
ID04097,Male,19,Psychology,54.7,1.9,2.58,6.8,8,2.11,C,High Risk
ID04098,Male,22,Business,100.0,2.6,3.47,7.7,7,3.9,A+,Low Risk
ID04099,Male,19,Business,86.4,2.8,3.16,7.4,8,3.37,A,Low Risk
ID04100,Male,24,Psychology,90.9,1.8,2.71,8.0,10,3.15,B+,Medium Risk
ID04101,Female,20,Mathematics,72.0,9.5,3.16,8.4,6,3.58,A,Low Risk
ID04102,Male,21,Business,100.0,6.2,2.8,8.0,9,3.39,A,Low Risk
ID04103,Male,23,Business,67.2,6.4,2.71,8.4,4,2.93,B,Medium Risk
ID04104,Male,24,Computer Science,97.5,3.2,3.68,7.3,7,4.0,A+,Low Risk
ID04105,Male,18,Economics,97.3,4.4,3.49,5.9,8,3.81,A+,Low Risk
ID04106,Female,20,Computer Science,70.4,3.1,3.09,8.2,10,3.12,B+,Low Risk
ID04107,Female,22,Mathematics,100.0,3.5,3.17,6.4,8,3.55,A,Low Risk
ID04108,Male,20,Business,88.5,4.2,3.1,8.0,6,3.6,A,Low Risk
ID04109,Female,22,Business,94.8,3.6,3.34,5.1,11,3.74,A+,Low Risk
ID04110,Female,22,Engineering,62.1,4.1,2.7,6.5,9,2.86,B,Medium Risk
ID04111,Female,23,Mathematics,100.0,1.3,3.53,6.0,9,3.93,A+,Medium Risk
ID04112,Male,22,Economics,66.6,1.9,3.28,7.6,8,3.2,B+,Medium Risk
ID04113,Male,19,Economics,100.0,3.0,2.97,6.1,7,3.44,A,Low Risk
ID04114,Male,24,Economics,70.1,3.4,2.86,7.0,3,2.77,B,Medium Risk
ID04115,Female,21,Mathematics,75.7,3.4,3.52,6.8,6,3.35,A,Low Risk
ID04116,Male,20,Engineering,96.8,5.5,3.02,8.5,5,3.2,B+,Low Risk
ID04117,Female,21,Engineering,100.0,4.6,2.75,7.7,7,2.99,B,Low Risk
ID04118,Male,24,Computer Science,65.9,5.1,2.91,7.4,10,3.14,B+,Medium Risk
ID04119,Male,18,Mathematics,100.0,2.8,3.48,7.0,8,3.73,A+,Low Risk
ID04120,Female,24,Mathematics,100.0,2.1,2.29,5.8,12,2.34,C+,Medium Risk
ID04121,Male,20,Engineering,70.9,3.6,2.92,5.7,6,2.97,B,Medium Risk
ID04122,Male,21,Psychology,100.0,5.9,3.64,7.4,1,3.97,A+,Low Risk
ID04123,Female,21,Psychology,63.1,9.3,3.02,4.9,10,3.07,B+,Low Risk
ID04124,Female,23,Computer Science,75.6,2.8,3.24,6.9,9,3.22,B+,Low Risk
ID04125,Female,23,Psychology,92.2,9.3,3.64,7.2,5,4.0,A+,Low Risk
ID04126,Female,24,Psychology,72.2,2.0,3.55,4.9,10,3.31,A,Medium Risk
ID04127,Female,24,Psychology,89.0,1.4,2.88,6.9,4,3.18,B+,Medium Risk
ID04128,Female,18,Business,88.6,3.3,3.03,7.0,8,3.29,B+,Low Risk
ID04129,Male,22,Computer Science,82.2,2.1,3.55,10.0,16,3.24,B+,Low Risk
ID04130,Male,20,Engineering,97.5,2.5,3.57,7.0,8,3.81,A+,Low Risk
ID04131,Male,23,Psychology,81.6,6.7,3.06,8.3,13,3.45,A,Low Risk
ID04132,Male,20,Economics,88.5,6.4,3.07,7.7,7,3.44,A,Low Risk
ID04133,Female,18,Business,100.0,4.6,3.23,7.4,15,3.48,A,Low Risk
ID04134,Female,23,Psychology,96.9,4.4,3.78,8.2,5,4.0,A+,Low Risk
ID04135,Female,23,Business,96.8,2.5,3.63,4.8,7,3.63,A,Low Risk
ID04136,Male,22,Computer Science,67.8,3.6,3.45,6.9,5,3.66,A,Low Risk
ID04137,Female,20,Economics,92.9,3.2,2.56,7.4,9,2.67,C+,Low Risk
ID04138,Male,20,Economics,71.8,1.6,2.96,5.6,7,2.85,B,Medium Risk
ID04139,Female,20,Economics,65.8,10.2,2.99,6.9,5,3.2,B+,Medium Risk
ID04140,Female,22,Psychology,83.9,3.3,3.81,7.1,8,4.0,A+,Low Risk
ID04141,Male,23,Business,71.4,2.0,2.98,6.7,10,2.8,B,Medium Risk
ID04142,Male,18,Economics,96.9,1.5,3.73,5.7,7,3.67,A,Low Risk
ID04143,Male,20,Mathematics,97.2,5.2,2.81,5.9,5,3.26,B+,Low Risk
ID04144,Female,21,Mathematics,56.5,9.8,2.85,6.5,2,2.86,B,Medium Risk
ID04145,Female,22,Business,72.6,11.5,3.34,7.6,10,3.68,A,Low Risk
ID04146,Female,19,Psychology,63.1,3.7,3.88,7.1,6,4.0,A+,Low Risk
ID04147,Male,18,Psychology,78.1,3.3,2.99,7.3,8,2.84,B,Low Risk
ID04148,Male,21,Computer Science,91.8,4.2,1.82,6.7,13,2.12,C,Medium Risk
ID04149,Female,20,Computer Science,81.4,4.1,2.32,5.7,8,2.45,C+,Medium Risk
ID04150,Female,19,Economics,76.2,1.0,3.25,6.5,8,3.35,A,Medium Risk
ID04151,Male,18,Engineering,100.0,3.0,2.36,5.8,7,2.58,C+,Medium Risk
ID04152,Male,22,Computer Science,50.4,4.8,2.67,4.0,7,2.48,C+,High Risk
ID04153,Female,19,Psychology,100.0,5.4,3.11,7.0,8,3.4,A,Low Risk
ID04154,Male,23,Engineering,76.8,5.6,1.88,6.6,10,1.93,D,High Risk
ID04155,Male,24,Computer Science,83.8,4.1,2.91,8.9,10,3.21,B+,Low Risk
ID04156,Male,19,Business,77.1,1.9,2.52,8.0,8,2.34,C+,Medium Risk
ID04157,Male,24,Mathematics,100.0,3.7,2.35,7.7,4,2.69,C+,Medium Risk
ID04158,Female,21,Computer Science,66.5,7.9,2.7,5.5,7,3.02,B+,Medium Risk
ID04159,Female,18,Computer Science,85.2,5.0,2.57,8.5,6,3.04,B+,Low Risk
ID04160,Female,21,Business,92.9,3.4,3.33,7.2,10,3.59,A,Low Risk
ID04161,Male,21,Psychology,60.8,12.1,3.7,6.5,9,4.0,A+,Low Risk
ID04162,Male,20,Economics,71.2,4.2,2.92,5.8,6,2.76,B,Medium Risk
ID04163,Male,22,Business,82.8,3.6,2.8,6.0,6,3.32,A,Low Risk
ID04164,Male,19,Economics,71.7,5.9,2.89,6.6,2,3.04,B+,Medium Risk
ID04165,Female,18,Computer Science,72.8,1.8,2.55,5.5,8,2.27,C,Medium Risk
ID04166,Male,23,Psychology,79.8,3.3,2.46,7.1,6,2.61,C+,Medium Risk
ID04167,Male,22,Engineering,94.7,3.7,2.28,6.8,12,2.58,C+,Medium Risk
ID04168,Male,22,Computer Science,79.9,1.3,2.44,8.0,6,2.41,C+,High Risk
ID04169,Male,18,Business,100.0,4.5,3.92,6.8,7,4.0,A+,Low Risk
ID04170,Male,22,Engineering,70.0,5.4,2.75,4.3,6,2.69,C+,Medium Risk
ID04171,Male,20,Mathematics,66.2,2.9,1.63,6.5,7,1.66,D,High Risk
ID04172,Female,22,Engineering,100.0,6.1,2.81,5.3,6,2.99,B,Low Risk
ID04173,Male,20,Business,75.1,7.3,2.3,6.1,8,2.41,C+,Medium Risk
ID04174,Male,19,Engineering,65.3,7.8,3.13,5.6,5,3.13,B+,Low Risk
ID04175,Female,19,Business,58.9,2.0,3.08,10.0,6,2.69,C+,Medium Risk
ID04176,Female,21,Computer Science,100.0,4.4,3.13,6.5,7,3.4,A,Low Risk
ID04177,Female,20,Psychology,79.9,5.7,3.08,8.1,9,3.22,B+,Low Risk
ID04178,Female,23,Mathematics,81.2,4.4,2.91,6.5,9,3.38,A,Low Risk
ID04179,Male,19,Psychology,82.6,7.0,2.37,6.7,9,2.98,B,Medium Risk
ID04180,Male,22,Psychology,100.0,4.6,3.06,6.3,8,3.29,B+,Low Risk
ID04181,Male,18,Psychology,82.3,1.9,3.61,6.0,8,3.87,A+,Low Risk
ID04182,Female,18,Business,100.0,7.0,4.0,6.0,4,4.0,A+,Low Risk
ID04183,Female,24,Business,87.0,4.3,2.98,7.6,11,3.27,B+,Low Risk
ID04184,Male,20,Mathematics,100.0,9.5,3.04,6.9,10,3.57,A,Low Risk
ID04185,Male,23,Business,97.1,2.0,3.35,9.0,12,3.59,A,Low Risk
ID04186,Female,21,Economics,84.5,4.3,3.85,6.7,6,4.0,A+,Low Risk
ID04187,Male,22,Business,76.2,9.1,2.86,6.6,13,3.06,B+,Low Risk
ID04188,Female,20,Business,90.0,4.6,3.45,7.1,8,3.86,A+,Low Risk
ID04189,Female,24,Business,92.7,6.3,2.69,7.9,4,3.2,B+,Low Risk
ID04190,Female,18,Computer Science,76.4,7.4,3.26,7.2,4,3.59,A,Low Risk
ID04191,Female,20,Mathematics,87.5,4.2,3.59,9.0,8,3.67,A,Low Risk
ID04192,Female,22,Economics,100.0,2.4,2.45,10.0,8,2.49,C+,Medium Risk
ID04193,Male,23,Business,100.0,6.7,2.84,8.2,11,3.34,A,Low Risk
ID04194,Female,23,Mathematics,97.8,3.7,3.58,7.6,10,3.93,A+,Low Risk
ID04195,Female,19,Engineering,100.0,1.0,3.41,4.0,11,3.63,A,Medium Risk
ID04196,Male,22,Computer Science,75.6,8.2,3.62,9.1,12,3.76,A+,Low Risk
ID04197,Male,24,Business,95.5,10.2,3.52,8.8,8,4.0,A+,Low Risk
ID04198,Male,19,Economics,100.0,2.8,2.93,9.3,12,3.07,B+,Medium Risk
ID04199,Male,19,Computer Science,71.6,4.1,4.0,8.2,8,4.0,A+,Low Risk
ID04200,Female,19,Economics,77.7,10.6,3.17,5.6,7,3.49,A,Low Risk
ID04201,Female,20,Computer Science,100.0,9.2,1.57,5.6,9,2.04,C,Medium Risk
ID04202,Male,24,Engineering,70.4,5.7,2.96,5.4,8,2.87,B,Medium Risk
ID04203,Male,18,Mathematics,64.9,8.7,2.87,7.1,15,2.96,B,Medium Risk
ID04204,Female,23,Computer Science,100.0,3.6,3.5,5.9,14,3.57,A,Low Risk
ID04205,Male,20,Psychology,100.0,1.6,2.87,8.3,7,2.84,B,Medium Risk
ID04206,Male,18,Engineering,91.5,7.7,3.65,6.1,7,4.0,A+,Low Risk
ID04207,Female,23,Psychology,84.3,4.0,3.38,6.5,13,3.83,A+,Low Risk
ID04208,Male,24,Engineering,78.4,1.3,2.6,7.4,7,2.5,C+,Medium Risk
ID04209,Male,24,Psychology,89.2,2.8,3.03,6.3,15,3.29,B+,Low Risk
ID04210,Male,22,Psychology,100.0,3.5,2.71,5.6,7,2.79,B,Low Risk
ID04211,Male,23,Economics,88.6,3.7,3.19,4.3,10,3.59,A,Low Risk
ID04212,Female,23,Computer Science,100.0,2.6,2.71,8.4,10,2.98,B,Medium Risk
ID04213,Male,24,Computer Science,71.5,2.1,3.14,5.6,9,2.96,B,Medium Risk
ID04214,Male,23,Engineering,84.7,1.2,2.96,6.4,5,3.01,B+,Medium Risk
ID04215,Female,21,Mathematics,79.4,1.2,3.02,6.4,11,3.07,B+,Medium Risk
ID04216,Female,22,Economics,68.7,3.9,4.0,4.0,4,3.81,A+,Low Risk
ID04217,Male,20,Computer Science,82.7,4.7,2.92,7.4,9,3.37,A,Low Risk
ID04218,Male,20,Computer Science,91.3,2.0,2.13,9.1,7,2.22,C,Medium Risk
ID04219,Female,18,Economics,92.9,8.6,3.61,8.4,2,4.0,A+,Low Risk
ID04220,Male,20,Business,100.0,3.1,3.6,6.4,9,3.94,A+,Low Risk
ID04221,Male,19,Economics,92.0,3.8,2.11,8.6,12,2.24,C,Medium Risk
ID04222,Female,23,Computer Science,100.0,3.6,2.75,4.4,4,2.79,B,Low Risk
ID04223,Female,20,Mathematics,86.0,1.0,3.32,8.2,4,3.3,A,Medium Risk
ID04224,Female,18,Business,100.0,7.0,3.36,5.9,6,3.71,A+,Low Risk
ID04225,Female,18,Psychology,100.0,5.6,3.1,8.5,10,3.51,A,Low Risk
ID04226,Female,19,Economics,93.0,8.8,3.11,7.1,12,3.59,A,Low Risk
ID04227,Male,18,Psychology,70.1,8.4,2.63,5.2,12,2.7,B,Medium Risk
ID04228,Female,24,Business,76.8,5.2,1.9,7.4,11,1.98,D,High Risk
ID04229,Male,21,Business,89.2,5.9,4.0,7.0,8,4.0,A+,Low Risk
ID04230,Male,24,Business,91.8,1.9,2.62,7.4,5,2.97,B,Medium Risk
ID04231,Female,23,Engineering,95.5,3.1,3.19,5.8,6,3.23,B+,Low Risk
ID04232,Female,23,Economics,91.9,3.6,3.02,5.2,13,3.34,A,Low Risk
ID04233,Male,23,Mathematics,85.1,2.9,3.55,7.9,2,3.75,A+,Low Risk
ID04234,Female,22,Mathematics,75.5,8.3,3.16,6.9,13,3.41,A,Low Risk
ID04235,Male,20,Psychology,91.0,4.5,3.18,7.9,5,3.52,A,Low Risk
ID04236,Male,21,Psychology,100.0,2.4,1.78,7.8,8,1.95,D,High Risk
ID04237,Male,20,Psychology,100.0,8.0,2.68,8.1,12,3.03,B+,Low Risk
ID04238,Female,21,Economics,93.0,4.5,3.47,9.4,10,3.92,A+,Low Risk
ID04239,Female,20,Computer Science,100.0,6.8,3.43,7.3,4,3.84,A+,Low Risk
ID04240,Male,19,Psychology,79.4,1.9,2.62,5.5,5,2.34,C+,Medium Risk
ID04241,Female,24,Business,77.4,4.8,2.31,5.8,9,2.2,C,Medium Risk
ID04242,Male,18,Psychology,73.8,2.3,3.16,6.6,15,3.2,B+,Medium Risk
ID04243,Female,18,Business,83.1,4.6,1.65,7.3,5,1.95,D,High Risk
ID04244,Male,24,Engineering,78.7,5.7,2.53,9.1,11,2.43,C+,Medium Risk
ID04245,Male,19,Computer Science,100.0,1.8,3.98,6.8,8,4.0,A+,Low Risk
ID04246,Female,21,Computer Science,77.9,3.9,3.82,9.5,6,3.61,A,Low Risk
ID04247,Male,24,Economics,73.0,1.9,3.34,9.7,8,3.14,B+,Medium Risk
ID04248,Male,22,Economics,100.0,7.1,3.25,7.6,8,3.9,A+,Low Risk
ID04249,Female,21,Mathematics,78.2,4.2,2.12,7.9,9,2.13,C,Medium Risk
ID04250,Female,18,Engineering,87.3,2.4,2.73,6.3,4,3.01,B+,Medium Risk
ID04251,Male,22,Economics,91.8,2.8,2.95,9.5,8,3.26,B+,Medium Risk
ID04252,Male,20,Business,67.9,3.1,2.74,6.0,9,2.75,B,Medium Risk
ID04253,Male,22,Engineering,100.0,8.7,2.92,8.8,8,3.22,B+,Low Risk
ID04254,Male,21,Computer Science,94.6,3.8,3.75,5.5,8,3.88,A+,Low Risk
ID04255,Male,19,Business,100.0,6.4,2.83,8.0,9,3.46,A,Low Risk
ID04256,Female,20,Engineering,74.8,3.9,2.93,8.7,10,3.0,B+,Medium Risk
ID04257,Female,21,Computer Science,86.5,1.9,3.47,8.4,4,3.72,A+,Low Risk
ID04258,Male,20,Economics,85.6,2.8,2.39,6.3,6,2.7,B,Medium Risk
ID04259,Male,22,Business,89.0,4.9,2.68,6.6,10,3.02,B+,Low Risk
ID04260,Male,18,Business,63.2,1.1,2.73,9.3,9,2.61,C+,Medium Risk
ID04261,Male,21,Computer Science,86.7,5.4,3.13,6.2,6,3.62,A,Low Risk
ID04262,Female,19,Business,63.6,2.6,2.93,6.3,7,2.97,B,Medium Risk
ID04263,Male,24,Economics,90.4,4.4,2.94,9.3,7,3.21,B+,Low Risk
ID04264,Male,22,Economics,53.1,2.9,2.77,6.9,10,2.37,C+,High Risk
ID04265,Female,21,Economics,57.2,6.0,2.56,6.9,9,2.38,C+,High Risk
ID04266,Male,19,Computer Science,97.3,4.1,3.4,9.8,10,3.66,A,Low Risk
ID04267,Female,21,Psychology,76.8,5.8,2.93,6.0,3,2.96,B,Low Risk
ID04268,Male,22,Psychology,70.2,1.2,3.41,5.9,4,3.11,B+,Medium Risk
ID04269,Female,21,Business,100.0,3.6,2.54,7.3,8,2.99,B,Low Risk
ID04270,Female,20,Economics,89.9,2.5,2.77,7.0,6,2.97,B,Medium Risk
ID04271,Female,22,Business,98.1,5.3,2.99,5.8,7,3.49,A,Low Risk
ID04272,Female,21,Computer Science,82.5,7.0,3.04,8.2,6,3.41,A,Low Risk
ID04273,Male,24,Business,100.0,6.9,3.48,7.0,8,4.0,A+,Low Risk
ID04274,Male,18,Mathematics,75.9,8.9,2.88,7.1,8,3.18,B+,Low Risk
ID04275,Female,21,Psychology,100.0,7.1,3.47,7.0,10,3.97,A+,Low Risk
ID04276,Female,20,Business,84.1,3.5,3.29,5.4,6,3.67,A,Low Risk
ID04277,Male,19,Business,60.2,2.2,3.05,5.8,9,2.75,B,Medium Risk
ID04278,Male,24,Engineering,92.2,1.3,2.62,4.6,6,2.67,C+,Medium Risk
ID04279,Male,19,Business,89.7,2.1,3.48,8.7,9,3.55,A,Low Risk
ID04280,Male,24,Mathematics,69.2,1.1,2.64,7.0,8,2.48,C+,High Risk
ID04281,Male,19,Psychology,71.2,1.6,3.09,8.5,7,3.09,B+,Medium Risk
ID04282,Female,18,Engineering,84.6,4.7,3.07,6.3,9,3.28,B+,Low Risk
ID04283,Male,20,Computer Science,90.2,1.2,3.0,8.7,7,3.02,B+,Medium Risk
ID04284,Male,22,Computer Science,47.9,5.0,2.91,4.6,5,2.71,B,Medium Risk
ID04285,Female,19,Psychology,100.0,2.8,2.69,8.5,10,2.78,B,Medium Risk
ID04286,Female,24,Computer Science,77.6,4.2,2.29,6.9,7,2.48,C+,Medium Risk
ID04287,Female,20,Mathematics,65.0,4.3,3.8,4.9,10,3.7,A+,Low Risk
ID04288,Female,21,Business,99.1,9.0,2.85,4.0,8,3.2,B+,Low Risk
ID04289,Male,18,Psychology,84.6,4.4,3.04,7.8,3,3.42,A,Low Risk
ID04290,Female,20,Engineering,100.0,1.7,3.03,8.5,11,3.17,B+,Low Risk
ID04291,Male,20,Business,91.6,2.2,3.65,7.1,7,3.73,A+,Low Risk
ID04292,Male,22,Computer Science,85.0,4.3,4.0,7.9,3,4.0,A+,Low Risk
ID04293,Female,20,Computer Science,82.7,3.4,3.18,7.7,6,3.36,A,Low Risk
ID04294,Female,22,Engineering,92.2,4.4,3.02,7.1,11,3.28,B+,Low Risk
ID04295,Male,18,Mathematics,78.8,5.1,2.54,8.4,6,2.57,C+,Low Risk
ID04296,Male,18,Engineering,72.2,2.3,2.38,4.8,7,2.4,C+,High Risk
ID04297,Male,21,Psychology,94.1,5.2,2.21,7.1,9,2.43,C+,Medium Risk
ID04298,Male,22,Engineering,82.8,5.5,2.7,8.0,11,3.25,B+,Low Risk
ID04299,Male,22,Computer Science,85.5,4.4,2.05,6.3,5,2.52,C+,Medium Risk
ID04300,Female,19,Mathematics,100.0,10.5,3.64,7.4,13,4.0,A+,Low Risk
ID04301,Male,19,Mathematics,83.3,1.3,3.31,5.2,8,3.37,A,Medium Risk
ID04302,Female,21,Economics,85.2,9.8,2.97,7.1,10,3.77,A+,Low Risk
ID04303,Female,18,Engineering,76.0,3.3,3.65,5.9,6,3.42,A,Low Risk
ID04304,Female,23,Psychology,91.5,2.5,2.56,6.2,7,2.68,C+,Medium Risk
ID04305,Female,19,Computer Science,90.2,5.3,2.69,7.9,3,3.2,B+,Low Risk
ID04306,Male,20,Business,98.5,2.8,2.13,4.4,10,2.31,C+,Medium Risk
ID04307,Male,18,Mathematics,76.3,6.7,3.49,5.4,8,3.49,A,Low Risk
ID04308,Female,23,Engineering,78.1,3.2,2.69,8.1,6,2.47,C+,Medium Risk
ID04309,Female,20,Economics,96.9,7.3,3.11,6.8,7,3.71,A+,Low Risk
ID04310,Female,24,Psychology,88.8,2.0,3.6,5.9,6,3.73,A+,Low Risk
ID04311,Male,22,Psychology,71.4,4.8,3.79,7.7,8,3.78,A+,Low Risk
ID04312,Female,18,Computer Science,100.0,2.4,3.09,5.3,8,3.44,A,Low Risk
ID04313,Male,24,Mathematics,59.5,4.9,3.29,5.3,7,3.01,B+,Medium Risk
ID04314,Female,21,Computer Science,96.8,1.5,2.65,6.7,8,2.82,B,Medium Risk
ID04315,Female,22,Economics,66.0,1.6,3.94,6.8,14,3.96,A+,Medium Risk
ID04316,Male,22,Business,100.0,3.2,3.02,5.9,13,3.23,B+,Low Risk
ID04317,Female,20,Business,61.8,7.5,3.14,6.6,6,3.17,B+,Low Risk
ID04318,Male,24,Business,100.0,1.3,2.9,9.0,10,3.15,B+,Medium Risk
ID04319,Male,22,Psychology,83.8,8.2,3.7,6.9,7,4.0,A+,Low Risk
ID04320,Male,19,Mathematics,79.5,4.9,3.2,5.3,15,3.39,A,Low Risk
ID04321,Female,18,Computer Science,87.8,7.1,3.48,7.0,6,3.92,A+,Low Risk
ID04322,Female,19,Computer Science,94.5,4.1,3.28,4.0,9,3.54,A,Low Risk
ID04323,Female,20,Economics,71.4,4.5,2.99,9.4,6,3.16,B+,Medium Risk
ID04324,Male,23,Business,72.8,3.5,3.56,5.2,5,3.39,A,Low Risk
ID04325,Female,20,Mathematics,94.7,3.3,3.27,7.3,4,3.57,A,Low Risk
ID04326,Female,18,Mathematics,59.4,6.1,2.62,7.2,0,2.58,C+,Medium Risk
ID04327,Male,22,Economics,76.2,2.0,2.61,5.8,16,2.15,C,Medium Risk
ID04328,Female,24,Engineering,100.0,4.1,3.17,8.9,6,3.36,A,Low Risk
ID04329,Male,24,Mathematics,70.5,1.3,3.55,10.0,11,3.21,B+,Medium Risk
ID04330,Female,21,Mathematics,100.0,1.7,3.92,5.9,4,4.0,A+,Low Risk
ID04331,Male,20,Computer Science,76.2,3.8,2.21,8.1,9,2.17,C,Medium Risk
ID04332,Male,18,Economics,92.6,2.7,3.11,5.5,5,3.19,B+,Low Risk
ID04333,Male,21,Mathematics,94.8,3.6,3.34,9.0,6,3.5,A,Low Risk
ID04334,Female,22,Mathematics,100.0,2.3,3.25,8.9,5,3.33,A,Low Risk
ID04335,Male,23,Computer Science,82.0,5.7,3.6,8.5,5,3.91,A+,Low Risk
ID04336,Male,20,Mathematics,100.0,1.7,3.43,4.5,9,3.68,A,Low Risk
ID04337,Female,23,Computer Science,76.2,9.9,2.61,6.2,9,2.89,B,Low Risk
ID04338,Female,18,Engineering,88.5,8.0,2.59,6.2,6,3.05,B+,Low Risk
ID04339,Male,23,Psychology,88.7,5.3,3.26,6.1,9,3.81,A+,Low Risk
ID04340,Male,23,Computer Science,68.2,1.6,3.6,9.0,8,3.55,A,Medium Risk
ID04341,Male,18,Computer Science,80.7,3.6,3.17,4.3,9,3.52,A,Low Risk
ID04342,Male,18,Mathematics,87.4,5.5,2.31,7.6,9,2.83,B,Medium Risk
ID04343,Female,20,Computer Science,78.5,6.9,2.58,8.1,16,2.53,C+,Low Risk
ID04344,Female,23,Economics,100.0,6.9,3.45,5.9,8,3.93,A+,Low Risk
ID04345,Female,21,Business,72.4,6.1,2.93,7.8,7,2.95,B,Medium Risk
ID04346,Male,18,Business,100.0,0.9,3.16,7.7,6,3.17,B+,Medium Risk
ID04347,Female,22,Engineering,97.8,2.1,3.63,6.6,9,3.76,A+,Low Risk
ID04348,Female,23,Computer Science,84.8,6.2,2.5,8.6,14,2.81,B,Low Risk
ID04349,Female,18,Economics,72.0,2.8,2.89,6.2,9,2.7,B,Medium Risk
ID04350,Female,21,Mathematics,73.5,4.8,2.84,8.6,4,2.93,B,Medium Risk
ID04351,Female,24,Mathematics,77.2,10.3,3.28,7.2,9,3.7,A+,Low Risk
ID04352,Female,20,Psychology,58.2,2.7,3.49,6.5,7,3.26,B+,Medium Risk
ID04353,Male,23,Engineering,69.9,7.2,2.36,6.7,6,2.41,C+,Medium Risk
ID04354,Female,24,Economics,62.8,4.9,3.1,4.9,4,3.03,B+,Low Risk
ID04355,Male,18,Economics,100.0,12.9,3.53,6.5,10,4.0,A+,Low Risk
ID04356,Female,18,Mathematics,94.3,4.9,2.17,5.3,13,2.51,C+,Medium Risk
ID04357,Male,22,Psychology,96.8,2.8,3.07,7.4,6,3.48,A,Low Risk
ID04358,Female,22,Mathematics,93.8,4.1,2.49,8.4,10,2.94,B,Medium Risk
ID04359,Female,23,Psychology,87.5,2.0,2.78,7.7,7,2.86,B,Medium Risk
ID04360,Male,24,Business,100.0,6.0,1.85,5.9,6,2.26,C,Medium Risk
ID04361,Male,24,Economics,75.8,3.1,3.8,6.6,6,3.66,A,Low Risk
ID04362,Female,18,Business,86.6,4.1,2.92,7.4,10,3.19,B+,Low Risk
ID04363,Female,23,Mathematics,96.2,7.5,2.7,7.5,9,3.33,A,Low Risk
ID04364,Male,18,Engineering,65.2,1.9,3.26,9.5,14,3.3,A,Medium Risk
ID04365,Male,22,Computer Science,100.0,6.9,2.58,7.9,5,3.09,B+,Low Risk
ID04366,Female,21,Engineering,85.4,1.4,2.53,7.2,8,2.69,C+,Medium Risk
ID04367,Male,19,Engineering,87.1,3.8,3.86,7.2,9,4.0,A+,Low Risk
ID04368,Male,19,Computer Science,100.0,5.3,4.0,6.5,4,4.0,A+,Low Risk
ID04369,Male,18,Economics,98.7,6.2,2.8,7.0,7,3.42,A,Low Risk
ID04370,Male,24,Business,85.6,2.0,3.63,8.1,5,3.92,A+,Low Risk
ID04371,Male,22,Business,87.0,10.4,3.28,5.9,9,3.85,A+,Low Risk
ID04372,Male,20,Economics,62.4,5.4,2.39,7.6,8,2.55,C+,Medium Risk
ID04373,Male,20,Computer Science,76.7,6.3,2.64,6.8,12,2.94,B,Low Risk
ID04374,Male,19,Psychology,92.8,5.4,3.88,9.6,7,4.0,A+,Low Risk
ID04375,Male,21,Engineering,91.7,2.0,2.39,7.4,9,2.82,B,Medium Risk
ID04376,Male,19,Mathematics,100.0,2.6,4.0,7.5,10,4.0,A+,Low Risk
ID04377,Male,18,Business,83.2,8.1,2.81,5.7,7,3.14,B+,Low Risk
ID04378,Female,21,Economics,64.2,8.2,3.89,9.2,10,3.98,A+,Low Risk
ID04379,Male,20,Mathematics,100.0,1.0,2.95,7.8,8,3.06,B+,Medium Risk
ID04380,Male,24,Computer Science,100.0,6.0,3.5,9.0,11,3.72,A+,Low Risk
ID04381,Male,22,Mathematics,98.5,3.7,3.8,6.7,9,4.0,A+,Low Risk
ID04382,Male,22,Mathematics,82.5,5.2,3.79,7.0,11,4.0,A+,Low Risk
ID04383,Female,18,Engineering,100.0,4.5,2.81,4.9,6,3.19,B+,Low Risk
ID04384,Female,19,Computer Science,100.0,4.5,2.67,9.8,4,2.76,B,Low Risk
ID04385,Female,18,Mathematics,86.7,2.3,3.06,7.6,10,3.18,B+,Low Risk
ID04386,Female,22,Business,65.3,7.0,2.45,9.8,5,2.74,B,Medium Risk
ID04387,Female,20,Computer Science,76.2,2.8,3.22,6.5,4,3.1,B+,Low Risk
ID04388,Male,22,Business,94.4,3.7,2.69,7.7,4,3.08,B+,Low Risk
ID04389,Male,21,Economics,60.9,2.4,3.64,8.5,11,3.39,A,Medium Risk
ID04390,Male,24,Economics,87.5,4.1,2.81,7.5,7,3.06,B+,Low Risk
ID04391,Male,24,Psychology,90.7,1.7,2.23,6.5,9,2.46,C+,Medium Risk
ID04392,Male,23,Economics,100.0,2.9,3.8,6.3,10,4.0,A+,Low Risk
ID04393,Female,22,Mathematics,100.0,7.0,3.19,6.5,11,3.75,A+,Low Risk
ID04394,Male,22,Computer Science,98.0,1.9,3.11,10.0,7,3.12,B+,Low Risk
ID04395,Female,24,Economics,52.6,5.9,3.65,6.1,5,3.4,A,Medium Risk
ID04396,Female,23,Business,98.8,1.6,3.54,4.0,8,3.72,A+,Low Risk
ID04397,Male,21,Mathematics,95.6,2.7,2.72,7.1,5,2.84,B,Medium Risk
ID04398,Male,19,Economics,88.8,2.7,2.88,7.0,8,3.33,A,Medium Risk
ID04399,Male,22,Engineering,59.0,6.6,2.54,6.5,8,2.29,C,High Risk
ID04400,Male,24,Business,73.3,8.3,2.37,6.1,9,2.61,C+,Medium Risk
ID04401,Male,18,Business,67.5,3.3,3.39,6.6,6,3.25,B+,Low Risk
ID04402,Male,22,Psychology,54.8,1.7,3.3,5.0,14,2.91,B,Medium Risk
ID04403,Male,18,Engineering,85.0,3.0,3.48,9.7,9,3.61,A,Low Risk
ID04404,Male,21,Psychology,73.0,3.1,3.74,7.4,11,3.57,A,Low Risk
ID04405,Female,22,Economics,100.0,2.9,3.49,7.2,5,3.82,A+,Low Risk
ID04406,Female,24,Engineering,82.5,3.7,3.53,8.6,9,3.96,A+,Low Risk
ID04407,Female,21,Business,100.0,2.4,2.06,10.0,11,2.38,C+,Medium Risk
ID04408,Male,21,Psychology,61.5,1.8,2.95,6.4,10,2.97,B,Medium Risk
ID04409,Male,19,Mathematics,77.0,1.1,3.58,7.5,7,3.29,B+,Medium Risk
ID04410,Female,22,Engineering,86.5,6.5,2.52,8.2,6,3.04,B+,Low Risk
ID04411,Male,18,Business,71.4,4.5,3.15,8.0,11,3.38,A,Low Risk
ID04412,Male,18,Computer Science,78.7,5.6,3.36,8.4,8,3.21,B+,Low Risk
ID04413,Female,22,Engineering,81.7,5.2,3.32,8.4,13,3.48,A,Low Risk
ID04414,Female,23,Engineering,81.5,3.9,3.28,6.4,5,3.61,A,Low Risk
ID04415,Male,19,Economics,100.0,3.7,3.4,8.8,7,3.6,A,Low Risk
ID04416,Male,19,Mathematics,90.7,10.3,3.19,6.8,9,3.77,A+,Low Risk
ID04417,Male,19,Economics,92.2,2.9,2.37,7.4,10,2.54,C+,Medium Risk
ID04418,Male,18,Engineering,93.1,4.1,3.35,7.9,7,3.72,A+,Low Risk
ID04419,Male,21,Engineering,94.2,3.1,3.24,5.9,6,3.55,A,Low Risk
ID04420,Male,24,Mathematics,83.8,2.1,2.38,7.7,6,2.81,B,Medium Risk
ID04421,Male,23,Mathematics,80.2,12.7,3.79,7.9,10,4.0,A+,Low Risk
ID04422,Female,19,Psychology,87.5,5.5,3.37,4.2,6,3.78,A+,Low Risk
ID04423,Female,18,Business,100.0,2.7,2.41,9.1,13,2.71,B,Medium Risk
ID04424,Female,18,Business,100.0,2.3,2.69,5.8,7,2.85,B,Medium Risk
ID04425,Male,21,Psychology,81.4,5.9,2.82,7.4,7,3.43,A,Low Risk
ID04426,Male,22,Business,96.5,7.3,2.82,9.3,9,3.04,B+,Low Risk
ID04427,Male,22,Engineering,82.1,1.9,3.25,8.0,1,3.66,A,Low Risk
ID04428,Male,24,Psychology,85.5,3.6,2.61,8.6,10,3.0,B+,Low Risk
ID04429,Male,24,Psychology,77.9,4.1,3.66,8.7,6,3.47,A,Low Risk
ID04430,Female,19,Business,82.3,4.1,3.62,6.3,7,3.95,A+,Low Risk
ID04431,Female,24,Computer Science,100.0,4.6,3.41,5.4,10,3.7,A+,Low Risk
ID04432,Male,19,Business,86.4,3.4,3.12,7.6,13,3.4,A,Low Risk
ID04433,Male,23,Economics,87.0,3.8,3.57,8.1,5,3.97,A+,Low Risk
ID04434,Female,24,Computer Science,63.3,3.9,2.96,8.7,6,2.99,B,Medium Risk
ID04435,Male,21,Psychology,80.4,1.9,2.74,8.2,10,2.73,B,Medium Risk
ID04436,Male,19,Computer Science,81.4,10.1,3.7,6.3,9,4.0,A+,Low Risk
ID04437,Male,21,Engineering,72.6,6.1,3.26,8.3,11,3.13,B+,Low Risk
ID04438,Female,18,Mathematics,85.3,7.1,2.76,4.0,6,3.2,B+,Low Risk
ID04439,Female,19,Computer Science,78.6,4.7,2.89,8.9,4,2.88,B,Low Risk
ID04440,Male,18,Economics,86.2,12.9,2.73,5.7,11,3.25,B+,Low Risk
ID04441,Female,20,Mathematics,86.8,0.5,4.0,5.6,11,4.0,A+,Medium Risk
ID04442,Female,21,Engineering,70.7,4.2,3.1,10.0,6,3.25,B+,Low Risk
ID04443,Male,20,Economics,79.0,2.3,3.18,7.1,10,3.13,B+,Low Risk
ID04444,Male,19,Mathematics,86.2,4.4,3.46,6.6,8,3.84,A+,Low Risk
ID04445,Male,18,Engineering,100.0,9.0,2.49,5.3,7,2.94,B,Medium Risk
ID04446,Female,19,Mathematics,88.9,5.8,3.65,7.7,10,4.0,A+,Low Risk
ID04447,Male,20,Mathematics,75.1,3.9,2.8,8.2,7,2.92,B,Low Risk
ID04448,Female,19,Business,91.0,9.5,4.0,6.5,9,4.0,A+,Low Risk
ID04449,Male,23,Economics,100.0,6.7,2.94,4.0,7,3.48,A,Low Risk
ID04450,Female,22,Economics,98.8,5.5,3.62,9.4,10,3.83,A+,Low Risk
ID04451,Male,20,Computer Science,93.2,5.4,1.85,6.6,7,2.25,C,Medium Risk
ID04452,Female,19,Economics,95.9,6.5,2.51,6.5,4,2.89,B,Low Risk
ID04453,Female,18,Economics,100.0,2.8,2.95,6.9,5,3.13,B+,Medium Risk
ID04454,Female,19,Mathematics,100.0,2.6,2.08,5.8,6,2.4,C+,Medium Risk
ID04455,Female,18,Psychology,93.5,2.1,3.4,8.9,4,3.64,A,Low Risk
ID04456,Male,22,Business,100.0,2.9,3.26,8.1,13,3.28,B+,Low Risk
ID04457,Female,19,Computer Science,68.8,9.2,2.6,7.7,9,3.01,B+,Medium Risk
ID04458,Male,24,Business,62.5,3.6,3.09,10.0,9,3.05,B+,Low Risk
ID04459,Male,24,Computer Science,87.4,9.3,3.5,6.0,6,4.0,A+,Low Risk
ID04460,Male,22,Engineering,86.0,2.7,2.05,8.9,8,2.27,C,Medium Risk
ID04461,Male,20,Mathematics,76.8,7.5,2.46,4.0,6,2.54,C+,Medium Risk
ID04462,Male,18,Economics,97.4,8.3,2.93,8.0,7,3.49,A,Low Risk
ID04463,Female,24,Economics,57.1,4.5,3.11,10.0,9,2.64,C+,Medium Risk
ID04464,Male,23,Psychology,77.0,3.6,3.07,5.4,10,2.92,B,Low Risk
ID04465,Female,20,Business,77.7,2.5,3.54,9.5,4,3.22,B+,Low Risk
ID04466,Male,18,Business,60.5,7.0,3.34,4.9,11,3.4,A,Low Risk
ID04467,Male,22,Business,100.0,3.5,3.45,10.0,7,3.51,A,Low Risk
ID04468,Male,24,Economics,64.6,3.2,2.41,6.3,8,2.48,C+,Medium Risk
ID04469,Female,21,Business,76.2,5.0,3.17,5.9,9,3.34,A,Low Risk
ID04470,Female,19,Mathematics,98.6,5.9,2.95,6.2,9,3.49,A,Low Risk
ID04471,Female,22,Computer Science,94.7,2.4,3.83,7.0,9,3.98,A+,Low Risk
ID04472,Female,18,Economics,68.4,5.0,3.19,6.8,8,3.29,B+,Low Risk
ID04473,Male,18,Mathematics,95.2,8.3,2.77,6.9,3,3.42,A,Low Risk
ID04474,Male,18,Engineering,89.3,2.1,3.53,7.5,7,3.91,A+,Low Risk
ID04475,Female,18,Mathematics,100.0,7.1,3.38,7.4,8,3.8,A+,Low Risk
ID04476,Male,19,Mathematics,91.1,7.0,2.69,7.0,10,3.18,B+,Low Risk
ID04477,Male,20,Engineering,82.9,7.4,2.93,6.3,8,3.29,B+,Low Risk
ID04478,Male,23,Mathematics,72.2,6.0,2.93,7.6,12,3.17,B+,Medium Risk
ID04479,Female,21,Computer Science,73.8,5.8,3.71,7.6,7,3.82,A+,Low Risk
ID04480,Female,19,Economics,72.6,6.9,3.2,7.5,6,3.21,B+,Low Risk
ID04481,Male,18,Psychology,100.0,5.0,3.46,7.0,16,3.57,A,Low Risk
ID04482,Male,19,Engineering,85.3,3.1,2.85,6.0,7,3.27,B+,Low Risk
ID04483,Female,22,Economics,93.5,3.1,3.27,7.1,8,3.39,A,Low Risk
ID04484,Female,23,Business,100.0,3.9,3.75,6.6,9,4.0,A+,Low Risk
ID04485,Male,18,Computer Science,49.6,6.2,2.92,4.0,8,2.67,C+,Medium Risk
ID04486,Female,21,Psychology,100.0,3.9,3.16,8.5,7,3.6,A,Low Risk
ID04487,Male,18,Computer Science,85.8,3.6,2.42,7.4,6,2.64,C+,Medium Risk
ID04488,Male,23,Computer Science,91.5,7.3,2.72,7.0,10,3.36,A,Low Risk
ID04489,Female,21,Business,72.6,4.5,2.93,7.8,9,2.86,B,Medium Risk
ID04490,Female,23,Psychology,73.7,1.7,2.57,5.9,10,2.59,C+,Medium Risk
ID04491,Male,21,Computer Science,92.3,2.1,3.76,9.0,3,3.84,A+,Low Risk
ID04492,Female,20,Business,100.0,1.9,2.68,8.8,7,2.68,C+,Medium Risk
ID04493,Female,24,Engineering,100.0,4.0,3.49,5.3,6,3.69,A,Low Risk
ID04494,Female,20,Business,100.0,2.2,3.19,6.1,5,3.26,B+,Low Risk
ID04495,Female,19,Mathematics,82.1,3.6,3.12,8.0,10,3.29,B+,Low Risk
ID04496,Female,19,Economics,76.0,2.9,3.84,7.4,10,3.83,A+,Low Risk
ID04497,Male,21,Business,73.3,1.5,1.97,7.0,6,2.07,C,High Risk
ID04498,Male,18,Business,77.7,2.1,3.0,7.7,7,2.93,B,Low Risk
ID04499,Male,24,Business,54.2,9.5,2.56,4.2,10,2.55,C+,Medium Risk
ID04500,Male,22,Computer Science,74.1,3.3,2.12,5.6,10,2.12,C,Medium Risk
ID04501,Female,22,Psychology,76.6,3.2,2.5,6.1,12,2.32,C+,Medium Risk
ID04502,Male,18,Business,82.4,3.1,3.11,8.1,4,3.24,B+,Low Risk
ID04503,Male,18,Business,87.0,4.7,2.74,4.0,8,3.22,B+,Low Risk
ID04504,Male,20,Mathematics,90.4,4.1,3.55,7.3,9,3.71,A+,Low Risk
ID04505,Male,22,Mathematics,84.8,10.7,2.99,6.4,11,3.66,A,Low Risk
ID04506,Male,21,Engineering,76.3,7.6,2.94,8.0,10,3.3,A,Low Risk
ID04507,Female,23,Engineering,55.5,10.5,2.94,8.2,7,2.83,B,Medium Risk
ID04508,Male,19,Mathematics,76.4,6.2,3.05,9.5,7,3.31,A,Low Risk
ID04509,Female,23,Psychology,70.4,5.7,2.89,5.2,8,2.92,B,Medium Risk
ID04510,Female,20,Engineering,92.0,2.0,2.67,5.8,8,2.99,B,Medium Risk
ID04511,Male,22,Economics,98.6,1.0,3.59,7.1,8,3.8,A+,Medium Risk
ID04512,Male,24,Economics,99.1,1.7,2.79,9.1,7,2.88,B,Medium Risk
ID04513,Male,18,Psychology,96.4,1.5,2.91,7.7,4,3.22,B+,Medium Risk
ID04514,Female,24,Mathematics,83.0,3.7,3.31,7.2,12,3.83,A+,Low Risk
ID04515,Female,24,Engineering,77.2,6.8,3.26,8.8,6,3.3,A,Low Risk
ID04516,Male,22,Business,73.8,2.7,2.65,6.4,7,2.78,B,Medium Risk
ID04517,Male,21,Mathematics,62.4,2.3,3.48,8.8,4,3.41,A,Medium Risk
ID04518,Female,20,Engineering,99.9,6.5,3.37,9.6,9,3.7,A+,Low Risk
ID04519,Male,18,Psychology,82.4,2.3,3.19,6.8,9,3.28,B+,Low Risk
ID04520,Male,23,Economics,66.3,9.2,2.88,4.7,7,3.01,B+,Medium Risk
ID04521,Female,21,Psychology,72.6,2.1,2.9,7.2,12,2.99,B,Medium Risk
ID04522,Female,23,Engineering,72.0,6.8,3.0,9.5,8,2.93,B,Low Risk
ID04523,Female,19,Psychology,85.6,4.8,2.48,7.7,11,2.9,B,Medium Risk
ID04524,Female,20,Engineering,100.0,0.7,3.08,4.9,13,3.17,B+,Medium Risk
ID04525,Female,21,Engineering,79.8,2.5,3.55,8.9,10,3.49,A,Low Risk
ID04526,Male,21,Psychology,51.2,7.0,3.54,8.2,10,3.52,A,Medium Risk
ID04527,Female,23,Computer Science,82.2,1.5,2.91,8.5,6,3.14,B+,Medium Risk
ID04528,Female,18,Business,82.7,3.2,3.63,8.7,6,3.84,A+,Low Risk
ID04529,Female,19,Mathematics,81.6,1.5,4.0,6.2,8,4.0,A+,Low Risk
ID04530,Male,23,Economics,75.6,3.7,2.94,8.6,7,2.96,B,Low Risk
ID04531,Male,21,Business,88.3,5.1,3.45,6.0,7,4.0,A+,Low Risk
ID04532,Male,20,Mathematics,86.0,4.3,1.97,5.2,10,2.32,C+,Medium Risk
ID04533,Male,21,Mathematics,84.6,4.6,2.47,5.8,13,2.85,B,Medium Risk
ID04534,Male,22,Economics,91.2,4.3,3.15,8.0,9,3.35,A,Low Risk
ID04535,Female,20,Business,78.6,3.5,2.6,6.4,11,2.43,C+,Medium Risk
ID04536,Female,20,Economics,77.7,6.3,4.0,9.2,13,4.0,A+,Low Risk
ID04537,Male,21,Engineering,100.0,1.5,3.4,8.7,9,3.43,A,Low Risk
ID04538,Female,18,Economics,93.4,8.9,3.58,8.0,6,4.0,A+,Low Risk
ID04539,Male,20,Psychology,97.4,4.4,3.09,9.1,8,3.22,B+,Low Risk
ID04540,Male,22,Computer Science,100.0,1.6,2.6,5.2,6,2.83,B,Medium Risk
ID04541,Male,23,Computer Science,92.9,8.2,2.84,8.4,5,3.12,B+,Low Risk
ID04542,Male,18,Computer Science,98.9,3.6,3.23,7.9,6,3.62,A,Low Risk
ID04543,Male,18,Business,61.3,2.9,2.78,5.1,8,2.7,B,Medium Risk
ID04544,Male,18,Business,88.1,1.6,3.44,5.9,9,3.43,A,Low Risk
ID04545,Male,20,Engineering,82.3,2.7,3.46,6.8,8,3.6,A,Low Risk
ID04546,Female,18,Computer Science,100.0,6.5,3.1,6.7,6,3.43,A,Low Risk
ID04547,Male,21,Engineering,98.9,2.2,2.19,6.9,11,2.35,C+,Medium Risk
ID04548,Female,18,Computer Science,75.5,6.6,3.96,6.1,7,4.0,A+,Low Risk
ID04549,Female,22,Business,90.6,3.2,2.99,9.2,6,3.08,B+,Low Risk
ID04550,Female,19,Psychology,87.5,2.1,4.0,5.1,5,4.0,A+,Low Risk
ID04551,Female,22,Psychology,91.8,2.8,3.43,5.2,6,3.81,A+,Low Risk
ID04552,Male,20,Psychology,69.7,5.3,3.0,5.6,7,3.16,B+,Low Risk
ID04553,Male,18,Economics,90.4,4.6,3.32,6.0,9,3.82,A+,Low Risk
ID04554,Female,18,Psychology,81.6,9.5,2.09,5.9,10,2.79,B,Medium Risk
ID04555,Male,21,Mathematics,89.2,3.3,3.61,9.5,7,3.87,A+,Low Risk
ID04556,Female,23,Computer Science,74.1,6.7,4.0,6.0,9,4.0,A+,Low Risk
ID04557,Female,18,Psychology,76.2,3.7,2.06,6.8,7,2.2,C,Medium Risk
ID04558,Female,24,Mathematics,100.0,2.4,2.96,5.1,8,3.32,A,Medium Risk
ID04559,Female,22,Mathematics,69.2,1.8,3.05,6.3,4,3.05,B+,Medium Risk
ID04560,Female,20,Mathematics,70.3,3.3,3.54,7.9,8,3.46,A,Low Risk
ID04561,Female,19,Engineering,84.2,4.0,4.0,8.0,4,4.0,A+,Low Risk
ID04562,Male,18,Engineering,73.4,8.1,3.29,8.5,5,3.37,A,Low Risk
ID04563,Female,19,Mathematics,71.7,9.4,4.0,5.5,8,4.0,A+,Low Risk
ID04564,Male,18,Economics,86.6,9.4,3.19,6.0,9,3.87,A+,Low Risk
ID04565,Male,20,Psychology,62.4,2.6,3.33,8.2,9,3.1,B+,Medium Risk
ID04566,Female,23,Computer Science,69.9,2.2,3.26,7.0,4,3.36,A,Medium Risk
ID04567,Male,22,Economics,100.0,2.7,3.71,6.9,9,4.0,A+,Low Risk
ID04568,Male,20,Business,91.9,3.6,2.89,7.9,12,3.32,A,Low Risk
ID04569,Male,19,Engineering,73.8,1.2,3.51,8.5,6,3.14,B+,Medium Risk
ID04570,Female,18,Psychology,91.3,2.1,2.48,6.0,9,2.79,B,Medium Risk
ID04571,Male,19,Psychology,93.5,7.8,2.96,6.8,7,3.68,A,Low Risk
ID04572,Female,22,Business,99.9,4.7,2.78,6.8,7,3.09,B+,Low Risk
ID04573,Male,24,Business,83.1,2.8,3.14,5.5,3,3.36,A,Low Risk
ID04574,Female,20,Psychology,99.6,1.3,2.94,7.4,6,3.05,B+,Medium Risk
ID04575,Female,19,Business,54.4,4.7,3.67,6.2,10,3.61,A,Medium Risk
ID04576,Male,19,Psychology,69.2,4.1,2.66,7.0,8,2.86,B,Medium Risk
ID04577,Male,22,Economics,87.5,2.1,2.23,8.0,4,2.43,C+,Medium Risk
ID04578,Male,24,Business,89.9,5.9,2.42,7.4,10,2.8,B,Medium Risk
ID04579,Female,18,Economics,71.3,2.9,3.6,5.7,7,3.3,A,Medium Risk
ID04580,Female,24,Economics,88.9,4.4,2.62,7.3,11,2.92,B,Low Risk
ID04581,Female,19,Business,75.6,9.3,3.3,7.2,8,3.73,A+,Low Risk
ID04582,Male,22,Psychology,80.8,5.8,2.95,6.2,9,3.2,B+,Low Risk
ID04583,Female,18,Mathematics,100.0,1.6,3.51,5.7,7,3.52,A,Low Risk
ID04584,Female,24,Psychology,98.6,5.8,2.98,7.2,11,3.51,A,Low Risk
ID04585,Female,24,Computer Science,70.0,2.6,4.0,4.9,4,3.94,A+,Medium Risk
ID04586,Female,24,Business,69.1,5.3,4.0,5.4,11,4.0,A+,Low Risk
ID04587,Male,23,Engineering,78.8,6.7,2.94,5.1,8,2.98,B,Low Risk
ID04588,Male,18,Business,84.6,4.4,2.87,5.2,10,2.99,B,Low Risk
ID04589,Female,24,Computer Science,75.1,1.7,4.0,6.3,5,4.0,A+,Low Risk
ID04590,Female,23,Economics,100.0,0.9,2.56,8.6,8,2.49,C+,Medium Risk
ID04591,Female,20,Engineering,90.2,7.4,3.07,7.9,11,3.44,A,Low Risk
ID04592,Male,22,Engineering,91.1,8.7,3.11,8.7,9,3.62,A,Low Risk
ID04593,Male,24,Psychology,66.0,2.5,3.1,6.1,7,3.06,B+,Medium Risk
ID04594,Male,18,Mathematics,100.0,0.8,2.23,4.0,8,2.23,C,High Risk
ID04595,Male,23,Psychology,42.7,1.5,3.35,6.1,9,2.97,B,Medium Risk
ID04596,Female,23,Engineering,97.5,3.0,2.61,8.7,6,2.96,B,Low Risk
ID04597,Female,20,Engineering,99.0,6.6,3.82,6.4,9,4.0,A+,Low Risk
ID04598,Male,21,Mathematics,78.5,0.8,2.37,7.0,10,2.24,C,High Risk
ID04599,Male,22,Business,100.0,8.0,3.13,6.7,11,3.6,A,Low Risk
ID04600,Male,21,Mathematics,84.1,7.5,1.99,8.0,10,2.55,C+,Medium Risk
ID04601,Male,18,Economics,85.9,7.9,2.02,8.2,7,2.27,C,Medium Risk
ID04602,Female,22,Psychology,90.1,2.0,2.68,4.7,2,2.92,B,Medium Risk
ID04603,Female,20,Business,100.0,6.9,2.75,4.0,9,3.27,B+,Low Risk
ID04604,Male,18,Psychology,100.0,4.1,3.83,8.0,8,4.0,A+,Low Risk
ID04605,Female,22,Mathematics,95.5,1.9,3.08,6.7,9,3.29,B+,Low Risk
ID04606,Female,22,Business,71.3,4.4,3.75,8.0,6,3.68,A,Low Risk
ID04607,Female,21,Mathematics,87.2,4.0,2.91,6.6,5,3.44,A,Low Risk
ID04608,Male,18,Economics,72.8,1.5,3.4,7.8,6,3.46,A,Medium Risk
ID04609,Female,20,Computer Science,97.3,5.6,2.74,6.8,6,2.98,B,Low Risk
ID04610,Male,20,Engineering,87.1,3.9,2.7,5.9,8,3.13,B+,Low Risk
ID04611,Male,18,Business,68.1,3.1,2.19,6.4,6,2.05,C,Medium Risk
ID04612,Male,18,Engineering,86.2,3.1,3.27,6.7,4,3.41,A,Low Risk
ID04613,Male,23,Computer Science,72.3,4.8,3.23,7.9,12,3.13,B+,Low Risk
ID04614,Male,19,Business,87.3,2.9,3.49,6.7,6,3.9,A+,Low Risk
ID04615,Male,21,Engineering,72.1,1.0,3.21,5.4,6,3.18,B+,Medium Risk
ID04616,Male,18,Engineering,85.4,1.9,4.0,9.5,10,3.98,A+,Low Risk
ID04617,Female,18,Business,96.3,3.9,3.19,7.5,13,3.73,A+,Low Risk
ID04618,Female,19,Engineering,84.2,2.8,3.6,9.0,7,3.72,A+,Low Risk
ID04619,Male,19,Engineering,79.1,3.1,2.94,5.4,7,2.92,B,Low Risk
ID04620,Female,22,Business,88.0,2.1,2.65,6.6,10,3.1,B+,Medium Risk
ID04621,Female,24,Engineering,95.5,2.1,3.46,7.3,6,3.52,A,Low Risk
ID04622,Female,20,Engineering,68.4,5.3,3.06,8.0,16,2.89,B,Low Risk
ID04623,Male,21,Psychology,88.9,4.3,3.52,4.2,7,3.85,A+,Low Risk
ID04624,Female,22,Economics,100.0,2.3,3.28,4.2,4,3.39,A,Low Risk
ID04625,Female,18,Psychology,93.6,3.0,2.7,6.0,12,2.84,B,Low Risk
ID04626,Female,19,Computer Science,85.9,6.1,3.64,7.8,6,4.0,A+,Low Risk
ID04627,Male,23,Psychology,94.6,1.8,2.66,6.0,15,2.72,B,Medium Risk
ID04628,Male,20,Psychology,91.8,6.5,3.41,6.8,9,4.0,A+,Low Risk
ID04629,Female,22,Computer Science,96.3,3.5,3.74,7.1,10,4.0,A+,Low Risk
ID04630,Male,23,Engineering,54.6,3.1,2.91,5.8,5,2.68,C+,Medium Risk
ID04631,Male,20,Engineering,61.7,1.6,3.68,9.2,7,3.64,A,Medium Risk
ID04632,Male,24,Psychology,100.0,14.0,3.3,5.8,7,3.85,A+,Low Risk
ID04633,Female,24,Computer Science,62.4,5.0,3.53,4.0,10,3.51,A,Low Risk
ID04634,Female,23,Engineering,91.0,0.9,2.68,5.5,4,2.93,B,Medium Risk
ID04635,Male,19,Mathematics,79.7,4.4,3.21,5.7,9,3.13,B+,Low Risk
ID04636,Female,22,Business,70.1,7.4,2.4,7.3,6,2.55,C+,Medium Risk
ID04637,Male,22,Business,90.2,4.6,3.96,7.3,5,4.0,A+,Low Risk
ID04638,Female,24,Economics,88.0,6.2,2.09,7.9,3,2.63,C+,Medium Risk
ID04639,Female,20,Business,100.0,2.7,2.92,9.8,9,3.16,B+,Medium Risk
ID04640,Female,23,Psychology,75.6,2.5,2.63,7.0,6,2.55,C+,Medium Risk
ID04641,Female,19,Business,100.0,3.3,3.44,8.3,9,3.48,A,Low Risk
ID04642,Male,18,Business,90.3,4.0,4.0,6.3,9,4.0,A+,Low Risk
ID04643,Female,22,Mathematics,75.1,2.8,3.43,7.4,7,3.35,A,Low Risk
ID04644,Male,18,Engineering,97.0,3.5,4.0,6.5,13,4.0,A+,Low Risk
ID04645,Female,19,Mathematics,93.5,1.9,2.41,6.8,8,2.6,C+,Medium Risk
ID04646,Female,24,Psychology,85.5,1.2,2.45,7.2,10,2.66,C+,Medium Risk
ID04647,Female,22,Business,89.0,2.3,2.65,8.5,7,2.76,B,Medium Risk
ID04648,Male,22,Engineering,76.0,10.1,3.16,6.9,8,3.35,A,Low Risk
ID04649,Female,23,Economics,72.6,7.7,2.59,6.9,5,2.76,B,Medium Risk
ID04650,Male,18,Economics,96.4,4.5,2.72,7.5,8,3.28,B+,Low Risk
ID04651,Male,24,Business,81.6,1.4,3.41,8.3,9,3.37,A,Medium Risk
ID04652,Female,23,Business,83.8,3.7,2.48,4.9,10,2.74,B,Medium Risk
ID04653,Male,21,Economics,89.2,4.2,2.53,7.4,11,3.08,B+,Low Risk
ID04654,Female,18,Economics,89.0,2.7,2.9,5.0,8,2.89,B,Medium Risk
ID04655,Male,18,Psychology,63.6,8.0,2.95,9.0,9,2.93,B,Medium Risk
ID04656,Male,21,Business,100.0,1.8,3.61,7.5,6,4.0,A+,Low Risk
ID04657,Female,19,Economics,86.8,5.3,2.65,8.8,8,3.06,B+,Low Risk
ID04658,Male,19,Computer Science,82.0,1.8,2.74,4.5,8,2.9,B,Medium Risk
ID04659,Male,22,Economics,91.5,1.9,3.39,6.7,8,3.65,A,Low Risk
ID04660,Female,20,Engineering,88.5,3.7,3.5,8.3,6,3.92,A+,Low Risk
ID04661,Male,23,Engineering,96.5,0.7,3.81,9.1,8,3.7,A+,Medium Risk
ID04662,Female,20,Computer Science,93.1,4.4,3.33,7.5,5,3.61,A,Low Risk
ID04663,Male,22,Psychology,95.8,2.9,3.17,6.4,12,3.39,A,Low Risk
ID04664,Female,20,Business,100.0,3.5,3.39,6.6,2,3.56,A,Low Risk
ID04665,Female,18,Business,98.3,2.5,2.97,5.4,13,3.09,B+,Medium Risk
ID04666,Female,18,Economics,82.6,7.9,2.96,9.2,15,3.35,A,Low Risk
ID04667,Male,21,Engineering,68.2,6.4,2.21,8.0,7,2.56,C+,Medium Risk
ID04668,Female,21,Psychology,100.0,5.3,3.55,6.7,17,3.64,A,Low Risk
ID04669,Female,22,Psychology,81.4,2.0,3.21,7.8,10,3.63,A,Low Risk
ID04670,Female,22,Psychology,77.9,5.7,3.49,6.8,12,3.75,A+,Low Risk
ID04671,Male,24,Economics,58.9,4.7,1.69,6.5,11,1.57,D,High Risk
ID04672,Female,22,Business,90.1,13.1,3.08,5.9,6,3.72,A+,Low Risk
ID04673,Female,18,Psychology,87.2,1.4,2.67,5.9,13,2.76,B,Medium Risk
ID04674,Male,20,Economics,62.3,3.4,3.85,7.6,9,3.69,A,Low Risk
ID04675,Male,23,Economics,91.8,2.5,3.41,8.6,12,3.54,A,Low Risk
ID04676,Female,24,Computer Science,77.5,4.8,3.22,6.5,6,3.46,A,Low Risk
ID04677,Male,24,Mathematics,100.0,1.3,2.88,5.8,3,3.11,B+,Medium Risk
ID04678,Female,24,Psychology,76.5,5.9,3.3,8.4,8,3.47,A,Low Risk
ID04679,Female,22,Mathematics,78.5,1.3,2.64,7.1,8,2.44,C+,Medium Risk
ID04680,Female,22,Business,71.9,4.8,3.05,4.0,8,2.92,B,Low Risk
ID04681,Male,18,Economics,100.0,3.1,2.81,5.9,9,3.08,B+,Low Risk
ID04682,Male,23,Psychology,79.4,2.2,4.0,7.7,10,4.0,A+,Low Risk
ID04683,Female,18,Engineering,74.1,1.8,3.83,5.8,8,3.55,A,Medium Risk
ID04684,Male,23,Business,95.6,2.5,3.63,7.1,11,3.99,A+,Low Risk
ID04685,Female,18,Computer Science,64.3,3.1,2.35,5.1,8,2.21,C,Medium Risk
ID04686,Male,20,Computer Science,94.4,3.8,3.53,6.4,6,4.0,A+,Low Risk
ID04687,Male,22,Mathematics,100.0,4.1,3.19,5.4,10,3.39,A,Low Risk
ID04688,Male,19,Economics,93.5,3.4,3.71,5.2,6,3.82,A+,Low Risk
ID04689,Male,19,Mathematics,94.6,3.0,3.26,5.9,5,3.34,A,Low Risk
ID04690,Female,22,Engineering,98.1,9.1,3.1,8.3,12,3.76,A+,Low Risk
ID04691,Male,24,Engineering,100.0,5.7,3.22,7.6,8,3.8,A+,Low Risk
ID04692,Male,22,Computer Science,100.0,1.4,2.2,10.0,9,2.29,C,High Risk
ID04693,Male,22,Psychology,91.6,2.7,2.72,6.1,12,2.9,B,Medium Risk
ID04694,Male,22,Computer Science,98.6,3.6,3.29,8.5,11,3.43,A,Low Risk
ID04695,Male,24,Computer Science,71.7,2.2,3.67,9.8,9,3.48,A,Medium Risk
ID04696,Female,23,Engineering,96.6,3.1,2.82,8.7,6,2.84,B,Low Risk
ID04697,Male,20,Mathematics,69.9,1.5,3.08,8.7,8,2.73,B,Medium Risk
ID04698,Male,19,Engineering,79.5,4.0,2.3,7.2,7,2.52,C+,Medium Risk
ID04699,Male,21,Economics,38.8,10.9,3.83,7.3,6,4.0,A+,Medium Risk
ID04700,Female,19,Engineering,91.0,4.2,3.66,5.6,6,4.0,A+,Low Risk
ID04701,Male,19,Engineering,75.3,4.1,3.43,4.0,4,3.38,A,Low Risk
ID04702,Male,24,Computer Science,100.0,3.4,3.3,7.3,8,3.57,A,Low Risk
ID04703,Female,18,Psychology,90.9,1.7,3.88,5.6,10,3.85,A+,Low Risk
ID04704,Female,22,Computer Science,100.0,9.6,2.7,6.4,11,3.35,A,Low Risk
ID04705,Male,22,Business,68.7,4.4,2.64,5.8,7,2.71,B,Medium Risk
ID04706,Male,22,Engineering,100.0,5.3,3.63,7.5,7,3.92,A+,Low Risk
ID04707,Female,18,Engineering,100.0,3.0,3.6,6.7,8,3.86,A+,Low Risk
ID04708,Male,24,Business,96.5,5.4,2.5,8.9,18,2.69,C+,Low Risk
ID04709,Female,20,Engineering,96.9,9.6,2.83,5.9,12,3.5,A,Low Risk
ID04710,Female,20,Engineering,87.5,7.8,3.94,7.3,6,4.0,A+,Low Risk
ID04711,Male,24,Economics,77.1,0.1,3.31,6.7,7,2.98,B,Medium Risk
ID04712,Male,21,Engineering,96.4,7.6,3.49,6.6,9,3.89,A+,Low Risk
ID04713,Male,20,Business,62.4,2.0,2.52,6.9,11,2.39,C+,Medium Risk
ID04714,Female,24,Computer Science,78.7,2.1,3.43,9.3,9,3.21,B+,Low Risk
ID04715,Male,20,Engineering,58.4,1.5,2.39,8.3,4,1.77,D,High Risk
ID04716,Male,22,Psychology,74.4,2.0,2.11,6.3,10,1.98,D,High Risk
ID04717,Female,23,Business,94.6,4.8,3.46,6.1,9,3.82,A+,Low Risk
ID04718,Female,24,Mathematics,92.6,4.1,3.82,5.8,8,3.89,A+,Low Risk
ID04719,Male,19,Economics,85.8,5.5,2.97,7.2,3,3.36,A,Low Risk
ID04720,Female,20,Business,87.6,3.8,2.83,4.7,11,3.07,B+,Low Risk
ID04721,Male,20,Computer Science,56.7,2.0,3.96,6.7,7,3.43,A,Medium Risk
ID04722,Male,18,Business,79.4,5.8,3.0,7.6,6,3.21,B+,Low Risk
ID04723,Male,21,Mathematics,74.8,3.2,3.07,5.9,8,2.81,B,Low Risk
ID04724,Male,23,Economics,75.1,5.9,3.95,7.1,11,4.0,A+,Low Risk
ID04725,Male,18,Psychology,94.0,4.4,2.92,7.4,10,3.49,A,Low Risk
ID04726,Male,22,Mathematics,72.1,4.0,2.77,4.4,7,2.54,C+,Medium Risk
ID04727,Female,19,Business,75.9,10.6,3.51,7.3,9,3.8,A+,Low Risk
ID04728,Female,21,Mathematics,53.7,1.0,2.74,6.3,4,2.19,C,High Risk
ID04729,Female,18,Business,80.6,1.0,3.03,9.8,5,3.08,B+,Medium Risk
ID04730,Male,24,Psychology,68.7,2.5,2.44,7.3,10,2.55,C+,Medium Risk
ID04731,Male,20,Psychology,86.2,5.9,3.19,5.6,9,3.71,A+,Low Risk
ID04732,Male,20,Computer Science,70.7,2.7,3.13,4.3,10,3.15,B+,Medium Risk
ID04733,Female,21,Psychology,86.6,3.2,3.58,6.9,9,3.97,A+,Low Risk
ID04734,Female,20,Engineering,82.8,1.1,3.53,9.0,8,3.72,A+,Medium Risk
ID04735,Male,24,Mathematics,100.0,5.8,3.38,6.1,6,3.67,A,Low Risk
ID04736,Male,18,Mathematics,92.5,1.1,3.3,7.5,5,3.4,A,Medium Risk
ID04737,Male,18,Business,57.4,3.0,3.06,8.1,9,2.61,C+,Medium Risk
ID04738,Male,20,Psychology,66.0,0.7,3.4,8.0,4,3.11,B+,Medium Risk
ID04739,Male,20,Computer Science,85.8,6.5,2.54,7.0,5,3.14,B+,Low Risk
ID04740,Female,22,Computer Science,71.1,1.1,1.93,6.0,7,1.74,D,High Risk
ID04741,Female,19,Computer Science,40.5,2.9,3.68,6.6,7,3.2,B+,Medium Risk
ID04742,Male,21,Economics,100.0,2.5,3.44,5.4,8,3.44,A,Low Risk
ID04743,Male,18,Engineering,95.8,5.3,3.04,5.6,10,3.54,A,Low Risk
ID04744,Female,21,Psychology,92.8,4.2,3.64,8.5,5,4.0,A+,Low Risk
ID04745,Male,22,Computer Science,75.9,10.3,2.73,7.5,13,3.28,B+,Low Risk
ID04746,Male,18,Engineering,91.4,1.4,2.75,7.4,7,3.15,B+,Medium Risk
ID04747,Male,22,Mathematics,74.4,7.5,2.68,5.9,7,2.92,B,Medium Risk
ID04748,Male,22,Business,88.1,8.5,3.38,8.8,10,3.77,A+,Low Risk
ID04749,Male,23,Psychology,71.2,10.1,2.31,6.7,10,2.59,C+,Medium Risk
ID04750,Female,20,Psychology,100.0,3.8,2.72,7.2,8,3.02,B+,Low Risk
ID04751,Male,24,Economics,61.4,1.6,3.24,8.7,9,3.18,B+,Medium Risk
ID04752,Male,23,Mathematics,100.0,5.0,2.5,5.9,3,2.97,B,Low Risk
ID04753,Female,21,Psychology,85.6,1.2,2.77,6.0,5,2.96,B,Medium Risk
ID04754,Male,24,Economics,77.7,7.1,1.99,8.6,9,2.02,C,Medium Risk
ID04755,Female,21,Economics,87.5,3.6,3.4,8.2,15,3.53,A,Low Risk
ID04756,Female,20,Economics,96.0,4.6,2.76,7.5,8,3.04,B+,Low Risk
ID04757,Male,24,Psychology,100.0,10.0,2.55,4.0,7,2.9,B,Low Risk
ID04758,Female,23,Psychology,89.7,4.2,2.45,8.9,9,2.6,C+,Medium Risk
ID04759,Male,21,Psychology,71.6,1.6,2.89,6.1,6,2.74,B,Medium Risk
ID04760,Female,23,Engineering,85.8,3.6,2.31,6.1,8,2.75,B,Medium Risk
ID04761,Male,20,Economics,100.0,2.6,4.0,6.7,12,4.0,A+,Low Risk
ID04762,Female,24,Engineering,100.0,4.4,1.91,5.2,4,2.11,C,Medium Risk
ID04763,Female,24,Business,98.6,3.0,2.87,8.8,8,3.11,B+,Low Risk
ID04764,Male,18,Psychology,96.9,2.4,3.15,7.3,13,3.54,A,Low Risk
ID04765,Male,22,Mathematics,95.5,3.7,2.71,8.0,7,3.09,B+,Low Risk
ID04766,Female,22,Computer Science,100.0,1.5,3.21,5.8,9,3.16,B+,Low Risk
ID04767,Female,23,Business,78.2,3.5,2.7,8.5,7,2.52,C+,Low Risk
ID04768,Male,24,Computer Science,64.7,5.2,3.87,9.1,2,3.79,A+,Low Risk
ID04769,Female,21,Computer Science,86.0,8.7,2.54,5.1,10,2.97,B,Low Risk
ID04770,Male,23,Psychology,72.7,2.6,1.92,5.3,8,1.61,D,High Risk
ID04771,Male,23,Mathematics,69.2,11.3,2.45,5.8,8,2.86,B,Medium Risk
ID04772,Male,19,Computer Science,74.2,4.7,3.29,8.4,7,3.26,B+,Low Risk
ID04773,Male,24,Economics,100.0,3.1,3.04,7.3,18,3.2,B+,Low Risk
ID04774,Female,22,Computer Science,87.0,3.3,3.48,6.9,9,3.8,A+,Low Risk
ID04775,Male,24,Business,90.4,3.8,3.35,7.6,11,3.89,A+,Low Risk
ID04776,Female,20,Mathematics,66.7,2.9,2.78,9.9,5,2.76,B,Medium Risk
ID04777,Male,23,Mathematics,57.3,2.4,2.86,4.4,8,2.58,C+,High Risk
ID04778,Male,19,Computer Science,72.7,4.4,2.91,6.5,12,3.17,B+,Medium Risk
ID04779,Male,19,Mathematics,100.0,1.0,4.0,4.0,15,4.0,A+,Medium Risk
ID04780,Male,22,Business,90.0,2.1,3.45,7.8,4,3.76,A+,Low Risk
ID04781,Male,22,Business,94.0,5.8,4.0,8.6,9,4.0,A+,Low Risk
ID04782,Male,22,Business,96.1,0.8,3.52,6.5,7,3.74,A+,Medium Risk
ID04783,Female,20,Economics,76.1,4.8,3.07,8.0,6,2.98,B,Low Risk
ID04784,Male,19,Psychology,100.0,4.0,2.59,4.7,6,2.92,B,Low Risk
ID04785,Male,21,Computer Science,75.5,2.5,3.2,7.7,8,3.35,A,Low Risk
ID04786,Male,20,Mathematics,100.0,2.9,3.07,10.0,11,3.38,A,Low Risk
ID04787,Female,18,Business,91.6,3.7,3.05,6.4,7,3.5,A,Low Risk
ID04788,Female,23,Computer Science,58.2,4.9,3.0,7.6,4,2.63,C+,Medium Risk
ID04789,Male,22,Computer Science,73.8,4.7,2.07,6.1,8,2.25,C,Medium Risk
ID04790,Male,19,Psychology,58.2,7.3,3.73,7.3,10,3.46,A,Medium Risk
ID04791,Male,23,Economics,100.0,4.5,3.07,8.7,5,3.52,A,Low Risk
ID04792,Female,24,Mathematics,84.6,8.1,2.39,7.9,9,3.11,B+,Medium Risk
ID04793,Male,20,Economics,51.6,0.9,3.34,6.8,14,3.13,B+,High Risk
ID04794,Male,18,Mathematics,90.6,7.2,2.67,6.8,12,3.1,B+,Low Risk
ID04795,Male,24,Business,76.9,3.1,3.38,5.2,7,3.3,A,Low Risk
ID04796,Male,20,Business,62.7,4.2,3.54,8.5,7,3.53,A,Low Risk
ID04797,Male,20,Computer Science,100.0,5.5,3.61,8.1,12,3.96,A+,Low Risk
ID04798,Female,21,Mathematics,86.6,1.9,3.02,5.1,6,3.13,B+,Low Risk
ID04799,Male,23,Mathematics,80.6,3.3,2.89,7.3,5,3.4,A,Low Risk
ID04800,Female,21,Economics,79.0,7.6,2.79,5.6,11,3.07,B+,Low Risk
ID04801,Male,20,Business,62.3,8.7,2.74,6.3,11,3.07,B+,Medium Risk
ID04802,Male,18,Engineering,65.4,2.5,3.09,8.2,6,3.02,B+,Medium Risk
ID04803,Female,19,Computer Science,100.0,5.3,3.0,8.5,9,3.4,A,Low Risk
ID04804,Male,19,Mathematics,77.9,2.9,2.69,8.1,7,2.63,C+,Medium Risk
ID04805,Female,24,Psychology,85.3,1.3,2.53,6.6,7,2.83,B,Medium Risk
ID04806,Male,23,Psychology,54.3,8.4,3.05,7.7,9,3.15,B+,Medium Risk
ID04807,Male,22,Engineering,65.2,1.9,2.88,5.8,6,2.92,B,Medium Risk
ID04808,Female,22,Business,94.1,13.5,2.53,8.1,10,3.39,A,Low Risk
ID04809,Male,19,Business,90.7,1.5,3.52,7.0,7,3.6,A,Low Risk
ID04810,Female,20,Business,100.0,7.1,3.99,6.3,9,4.0,A+,Low Risk
ID04811,Male,20,Economics,100.0,6.9,3.58,5.9,7,4.0,A+,Low Risk
ID04812,Female,21,Psychology,81.5,2.9,2.74,8.0,9,2.94,B,Medium Risk
ID04813,Male,23,Business,92.1,4.6,3.07,6.8,11,3.44,A,Low Risk
ID04814,Male,21,Psychology,80.3,3.0,3.87,6.3,10,4.0,A+,Low Risk
ID04815,Female,22,Engineering,100.0,2.2,2.51,6.3,9,2.67,C+,Medium Risk
ID04816,Female,19,Computer Science,100.0,5.0,3.49,5.1,14,3.72,A+,Low Risk
ID04817,Female,24,Economics,87.5,6.3,2.38,7.2,10,3.01,B+,Medium Risk
ID04818,Female,20,Mathematics,88.0,2.4,3.94,7.4,8,4.0,A+,Low Risk
ID04819,Female,19,Engineering,100.0,8.4,2.88,4.8,7,3.5,A,Low Risk
ID04820,Male,18,Psychology,93.7,4.5,4.0,5.4,3,4.0,A+,Low Risk
ID04821,Male,19,Engineering,100.0,3.8,3.96,4.5,3,4.0,A+,Low Risk
ID04822,Male,18,Mathematics,52.1,3.9,3.05,8.8,3,2.75,B,Medium Risk
ID04823,Male,21,Economics,91.9,8.3,2.74,7.9,6,3.36,A,Low Risk
ID04824,Male,21,Computer Science,77.3,3.2,3.2,8.7,12,3.3,A,Low Risk
ID04825,Male,22,Mathematics,100.0,3.3,3.01,9.4,2,3.04,B+,Low Risk
ID04826,Male,19,Economics,100.0,8.2,2.9,7.7,9,3.54,A,Low Risk
ID04827,Female,19,Psychology,85.5,8.5,2.27,6.9,8,2.98,B,Medium Risk
ID04828,Male,18,Mathematics,100.0,6.8,2.84,7.3,6,3.37,A,Low Risk
ID04829,Male,21,Engineering,100.0,1.6,2.54,6.0,8,2.96,B,Medium Risk
ID04830,Male,18,Business,86.1,11.1,3.38,5.8,3,3.95,A+,Low Risk
ID04831,Female,21,Engineering,100.0,4.2,3.6,6.4,8,4.0,A+,Low Risk
ID04832,Female,18,Psychology,84.5,3.7,3.47,6.6,9,3.88,A+,Low Risk
ID04833,Female,21,Computer Science,81.8,6.8,3.27,4.5,9,3.47,A,Low Risk
ID04834,Male,18,Mathematics,98.0,4.8,2.67,5.1,2,2.98,B,Low Risk
ID04835,Male,24,Computer Science,79.7,3.0,3.2,5.1,9,3.0,B+,Low Risk
ID04836,Male,21,Psychology,86.3,9.2,3.5,5.0,8,4.0,A+,Low Risk
ID04837,Male,23,Mathematics,100.0,3.7,2.81,8.0,13,3.3,A,Low Risk
ID04838,Male,18,Economics,85.3,4.2,3.16,6.5,8,3.57,A,Low Risk
ID04839,Male,19,Economics,59.6,9.2,3.03,6.7,3,3.08,B+,Medium Risk
ID04840,Male,22,Engineering,90.5,6.6,3.93,7.6,9,4.0,A+,Low Risk
ID04841,Female,23,Engineering,74.6,5.6,3.53,8.2,10,3.57,A,Low Risk
ID04842,Female,23,Psychology,98.0,2.9,3.4,7.7,11,3.67,A,Low Risk
ID04843,Male,18,Economics,95.4,5.0,2.24,9.5,10,2.49,C+,Medium Risk
ID04844,Male,22,Mathematics,100.0,5.2,3.19,7.1,12,3.68,A,Low Risk
ID04845,Male,19,Economics,98.6,5.1,3.02,7.3,6,3.54,A,Low Risk
ID04846,Male,23,Engineering,100.0,3.8,3.02,6.1,6,3.33,A,Low Risk
ID04847,Female,19,Psychology,75.0,2.4,2.32,4.2,7,2.01,C,Medium Risk
ID04848,Male,21,Economics,97.1,7.1,2.56,7.1,6,3.08,B+,Low Risk
ID04849,Female,24,Psychology,100.0,2.8,3.07,8.3,7,3.29,B+,Low Risk
ID04850,Male,22,Economics,74.7,4.0,3.66,5.9,6,3.6,A,Low Risk
ID04851,Female,24,Computer Science,100.0,0.6,2.8,6.2,7,2.92,B,Medium Risk
ID04852,Male,20,Economics,76.8,6.5,2.9,8.4,10,3.13,B+,Low Risk
ID04853,Female,21,Engineering,72.2,2.1,3.99,6.9,7,3.94,A+,Medium Risk
ID04854,Male,22,Mathematics,89.4,5.2,2.95,5.6,12,3.38,A,Low Risk
ID04855,Female,18,Engineering,95.7,1.7,3.04,5.6,11,3.23,B+,Low Risk
ID04856,Male,24,Engineering,98.7,3.5,3.04,8.0,9,3.48,A,Low Risk
ID04857,Male,18,Engineering,70.6,3.3,2.43,6.8,10,2.6,C+,Medium Risk
ID04858,Female,19,Psychology,91.5,2.1,3.39,6.8,11,3.54,A,Low Risk
ID04859,Female,23,Business,74.7,4.6,2.77,4.9,6,2.88,B,Medium Risk
ID04860,Female,24,Business,62.7,1.4,3.08,7.7,6,3.09,B+,Medium Risk
ID04861,Female,20,Computer Science,71.1,6.0,3.32,8.5,4,3.39,A,Low Risk
ID04862,Female,18,Engineering,73.7,6.2,4.0,6.5,3,4.0,A+,Low Risk
ID04863,Male,22,Business,92.8,2.3,2.44,7.6,18,2.33,C+,Medium Risk
ID04864,Male,24,Computer Science,100.0,8.2,3.53,6.4,4,4.0,A+,Low Risk
ID04865,Male,24,Psychology,62.9,3.6,3.53,7.9,5,3.51,A,Low Risk
ID04866,Female,23,Engineering,90.3,2.0,2.78,7.7,2,3.19,B+,Medium Risk
ID04867,Male,23,Mathematics,67.3,1.1,3.4,6.4,6,3.34,A,Medium Risk
ID04868,Male,22,Psychology,94.4,0.3,3.92,4.0,10,3.9,A+,Medium Risk
ID04869,Female,23,Computer Science,75.7,7.9,2.72,5.8,11,2.72,B,Low Risk
ID04870,Female,18,Psychology,69.2,2.5,3.22,7.5,6,3.27,B+,Medium Risk
ID04871,Male,22,Mathematics,97.0,3.2,3.3,8.3,7,3.58,A,Low Risk
ID04872,Male,22,Psychology,76.2,3.0,3.37,6.1,9,3.31,A,Low Risk
ID04873,Male,19,Computer Science,80.3,6.9,3.48,9.0,13,3.74,A+,Low Risk
ID04874,Male,20,Mathematics,51.7,5.4,3.18,9.2,7,2.99,B,Medium Risk
ID04875,Male,24,Mathematics,99.2,4.3,3.36,8.0,10,3.63,A,Low Risk
ID04876,Female,19,Psychology,97.3,1.5,2.64,5.3,10,2.91,B,Medium Risk
ID04877,Female,20,Mathematics,85.1,9.4,3.18,8.1,11,3.79,A+,Low Risk
ID04878,Female,22,Psychology,62.1,5.4,2.86,6.2,8,3.14,B+,Medium Risk
ID04879,Male,24,Engineering,100.0,5.5,2.49,6.1,6,3.11,B+,Medium Risk
ID04880,Female,23,Mathematics,75.0,1.7,2.85,7.7,10,2.72,B,Medium Risk
ID04881,Male,20,Psychology,78.2,1.9,3.23,7.6,7,3.18,B+,Low Risk
ID04882,Male,22,Engineering,100.0,4.2,3.32,7.7,6,3.64,A,Low Risk
ID04883,Female,22,Mathematics,74.4,4.2,2.47,8.0,4,2.36,C+,Medium Risk
ID04884,Male,19,Engineering,96.1,2.1,2.63,6.9,6,2.85,B,Medium Risk
ID04885,Male,19,Economics,93.4,1.7,3.46,4.8,6,3.57,A,Low Risk
ID04886,Female,23,Mathematics,90.9,2.8,3.35,10.0,4,3.41,A,Low Risk
ID04887,Male,21,Economics,89.2,3.3,3.54,6.4,9,4.0,A+,Low Risk
ID04888,Female,18,Computer Science,90.6,1.5,3.78,5.9,3,3.82,A+,Low Risk
ID04889,Male,21,Computer Science,89.1,5.5,3.37,5.2,6,3.8,A+,Low Risk
ID04890,Female,21,Psychology,84.2,5.7,2.89,7.2,2,3.16,B+,Low Risk
ID04891,Male,24,Business,100.0,5.2,3.16,7.1,5,3.38,A,Low Risk
ID04892,Male,24,Economics,65.3,1.6,3.93,6.8,10,4.0,A+,Medium Risk
ID04893,Female,23,Economics,100.0,2.7,4.0,9.2,13,4.0,A+,Low Risk
ID04894,Male,24,Computer Science,97.3,6.2,3.33,8.0,12,3.9,A+,Low Risk
ID04895,Male,20,Economics,95.5,4.4,3.37,5.5,13,3.68,A,Low Risk
ID04896,Male,23,Business,100.0,8.3,3.46,10.0,6,3.91,A+,Low Risk
ID04897,Male,23,Engineering,83.6,7.6,3.11,4.7,11,3.35,A,Low Risk
ID04898,Male,22,Engineering,57.0,3.9,3.68,6.8,10,3.36,A,Medium Risk
ID04899,Male,22,Business,83.9,2.7,3.6,5.9,8,3.95,A+,Low Risk
ID04900,Female,22,Economics,70.1,6.0,3.28,7.6,8,3.59,A,Low Risk
ID04901,Male,18,Economics,74.0,6.3,2.94,8.0,9,3.14,B+,Medium Risk
ID04902,Male,20,Economics,66.4,6.8,2.34,6.4,9,2.56,C+,Medium Risk
ID04903,Male,20,Psychology,77.8,4.4,3.47,8.6,6,3.41,A,Low Risk
ID04904,Male,22,Mathematics,76.1,2.5,3.21,7.3,12,3.3,A,Low Risk
ID04905,Female,21,Business,49.3,5.2,2.73,9.2,2,2.59,C+,Medium Risk
ID04906,Male,18,Business,95.5,5.3,2.54,8.4,7,2.95,B,Low Risk
ID04907,Female,21,Business,100.0,5.9,3.43,6.3,10,3.89,A+,Low Risk
ID04908,Male,19,Business,94.1,2.9,2.3,8.6,7,2.55,C+,Medium Risk
ID04909,Female,20,Business,82.0,0.9,3.25,6.0,10,3.33,A,Medium Risk
ID04910,Male,20,Economics,84.2,5.2,3.52,7.9,6,4.0,A+,Low Risk
ID04911,Female,21,Psychology,78.7,1.4,3.37,7.8,10,3.46,A,Medium Risk
ID04912,Female,18,Computer Science,86.4,6.2,2.9,6.2,5,3.54,A,Low Risk
ID04913,Male,20,Economics,84.4,4.3,2.48,4.0,7,2.61,C+,Medium Risk
ID04914,Male,21,Economics,72.4,2.6,3.39,9.2,9,3.33,A,Medium Risk
ID04915,Male,23,Mathematics,100.0,8.1,3.7,7.6,7,4.0,A+,Low Risk
ID04916,Female,23,Computer Science,62.7,3.1,2.81,7.0,3,2.76,B,Medium Risk
ID04917,Male,24,Business,95.8,4.3,3.35,7.0,5,3.86,A+,Low Risk
ID04918,Male,18,Computer Science,83.5,2.8,3.89,8.5,7,4.0,A+,Low Risk
ID04919,Female,21,Psychology,100.0,4.1,3.27,10.0,7,3.61,A,Low Risk
ID04920,Male,24,Engineering,90.1,5.4,2.9,8.4,9,3.03,B+,Low Risk
ID04921,Female,23,Economics,79.6,3.0,3.62,7.6,9,3.82,A+,Low Risk
ID04922,Female,18,Computer Science,81.3,3.5,2.73,7.4,4,3.14,B+,Low Risk
ID04923,Female,24,Mathematics,85.6,6.1,2.45,7.5,9,3.09,B+,Medium Risk
ID04924,Female,22,Psychology,67.9,1.0,3.51,5.5,10,3.14,B+,Medium Risk
ID04925,Male,18,Engineering,73.5,6.4,2.9,7.9,6,3.15,B+,Medium Risk
ID04926,Male,19,Psychology,58.2,7.1,2.94,5.0,5,2.84,B,Medium Risk
ID04927,Male,22,Business,71.2,2.0,2.79,7.7,11,2.57,C+,Medium Risk
ID04928,Male,24,Engineering,86.4,1.2,2.86,6.3,8,2.9,B,Medium Risk
ID04929,Female,21,Mathematics,89.5,1.6,3.8,8.3,10,4.0,A+,Low Risk
ID04930,Female,22,Engineering,55.3,2.2,3.93,7.6,8,3.71,A+,Medium Risk
ID04931,Male,22,Mathematics,82.9,1.8,4.0,6.5,10,4.0,A+,Low Risk
ID04932,Male,24,Business,93.5,5.6,3.65,5.5,7,4.0,A+,Low Risk
ID04933,Female,21,Mathematics,82.6,3.7,3.33,9.2,8,3.46,A,Low Risk
ID04934,Male,21,Psychology,75.5,4.8,2.38,6.9,5,2.66,C+,Medium Risk
ID04935,Male,23,Computer Science,78.8,6.7,3.01,9.6,5,3.0,B+,Low Risk
ID04936,Male,19,Psychology,76.9,6.0,4.0,5.2,7,4.0,A+,Low Risk
ID04937,Female,21,Economics,75.4,9.1,2.88,6.6,9,3.2,B+,Low Risk
ID04938,Female,20,Psychology,87.6,7.5,3.86,4.0,7,4.0,A+,Low Risk
ID04939,Female,20,Engineering,100.0,0.4,3.13,8.1,10,3.37,A,Medium Risk
ID04940,Female,19,Business,73.8,3.4,1.76,8.3,6,1.72,D,High Risk
ID04941,Male,18,Economics,80.2,5.2,3.42,6.1,6,3.67,A,Low Risk
ID04942,Male,24,Economics,84.2,9.3,3.73,6.0,10,4.0,A+,Low Risk
ID04943,Female,18,Economics,74.7,3.1,3.08,6.4,2,3.19,B+,Low Risk
ID04944,Male,20,Computer Science,100.0,5.4,3.72,6.6,13,4.0,A+,Low Risk
ID04945,Female,21,Mathematics,49.4,10.8,2.27,6.2,12,2.25,C,High Risk
ID04946,Female,19,Engineering,77.0,5.8,2.41,8.6,9,2.48,C+,Medium Risk
ID04947,Female,18,Business,97.3,2.0,3.2,6.3,10,3.37,A,Low Risk
ID04948,Female,18,Computer Science,80.6,1.2,3.34,4.2,11,3.46,A,Medium Risk
ID04949,Female,24,Psychology,72.7,2.3,3.78,6.6,10,3.67,A,Medium Risk
ID04950,Female,22,Business,91.6,3.6,3.42,6.2,8,3.75,A+,Low Risk
ID04951,Male,20,Economics,98.6,10.3,2.5,5.0,12,3.2,B+,Low Risk
ID04952,Male,21,Business,88.2,7.0,3.21,7.3,5,3.59,A,Low Risk
ID04953,Male,19,Business,73.0,3.1,3.4,4.1,8,3.11,B+,Low Risk
ID04954,Female,18,Psychology,91.8,2.1,2.16,7.6,4,2.28,C,Medium Risk
ID04955,Male,24,Mathematics,79.0,2.1,3.08,7.0,11,3.17,B+,Low Risk
ID04956,Female,22,Engineering,96.2,12.0,2.93,6.2,10,3.65,A,Low Risk
ID04957,Male,20,Economics,100.0,1.9,2.77,5.3,5,3.01,B+,Medium Risk
ID04958,Female,20,Mathematics,45.9,6.3,3.35,4.8,9,2.93,B,Medium Risk
ID04959,Male,24,Computer Science,86.7,6.1,2.53,8.3,10,2.74,B,Low Risk
ID04960,Female,19,Economics,59.0,3.4,3.31,6.6,9,3.06,B+,Medium Risk
ID04961,Male,18,Engineering,100.0,1.8,3.38,4.5,9,3.61,A,Low Risk
ID04962,Male,19,Computer Science,78.0,5.2,3.64,7.0,10,3.87,A+,Low Risk
ID04963,Male,24,Psychology,96.2,9.8,2.54,6.6,5,3.24,B+,Low Risk
ID04964,Female,24,Mathematics,84.5,1.7,2.35,9.1,8,2.59,C+,Medium Risk
ID04965,Male,19,Economics,73.0,4.2,3.24,6.4,8,3.17,B+,Low Risk
ID04966,Male,23,Business,71.2,5.9,2.96,8.5,3,3.07,B+,Medium Risk
ID04967,Female,22,Engineering,100.0,9.5,4.0,6.7,8,4.0,A+,Low Risk
ID04968,Female,20,Economics,99.3,1.0,3.33,5.2,12,3.6,A,Medium Risk
ID04969,Female,23,Business,100.0,5.5,3.13,7.7,10,3.6,A,Low Risk
ID04970,Male,21,Economics,85.8,9.4,3.01,8.8,3,3.55,A,Low Risk
ID04971,Male,20,Computer Science,89.3,6.3,2.49,8.4,8,2.89,B,Medium Risk
ID04972,Female,20,Business,81.0,2.7,3.38,7.5,6,3.8,A+,Low Risk
ID04973,Male,22,Business,80.7,4.3,3.06,8.5,8,3.13,B+,Low Risk
ID04974,Female,21,Economics,69.4,6.9,3.06,7.3,3,3.4,A,Low Risk
ID04975,Male,18,Psychology,86.3,7.2,3.15,7.1,11,3.47,A,Low Risk
ID04976,Male,21,Psychology,73.2,6.3,3.21,4.8,9,3.31,A,Low Risk
ID04977,Male,18,Mathematics,91.6,4.5,2.23,7.3,9,2.61,C+,Medium Risk
ID04978,Male,21,Computer Science,87.6,3.8,3.52,9.3,7,3.71,A+,Low Risk
ID04979,Male,19,Psychology,89.3,7.5,2.68,4.5,6,2.96,B,Low Risk
ID04980,Male,24,Economics,100.0,5.3,3.03,5.0,13,3.19,B+,Low Risk
ID04981,Female,21,Psychology,84.4,4.4,3.74,6.5,11,4.0,A+,Low Risk
ID04982,Male,23,Mathematics,96.4,2.5,3.99,5.0,7,4.0,A+,Low Risk
ID04983,Female,23,Engineering,100.0,2.4,2.25,8.0,7,2.59,C+,Medium Risk
ID04984,Female,22,Mathematics,100.0,3.9,3.12,4.4,5,3.56,A,Low Risk
ID04985,Female,24,Business,100.0,5.7,3.24,8.0,7,3.75,A+,Low Risk
ID04986,Male,24,Business,80.4,5.5,2.35,8.5,7,2.51,C+,Medium Risk
ID04987,Female,18,Psychology,88.4,5.3,3.5,8.0,9,3.93,A+,Low Risk
ID04988,Female,20,Psychology,65.2,4.2,3.16,7.0,6,3.35,A,Low Risk
ID04989,Female,22,Mathematics,92.5,7.1,3.2,7.8,9,3.89,A+,Low Risk
ID04990,Female,23,Mathematics,89.1,7.9,2.64,5.3,12,3.18,B+,Low Risk
ID04991,Female,23,Economics,85.4,1.9,3.31,7.4,7,3.48,A,Low Risk
ID04992,Female,18,Computer Science,100.0,2.8,3.52,6.1,11,3.71,A+,Low Risk
ID04993,Male,23,Economics,66.9,11.8,3.16,8.3,7,3.61,A,Low Risk
ID04994,Female,23,Business,100.0,3.7,2.84,8.1,7,3.18,B+,Low Risk
ID04995,Male,18,Economics,98.5,3.8,2.88,5.8,7,3.11,B+,Low Risk
ID04996,Female,23,Mathematics,83.9,2.4,3.21,7.5,8,3.31,A,Low Risk
ID04997,Male,20,Economics,82.8,7.2,3.12,7.6,7,3.7,A+,Low Risk
ID04998,Male,19,Engineering,92.2,13.5,3.55,6.3,6,4.0,A+,Low Risk
ID04999,Female,22,Computer Science,100.0,2.4,2.86,7.0,6,2.93,B,Medium Risk
ID05000,Female,20,Mathematics,86.5,7.4,2.49,7.8,4,3.07,B+,Medium Risk
